order_id,menu_item_id,quantity
1,12,3
2,22,1
2,14,2
2,1,1
3,26,2
3,16,1
3,2,3
4,18,2
5,33,3
6,15,1
6,2,3
6,35,2
6,21,2
7,15,2
7,34,3
8,24,3
8,2,2
8,27,3
9,21,1
9,22,1
9,3,2
10,13,2
10,4,2
11,36,2
11,31,2
11,14,1
11,21,2
12,28,3
13,1,3
13,12,2
13,37,1
14,35,2
15,38,3
15,37,1
15,20,1
15,30,2
16,23,1
17,12,1
17,6,2
17,2,3
18,27,2
18,20,2
18,0,3
19,19,2
19,16,2
19,27,3
20,3,1
20,20,2
20,35,1
21,21,2
21,8,3
21,11,3
22,34,3
22,27,1
22,4,1
22,33,1
23,4,2
23,11,3
24,19,2
25,23,1
26,24,2
27,20,2
28,11,1
28,22,2
29,9,3
29,35,2
29,24,1
29,1,3
30,0,1
30,17,2
30,14,3
31,19,2
31,21,2
32,16,3
32,29,1
32,1,3
33,29,1
33,5,2
34,11,3
34,20,1
34,16,1
35,8,3
36,34,3
37,2,2
37,31,3
38,33,2
39,19,1
39,9,1
39,0,1
39,3,1
40,37,1
40,3,2
40,25,3
40,26,3
41,31,2
41,21,3
41,1,2
41,16,2
42,5,1
42,20,3
43,12,3
43,33,1
44,12,1
44,8,3
44,13,1
44,0,3
45,2,2
46,8,3
46,4,3
46,17,1
47,10,2
47,8,3
47,30,2
47,16,2
48,18,3
48,0,1
48,21,3
49,9,1
50,38,3
50,0,1
50,14,2
51,1,3
51,17,2
51,3,3
51,14,1
52,8,3
52,28,1
53,18,3
53,6,2
53,3,1
54,15,3
55,25,2
55,19,3
56,5,2
56,35,2
57,32,2
57,29,2
57,7,2
58,23,1
58,8,3
59,26,3
59,36,2
60,30,3
60,6,3
61,4,3
61,28,2
61,16,3
62,16,2
62,11,2
62,21,1
62,20,3
63,0,2
64,0,1
64,7,1
64,25,2
65,19,3
66,24,3
66,8,3
67,24,3
67,7,1
67,21,1
67,38,2
68,0,1
68,19,1
68,28,1
69,29,1
70,11,2
70,28,3
70,36,2
71,17,2
71,27,1
72,28,2
72,8,1
72,19,2
72,22,1
73,3,3
73,5,3
73,30,3
74,6,3
75,33,2
75,30,3
75,4,1
76,33,1
77,21,1
78,11,1
78,17,1
78,16,3
78,37,2
79,0,2
79,37,1
79,33,1
80,17,1
80,27,1
80,26,3
80,8,1
81,12,3
81,10,1
82,33,2
82,23,2
82,0,3
82,26,3
83,19,3
83,18,2
83,38,3
83,2,3
84,18,2
85,4,3
85,32,1
85,0,1
86,1,1
86,32,2
86,27,1
87,23,3
87,3,2
87,37,1
87,19,1
88,34,1
88,16,3
89,0,2
89,27,3
89,2,3
90,7,1
90,17,3
91,13,1
91,16,2
92,10,2
92,16,2
93,2,2
93,12,2
93,9,1
94,11,1
95,30,1
96,7,3
96,20,3
96,8,2
97,5,2
97,14,2
97,21,3
98,8,1
98,17,2
98,22,2
99,37,2
99,9,2
99,0,2
99,10,1
100,35,1
101,32,3
101,1,1
101,4,1
101,19,3
102,36,1
103,0,1
103,38,2
104,23,2
104,4,1
105,20,2
105,17,3
105,21,2
105,7,2
106,14,2
107,22,1
107,6,3
108,30,1
108,32,3
108,34,1
108,0,3
109,25,1
109,12,2
109,20,2
110,36,2
110,19,2
110,28,2
111,33,1
111,38,3
111,34,2
111,16,3
112,0,2
113,37,2
113,36,1
113,33,1
114,16,1
115,31,2
115,17,2
115,18,2
115,19,2
116,1,3
117,1,2
117,18,1
118,4,2
118,18,2
118,38,1
119,28,2
119,26,2
119,6,2
119,9,2
120,35,2
120,32,3
120,27,1
121,18,3
121,37,2
121,22,2
122,6,2
122,17,2
122,7,2
123,28,3
124,15,3
125,11,3
125,37,3
126,32,2
127,29,1
128,20,2
128,14,2
128,34,1
129,27,3
129,18,1
129,6,2
129,25,1
130,27,3
130,21,3
131,3,2
132,1,1
132,6,3
132,10,2
132,2,3
133,21,2
133,32,2
133,10,3
134,14,1
134,16,1
134,30,1
135,12,3
135,3,1
136,30,1
137,36,3
137,35,2
137,37,2
138,11,3
138,37,3
138,19,2
138,16,1
139,13,1
140,6,3
141,36,1
141,15,2
142,10,1
142,38,2
142,18,1
142,31,1
143,32,1
143,36,3
143,27,3
144,3,3
144,33,1
144,5,1
144,4,1
145,19,3
145,25,3
145,34,2
145,9,2
146,29,2
146,28,2
146,31,2
146,25,3
147,25,3
147,16,1
148,27,1
148,20,3
148,29,3
149,11,1
149,5,3
149,3,2
150,20,1
151,24,1
151,14,2
152,2,2
152,38,1
152,37,1
152,1,2
153,23,1
153,15,3
153,14,3
153,3,3
154,20,3
154,17,1
155,5,2
155,1,2
156,8,1
157,35,3
158,11,3
158,19,2
158,31,3
158,25,1
159,33,1
159,11,1
160,37,2
160,23,3
161,4,3
161,7,3
162,33,3
162,7,2
163,25,2
163,31,3
163,28,1
163,12,3
164,4,1
165,32,3
165,34,1
166,3,3
166,6,1
167,35,2
167,3,3
168,3,2
168,6,1
169,25,3
169,29,1
169,13,1
169,38,2
170,12,3
171,15,2
171,37,3
171,26,1
171,23,3
172,15,1
172,37,2
172,29,3
172,14,1
173,7,3
173,34,3
173,30,3
173,23,2
174,32,1
175,17,1
175,23,3
176,22,2
176,10,2
177,21,1
177,17,1
178,14,1
179,25,3
179,26,2
180,15,1
180,28,2
180,35,3
181,21,1
181,4,1
181,3,3
181,33,1
182,0,1
182,14,1
183,10,3
183,11,3
184,31,3
185,21,2
185,36,3
186,16,3
186,37,1
187,7,3
188,6,1
188,0,3
188,13,1
188,35,1
189,11,1
190,5,1
190,17,3
190,36,2
191,8,2
191,0,2
191,12,2
192,8,2
193,22,3
193,19,2
194,14,1
195,13,2
195,6,2
195,23,2
195,30,3
196,4,2
196,38,3
197,33,2
197,10,1
198,14,2
198,37,2
199,17,1
199,1,2
199,24,2
199,5,1
200,10,2
201,31,1
202,32,2
202,11,1
202,1,3
202,6,2
203,36,3
203,29,3
203,37,1
204,25,1
204,5,3
204,12,1
205,13,3
205,22,3
206,0,2
206,15,1
206,21,2
207,18,2
207,7,1
207,16,1
208,31,3
208,13,2
208,34,3
208,26,2
209,1,2
209,37,3
209,11,3
209,14,1
210,21,1
210,22,3
210,8,2
210,34,1
211,8,1
211,12,2
212,23,3
213,7,2
213,2,3
213,35,1
213,29,3
214,0,3
215,21,1
215,10,3
215,23,1
215,15,3
216,33,2
216,30,2
216,29,3
217,6,3
217,1,2
217,22,1
217,11,2
218,36,3
219,21,3
219,15,1
219,4,1
220,11,1
220,22,1
221,24,2
221,5,1
222,16,3
222,29,3
222,24,3
223,5,1
223,2,2
223,38,3
224,16,1
224,2,3
224,32,3
224,24,2
225,9,3
225,1,1
226,9,1
227,27,3
227,11,3
227,1,2
227,36,2
228,22,3
228,20,2
228,30,3
228,23,3
229,10,2
229,9,3
229,8,3
229,1,1
230,27,2
230,5,1
231,36,2
232,4,2
232,1,2
232,28,1
233,24,2
233,0,3
233,33,2
233,32,2
234,31,1
234,17,1
235,8,1
235,34,1
236,1,1
237,18,1
238,13,3
239,22,3
239,12,3
239,15,3
239,25,1
240,31,1
241,2,3
242,23,2
242,12,2
242,16,1
242,6,3
243,2,3
243,14,2
243,32,1
243,22,2
244,21,1
244,16,1
244,24,2
244,34,2
245,31,2
245,33,3
246,30,2
247,10,1
247,19,2
248,14,3
248,22,1
248,4,2
249,12,1
249,14,3
249,15,1
249,22,2
250,6,2
250,17,1
250,33,3
250,16,3
251,34,1
251,23,2
251,9,3
252,14,2
252,31,2
253,22,2
253,17,2
253,31,2
253,32,1
254,36,1
254,0,1
254,7,1
255,14,2
255,29,2
255,10,3
255,20,2
256,14,2
256,21,1
257,37,1
257,38,2
257,33,3
257,25,3
258,38,3
258,27,3
258,0,3
259,6,1
260,27,3
260,19,1
260,7,3
261,15,3
261,18,2
262,21,1
263,24,2
264,13,1
265,16,1
265,27,3
265,26,2
265,4,2
266,36,2
267,33,3
267,34,1
267,5,3
267,12,1
268,37,2
268,23,2
268,1,3
269,23,1
269,4,1
269,2,1
269,33,2
270,28,2
270,15,2
270,33,1
271,6,3
271,33,3
272,33,1
272,7,2
272,24,2
272,37,3
273,13,2
273,31,3
274,5,2
274,13,3
274,1,1
274,34,1
275,1,3
275,22,2
275,11,1
275,19,2
276,17,1
276,28,3
276,22,2
277,35,3
277,15,1
277,31,2
278,4,1
278,19,2
279,23,1
280,19,2
280,3,2
280,38,2
281,19,3
281,15,2
281,26,2
282,21,1
282,13,3
283,6,3
283,19,3
283,36,3
283,22,3
284,14,1
284,7,2
285,35,3
285,0,2
286,32,2
286,6,2
286,28,2
286,37,1
287,2,1
287,33,3
288,33,3
288,31,1
289,19,1
289,31,2
289,4,3
289,23,3
290,21,2
290,16,3
290,27,1
290,34,1
291,3,1
292,25,2
292,18,2
292,27,3
292,16,1
293,9,1
293,30,1
293,11,2
293,20,2
294,35,3
294,16,2
294,0,2
295,21,3
295,35,3
295,19,2
296,4,2
296,9,2
297,3,3
298,20,1
298,23,3
298,32,2
298,14,2
299,15,2
299,19,3
300,9,1
300,7,1
301,22,1
301,21,1
301,34,3
301,19,1
302,34,1
303,37,2
303,33,2
303,10,1
303,18,3
304,35,1
304,6,3
304,11,3
305,31,2
306,3,3
306,11,3
307,29,2
308,7,1
308,12,1
308,6,3
309,37,1
309,14,2
309,34,2
310,22,3
310,30,2
310,17,2
311,18,1
311,8,1
311,12,1
311,21,2
312,18,2
312,31,1
312,21,1
312,37,2
313,17,1
313,23,2
314,34,3
314,19,1
314,16,1
314,36,2
315,4,1
316,32,2
316,15,1
316,13,3
316,6,2
317,15,3
317,8,3
317,26,1
318,22,3
318,37,3
318,26,3
319,9,3
320,19,1
321,1,3
321,8,2
322,36,2
323,29,2
323,15,1
323,28,1
324,23,1
325,16,3
326,0,1
327,7,1
328,25,2
328,32,3
328,33,1
329,35,2
329,5,1
329,22,2
329,2,2
330,24,3
331,8,3
331,12,3
332,33,2
333,24,1
333,26,3
333,34,3
333,6,2
334,6,3
334,17,3
335,24,3
336,7,2
337,22,1
337,6,2
337,27,2
338,10,1
338,25,3
339,26,1
340,9,1
340,4,3
340,26,3
340,24,3
341,27,2
341,35,1
341,10,3
342,19,2
342,31,2
342,4,2
342,11,3
343,2,2
343,5,1
343,25,1
344,25,2
345,18,3
345,35,2
345,0,3
346,4,3
346,17,3
346,1,2
347,31,1
348,18,3
349,27,3
349,1,3
350,13,3
350,4,2
350,26,2
351,37,1
352,38,3
353,8,3
353,25,3
354,23,3
354,37,1
355,24,1
355,8,3
356,9,1
356,21,3
357,2,2
357,29,3
357,32,1
358,34,3
358,14,3
358,5,2
359,9,1
360,13,1
360,34,1
360,33,2
360,25,1
361,28,2
361,20,3
361,14,2
361,15,3
362,12,1
362,35,1
362,26,1
363,24,1
363,21,1
364,29,2
364,34,1
365,30,2
365,3,2
365,9,1
366,32,2
367,0,2
367,27,1
368,30,1
369,5,3
370,24,3
370,5,2
370,37,1
371,1,2
371,13,1
372,27,3
372,19,1
372,22,1
373,21,3
373,37,1
373,20,3
374,6,3
375,29,2
375,14,2
375,6,1
376,18,1
376,20,1
376,0,3
377,20,3
378,25,1
378,38,3
378,7,2
379,27,1
380,36,1
380,26,2
380,25,1
380,4,3
381,22,1
381,4,2
381,14,2
381,37,1
382,34,1
382,10,2
382,19,3
382,5,2
383,22,1
383,10,3
383,2,1
383,30,3
384,27,2
384,21,2
384,33,3
384,0,2
385,20,2
386,36,3
386,4,3
386,5,1
386,23,3
387,4,3
387,7,3
387,37,3
387,27,1
388,19,1
389,2,1
390,24,1
390,33,1
391,17,2
391,20,1
391,27,2
391,33,2
392,3,1
392,22,3
393,24,1
393,28,1
393,18,1
393,32,2
394,31,3
394,36,1
394,0,2
395,36,2
395,10,1
395,31,3
395,8,2
396,27,2
396,15,3
397,11,3
397,16,1
397,20,1
398,17,3
398,31,2
398,36,1
399,38,3
399,10,3
400,5,2
400,13,1
400,22,3
401,5,1
401,0,2
401,38,2
402,2,2
402,27,3
402,16,1
403,27,3
404,12,3
405,12,1
405,37,1
405,29,2
405,19,2
406,19,3
407,37,3
407,15,1
407,8,1
408,21,1
408,13,3
408,0,1
409,12,2
409,17,2
409,26,3
410,34,3
410,17,1
410,0,3
411,22,3
412,16,1
412,2,2
413,2,2
413,33,2
413,35,3
413,23,2
414,10,1
415,24,3
415,32,1
415,8,1
416,16,1
417,36,3
418,21,1
418,20,2
418,27,3
418,33,3
419,12,1
419,29,1
419,34,2
420,1,2
420,25,2
420,5,1
420,10,1
421,1,1
421,2,3
422,8,1
422,9,2
422,34,2
423,29,2
423,19,2
423,10,1
423,24,3
424,30,3
424,16,1
424,29,3
424,7,2
425,21,3
425,20,1
426,3,3
426,19,1
426,20,1
426,18,3
427,27,2
428,2,3
428,4,3
428,37,1
428,0,2
429,34,3
429,0,1
429,33,2
430,14,1
430,12,2
431,14,1
432,27,2
432,13,2
432,30,3
432,1,2
433,3,1
433,23,3
433,38,3
433,26,3
434,36,2
434,11,1
434,12,2
435,21,1
435,37,3
435,1,1
435,36,3
436,6,1
436,21,1
436,38,1
437,37,3
437,24,2
438,11,1
438,7,2
438,24,3
438,9,2
439,21,3
439,24,1
440,0,1
440,38,3
440,27,2
441,8,3
441,30,3
441,37,2
442,8,1
442,13,2
442,27,3
442,19,3
443,5,2
443,11,3
443,20,3
443,13,1
444,12,2
444,13,3
444,18,1
444,17,1
445,18,1
445,2,3
445,13,3
446,6,1
446,21,3
446,0,2
447,14,2
447,13,2
447,30,3
447,37,2
448,28,3
448,37,1
449,0,2
449,38,1
450,11,3
450,20,3
450,23,3
450,35,3
451,28,1
451,9,3
451,21,2
452,14,2
452,34,1
453,6,1
453,30,3
453,29,1
453,24,3
454,17,3
454,14,1
455,15,1
456,1,2
457,1,2
457,15,3
457,37,2
457,13,3
458,33,3
458,1,3
458,36,2
458,32,1
459,35,1
459,31,1
459,3,2
460,25,3
461,12,3
461,30,1
461,22,1
461,29,3
462,13,3
462,34,1
462,28,1
462,20,3
463,36,1
464,0,2
464,10,2
464,8,1
465,10,1
465,3,2
466,23,2
466,21,2
466,2,3
466,35,3
467,29,1
467,3,1
467,15,3
467,36,1
468,4,1
468,36,3
469,36,3
469,9,1
469,21,1
469,19,1
470,27,2
470,6,2
470,29,1
471,12,3
471,28,3
472,6,3
472,25,3
472,24,1
472,20,3
473,12,2
473,0,2
474,12,3
474,37,3
475,15,3
475,2,2
476,3,1
476,9,2
476,23,2
476,12,3
477,25,3
477,33,1
477,31,2
478,20,2
479,21,2
479,15,2
479,8,1
479,14,1
480,7,2
480,30,2
480,13,3
480,1,1
481,13,3
481,22,1
481,32,2
481,29,1
482,27,2
482,35,3
482,34,1
482,23,3
483,35,2
484,8,1
484,38,1
484,31,3
485,0,2
485,32,1
485,35,2
486,10,3
486,17,3
486,9,3
487,12,2
487,4,1
488,36,3
488,2,3
488,10,2
488,14,2
489,0,2
489,21,1
489,12,1
490,18,2
490,6,1
491,31,1
491,0,2
491,11,3
492,27,2
492,35,2
493,34,3
493,30,1
493,28,3
494,25,2
494,8,1
494,4,1
494,38,1
495,12,2
496,16,2
496,17,2
497,24,1
497,6,1
497,32,3
498,38,1
499,23,2
499,15,2
499,1,2
500,34,3
500,17,3
500,3,3
501,28,3
502,7,1
502,23,2
503,30,2
503,7,2
503,36,1
504,17,2
504,22,2
505,0,3
505,29,2
505,34,2
506,24,2
506,18,2
506,9,2
507,30,2
507,28,1
507,2,2
507,3,2
508,21,1
508,11,3
509,20,1
509,26,3
510,31,2
511,16,1
512,4,3
513,18,2
513,20,3
513,34,2
514,28,2
515,31,1
515,20,3
515,9,2
515,19,3
516,2,1
516,5,1
516,28,1
516,19,3
517,27,3
517,16,1
517,7,3
517,30,2
518,32,2
518,22,3
519,1,1
520,36,1
520,4,3
520,25,1
521,31,1
521,2,3
521,14,3
521,37,3
522,36,2
523,0,1
523,36,2
523,27,2
524,18,1
525,32,3
525,5,3
525,29,3
526,23,2
526,18,2
526,31,2
526,0,2
527,18,3
528,19,3
529,34,1
529,37,2
530,0,1
530,31,1
531,17,2
531,0,2
531,1,3
532,20,1
532,13,1
532,27,2
533,6,1
533,0,3
533,10,2
534,36,2
535,19,2
535,11,3
535,1,2
536,27,1
537,11,1
537,35,3
537,33,1
537,12,3
538,22,2
538,37,3
538,5,3
539,20,2
539,24,2
539,15,1
539,37,2
540,9,2
540,38,2
540,19,2
541,6,3
541,25,2
541,14,1
542,27,3
543,12,2
544,29,3
544,24,3
544,34,1
545,32,2
545,7,3
545,10,1
545,8,2
546,18,3
546,17,2
546,29,1
546,38,1
547,22,2
547,9,2
548,25,3
548,23,1
549,34,3
549,1,2
549,36,2
550,2,1
551,6,3
551,3,2
551,26,1
552,28,3
552,3,1
552,5,1
552,29,2
553,16,1
553,19,1
554,6,2
554,37,2
554,10,3
555,0,2
556,24,2
556,36,3
557,23,2
557,10,1
557,21,3
558,27,2
559,26,2
559,4,3
559,11,1
559,12,2
560,31,1
560,11,3
561,15,3
562,16,3
562,21,3
562,18,3
563,28,3
563,25,1
563,29,1
563,11,3
564,0,3
564,23,2
564,26,1
565,38,2
565,5,3
565,18,3
566,30,1
566,14,3
566,38,3
567,1,3
567,5,1
568,24,2
569,0,3
570,34,2
570,15,1
570,12,3
571,14,2
571,26,2
571,32,3
571,34,1
572,20,3
572,10,2
572,19,2
572,30,3
573,30,2
573,31,3
573,34,1
573,14,3
574,16,3
574,23,3
575,24,1
575,30,1
575,16,2
575,37,2
576,7,1
577,14,2
577,31,3
578,22,1
578,21,1
579,15,1
580,0,2
580,35,1
580,10,3
580,24,3
581,21,2
581,5,3
581,9,2
581,26,2
582,1,2
582,16,1
582,19,1
582,10,1
583,1,2
584,22,2
584,5,2
584,21,2
584,8,3
585,32,1
586,14,3
586,12,2
587,10,2
587,36,3
587,2,1
587,34,2
588,12,3
588,16,2
589,5,2
589,38,3
589,11,3
589,14,3
590,20,3
591,29,1
591,13,3
591,24,3
591,23,3
592,28,2
593,26,1
593,19,2
593,23,3
594,13,1
595,25,2
595,11,3
595,2,3
596,30,1
596,20,3
596,27,1
597,14,2
597,35,1
597,22,1
598,11,3
598,25,1
599,37,3
600,1,3
601,21,2
601,9,1
601,17,1
601,35,1
602,20,1
602,36,2
602,24,2
603,13,3
604,16,3
604,14,2
604,15,1
604,20,2
605,15,3
605,11,1
605,20,3
605,21,2
606,22,3
606,18,1
607,11,2
607,38,3
607,3,3
608,24,3
609,16,2
609,25,2
610,37,2
610,11,2
610,35,1
611,20,2
611,6,3
612,12,3
612,30,2
612,37,2
613,29,1
613,20,2
614,27,1
614,6,3
614,15,2
614,0,1
615,26,2
616,7,3
616,21,2
616,14,1
616,11,1
617,26,1
617,3,2
617,38,2
617,37,3
618,6,3
618,1,2
619,14,2
619,0,3
620,15,1
620,21,2
620,6,1
620,7,3
621,15,3
622,11,2
623,15,2
623,37,2
623,28,3
624,23,3
624,18,1
625,9,1
625,32,1
625,10,1
626,22,2
626,34,3
627,16,2
627,21,1
627,33,1
628,0,3
628,12,1
628,5,3
628,34,1
629,5,2
629,6,3
629,1,3
629,17,3
630,0,3
630,20,2
630,22,3
631,9,3
631,33,2
631,2,1
632,25,1
632,26,2
632,35,1
632,3,3
633,14,2
634,1,3
635,12,1
635,5,1
636,28,1
636,30,1
637,13,1
637,34,2
638,15,3
639,1,3
640,18,3
640,29,3
640,23,3
640,16,3
641,30,2
642,10,1
643,0,3
643,24,1
643,35,2
643,16,2
644,11,2
644,29,1
644,16,1
645,18,2
646,18,1
646,34,3
646,12,3
647,21,3
647,18,1
647,38,1
647,35,2
648,14,1
649,17,1
649,1,3
649,15,1
650,34,1
651,1,2
652,7,3
652,20,2
653,27,2
653,10,3
653,28,3
654,24,1
654,27,3
654,0,1
655,12,1
655,2,3
656,22,1
656,26,3
656,11,1
657,12,2
657,1,2
658,20,2
658,17,1
658,13,2
659,28,2
659,3,1
660,18,3
660,21,2
661,16,1
661,6,2
661,15,3
661,2,2
662,19,1
662,10,1
662,8,2
663,17,2
663,12,1
664,11,3
664,18,1
664,3,2
664,1,2
665,18,2
666,19,2
666,6,2
666,32,1
666,17,1
667,5,2
668,35,1
669,5,2
669,29,2
669,8,1
670,29,1
670,38,2
671,31,3
671,5,1
671,21,1
671,11,1
672,9,3
673,34,2
673,16,2
674,24,2
674,22,3
675,33,3
675,13,1
676,8,2
677,0,1
677,8,3
677,21,2
677,5,1
678,31,1
679,10,1
679,3,1
679,27,2
679,25,1
680,26,2
680,33,2
680,28,2
680,16,2
681,19,1
681,21,2
681,4,1
682,24,3
682,33,3
682,5,1
682,1,2
683,0,2
683,34,3
683,24,3
683,19,3
684,5,2
684,24,1
685,21,1
686,24,2
686,4,3
686,34,3
687,19,1
687,33,3
687,30,3
688,8,2
688,3,1
688,14,1
689,7,2
690,30,2
690,11,2
691,8,1
691,22,3
692,11,2
692,15,2
693,7,3
693,38,1
693,15,2
693,33,3
694,19,1
694,29,1
695,22,1
695,11,2
695,13,1
696,19,2
696,24,2
696,30,2
696,18,3
697,2,1
697,23,3
697,7,2
698,35,1
699,8,2
699,15,3
700,6,3
701,14,1
701,13,1
701,4,3
701,21,3
702,22,3
702,37,1
702,8,1
702,21,2
703,6,3
704,9,3
705,38,2
705,30,1
706,26,3
706,18,2
707,31,3
707,19,1
707,14,3
708,25,1
709,11,2
709,22,3
710,0,1
710,6,1
710,33,3
711,12,2
711,31,1
711,32,2
712,29,1
713,2,3
713,7,2
713,23,1
714,38,3
715,7,3
716,31,2
716,24,2
716,37,3
716,22,2
717,29,1
718,33,3
718,7,1
719,12,2
719,20,1
719,36,1
720,37,3
720,14,2
721,18,1
721,37,2
721,16,3
722,23,2
723,3,2
723,15,2
724,0,1
724,4,3
724,2,2
725,25,2
725,19,1
725,7,1
726,30,3
726,5,1
727,2,2
727,11,3
727,26,1
727,33,1
728,35,3
728,8,3
728,15,1
729,21,3
729,25,2
729,10,3
730,1,1
730,25,3
730,30,3
731,0,2
732,9,1
732,17,2
732,29,3
733,1,2
733,11,3
734,14,3
735,30,2
736,18,3
737,15,1
738,1,2
738,18,1
738,34,1
739,14,1
739,16,3
739,15,2
739,8,2
740,36,1
740,19,2
741,38,2
742,36,1
742,18,2
742,6,3
742,37,3
743,36,2
743,4,1
743,20,1
743,37,3
744,20,2
744,8,1
744,22,2
744,19,1
745,34,3
745,18,2
745,23,1
745,31,1
746,18,2
746,3,2
746,15,3
746,21,2
747,12,3
747,24,3
747,36,1
748,37,3
748,5,1
749,12,1
749,16,2
749,35,3
750,28,2
750,36,1
750,13,3
750,0,3
751,8,3
751,29,3
751,38,3
752,24,3
752,21,1
752,9,2
753,28,2
754,38,2
754,26,2
754,9,2
754,37,1
755,12,1
755,32,2
755,11,1
756,28,3
756,1,1
757,31,1
757,35,3
758,32,2
758,10,2
758,7,3
759,11,3
759,3,2
759,13,3
759,27,2
760,16,1
760,15,3
760,10,2
760,22,2
761,20,1
762,12,1
762,7,3
762,25,1
763,29,1
763,8,2
763,0,1
763,12,2
764,13,1
765,1,3
766,32,2
766,4,2
767,11,2
767,9,2
768,11,2
768,29,1
768,15,1
769,9,2
770,12,3
770,20,3
770,4,3
770,5,2
771,15,2
772,28,3
772,7,1
772,1,1
772,32,1
773,17,2
773,21,2
773,9,1
774,13,2
774,20,1
774,16,1
775,24,2
776,18,3
776,38,1
777,13,3
777,25,2
777,18,2
777,21,1
778,21,1
778,12,3
779,15,2
779,27,2
779,24,3
779,10,2
780,2,3
781,23,3
781,2,1
782,26,2
782,16,2
782,11,3
782,12,2
783,15,2
783,0,2
783,11,3
784,19,2
784,12,2
784,36,2
784,4,1
785,9,3
785,25,1
786,7,3
786,19,2
786,9,3
786,32,2
787,38,3
787,27,2
787,36,1
787,15,2
788,6,1
789,14,3
790,26,1
791,23,1
791,27,2
791,30,2
792,2,3
792,8,2
793,1,2
793,24,3
793,4,1
793,16,3
794,30,2
794,8,2
794,0,1
795,3,3
795,35,3
795,9,1
795,13,3
796,35,3
797,3,2
797,34,3
798,35,1
798,19,2
798,9,1
798,4,3
799,37,1
800,1,3
801,15,2
802,25,2
802,27,2
803,36,3
803,18,3
804,20,2
804,19,1
804,18,3
805,2,2
805,0,1
805,16,1
805,29,3
806,17,2
807,31,3
807,4,3
808,15,1
808,6,1
808,8,2
809,12,2
809,30,1
809,1,3
810,3,1
810,1,3
811,18,2
812,38,2
812,32,1
812,7,2
813,1,2
813,37,3
813,7,1
813,12,1
814,4,1
814,34,2
815,3,1
815,4,2
815,25,1
815,23,1
816,30,2
816,12,2
816,7,1
816,14,3
817,27,1
817,18,2
817,23,1
817,9,2
818,8,3
819,2,1
819,13,3
819,28,2
819,10,2
820,29,3
820,18,1
820,24,1
821,0,1
821,15,2
822,15,1
822,4,2
822,13,3
822,30,3
823,7,1
823,14,3
823,2,2
824,1,2
824,34,2
824,21,2
825,5,1
826,28,2
826,17,1
827,10,2
828,16,2
828,27,2
828,33,1
828,20,1
829,27,3
829,32,3
830,24,2
830,19,3
830,9,3
831,11,3
831,7,3
832,6,1
832,36,1
833,37,1
834,27,1
834,1,3
835,28,1
835,38,2
835,35,3
835,11,1
836,0,1
836,1,2
836,2,1
836,32,3
837,12,2
837,29,1
837,32,3
837,7,3
838,8,2
839,4,2
839,20,1
839,34,2
839,16,1
840,25,2
840,31,1
840,0,2
840,14,1
841,1,3
842,17,3
842,33,3
842,35,1
842,21,2
843,31,2
843,20,3
843,34,1
844,35,3
844,16,3
844,13,2
845,5,2
846,7,3
846,2,1
847,11,2
847,30,1
847,27,2
848,22,2
849,38,2
849,28,3
850,31,2
850,16,3
850,30,2
851,23,3
851,18,1
852,13,3
853,38,2
853,1,2
853,9,1
854,25,3
855,21,1
856,29,2
856,1,3
856,12,3
857,30,2
857,23,1
857,28,3
857,27,1
858,36,1
858,6,3
858,25,1
858,4,2
859,27,1
859,13,3
859,38,1
859,25,1
860,38,3
861,10,1
861,31,2
861,7,1
861,37,1
862,33,3
862,8,2
862,17,1
863,35,1
863,20,1
864,6,2
864,28,3
865,19,2
866,19,2
866,37,3
867,26,2
867,13,2
868,26,2
869,18,2
869,8,2
869,0,2
869,6,1
870,25,1
870,14,3
871,0,2
872,2,1
873,6,3
873,28,3
873,5,1
874,18,3
874,0,3
874,5,3
875,16,2
876,19,3
876,5,3
876,28,1
877,36,3
877,8,3
877,18,3
877,35,1
878,15,3
878,14,3
879,26,1
879,33,3
879,16,1
880,37,1
881,13,2
881,26,3
881,8,1
881,35,3
882,16,3
882,21,3
882,34,1
883,23,2
883,21,3
883,6,1
884,4,1
885,38,3
886,3,1
886,36,1
887,12,1
887,34,2
888,36,1
888,4,3
888,13,3
889,18,1
890,34,3
890,4,2
890,38,2
891,22,3
891,5,2
891,24,1
892,10,3
892,26,2
892,18,1
892,29,3
893,24,3
894,21,1
894,34,2
894,32,2
894,37,2
895,34,2
896,33,2
896,2,1
896,26,3
897,30,1
897,34,3
897,20,3
898,12,1
898,35,1
898,6,1
898,13,2
899,23,3
900,25,1
901,25,3
901,32,2
902,14,3
902,19,3
903,15,1
903,11,2
903,30,1
904,29,2
904,30,1
904,14,2
904,31,2
905,14,3
906,38,3
906,10,3
906,17,2
906,36,3
907,7,1
908,21,3
909,27,2
909,16,3
909,8,1
909,17,2
910,8,1
911,25,2
911,27,1
912,19,2
912,16,2
912,17,2
912,22,2
913,15,2
913,3,3
913,36,3
913,6,2
914,32,1
915,7,2
915,36,2
915,28,1
916,8,2
916,33,2
917,26,2
917,23,3
918,27,3
918,26,1
919,26,1
919,25,3
919,23,3
919,11,2
920,10,2
920,11,2
920,2,2
920,25,2
921,7,1
922,16,1
922,22,2
923,37,2
924,28,1
924,29,2
924,32,3
924,18,2
925,6,3
925,38,2
925,4,3
925,11,1
926,6,1
926,20,2
927,12,2
928,20,1
929,4,1
930,14,2
930,2,1
931,21,2
931,34,1
931,27,3
931,2,2
932,34,3
932,6,3
933,35,3
933,33,3
934,11,3
935,0,2
935,17,2
935,10,1
936,38,3
937,22,2
937,17,3
937,9,3
937,26,2
938,29,3
939,2,2
939,12,2
939,28,3
939,3,2
940,18,3
940,29,1
940,4,1
940,16,3
941,7,3
941,27,1
941,6,1
941,22,1
942,23,1
942,25,2
943,33,3
943,6,3
943,36,3
944,12,3
944,10,3
945,24,3
945,5,2
946,33,1
946,11,2
947,21,1
947,12,1
947,7,2
947,30,1
948,25,3
948,31,2
949,6,1
950,38,1
950,22,1
951,37,2
951,32,3
952,33,2
952,7,3
952,24,1
952,29,1
953,22,3
954,22,3
954,11,3
954,31,2
954,7,1
955,26,2
955,6,3
955,13,1
956,3,1
956,30,2
957,29,2
957,11,3
957,23,2
958,25,2
959,0,2
959,12,3
959,18,3
960,31,3
960,23,3
961,8,3
962,5,2
962,17,1
962,15,1
963,33,1
963,16,2
964,37,1
964,1,3
965,2,2
965,38,3
965,8,2
965,7,1
966,15,2
966,19,1
966,14,2
967,35,3
967,0,1
968,24,3
968,34,1
968,30,1
969,33,3
969,24,3
970,15,2
970,23,2
970,19,1
970,24,2
971,33,1
971,26,2
971,7,3
972,33,1
972,36,1
972,21,3
973,20,2
973,9,2
973,10,2
974,32,2
974,31,1
975,4,1
975,8,2
975,38,2
976,34,1
976,13,3
976,19,1
976,15,1
977,24,1
978,24,2
979,25,3
979,27,3
979,14,2
980,21,2
980,0,2
980,3,3
980,7,3
981,11,2
981,34,2
981,36,3
982,34,1
982,8,3
982,23,1
983,29,1
983,5,3
983,4,2
984,18,3
984,30,3
984,24,2
984,36,1
985,8,3
985,5,1
986,13,2
986,15,1
986,29,1
987,8,2
987,31,1
987,17,1
988,31,2
989,19,1
989,34,2
989,27,3
989,28,2
990,16,2
990,14,2
991,12,2
991,32,2
992,33,2
992,16,3
992,9,3
993,27,3
994,0,2
994,5,3
995,12,2
995,7,2
995,22,2
995,30,2
996,20,3
997,4,2
998,28,1
998,23,3
998,31,2
998,8,2
999,1,1
1000,31,1
1001,31,1
1001,30,3
1001,9,3
1002,9,1
1002,1,2
1003,4,3
1003,10,2
1004,10,3
1004,23,3
1005,25,3
1005,35,2
1005,24,3
1005,16,1
1006,5,2
1006,6,2
1007,14,3
1007,22,2
1007,7,1
1008,17,3
1009,2,1
1009,0,3
1010,10,2
1010,32,2
1010,13,2
1011,37,1
1012,28,2
1013,28,3
1013,38,1
1013,21,2
1013,14,1
1014,5,1
1015,33,3
1015,18,1
1016,12,2
1017,38,1
1017,27,3
1018,1,1
1018,8,1
1018,12,2
1018,7,3
1019,8,3
1019,29,3
1019,9,3
1019,27,2
1020,0,3
1020,2,3
1020,25,1
1021,17,3
1021,38,3
1021,24,3
1022,17,3
1022,3,1
1023,35,1
1023,30,2
1023,21,3
1023,19,2
1024,23,2
1024,21,2
1024,35,1
1025,38,1
1025,32,3
1025,8,2
1026,37,2
1026,21,2
1026,35,2
1027,7,1
1027,0,2
1027,16,2
1027,30,1
1028,26,3
1028,15,1
1029,32,3
1029,27,1
1029,5,3
1029,21,3
1030,34,2
1030,18,2
1030,33,3
1030,31,3
1031,6,1
1031,4,2
1031,26,3
1031,7,3
1032,15,3
1032,4,1
1032,20,2
1032,23,2
1033,7,1
1034,19,1
1034,13,3
1034,33,2
1034,31,1
1035,2,2
1035,23,3
1035,4,2
1036,30,1
1037,22,2
1038,32,3
1038,14,1
1038,16,2
1039,25,2
1039,37,2
1039,34,2
1039,21,1
1040,24,3
1040,6,3
1041,27,3
1042,30,3
1043,23,2
1043,25,3
1043,3,2
1044,12,1
1044,26,1
1044,4,1
1044,34,1
1045,9,3
1045,6,1
1045,12,3
1046,9,2
1047,14,1
1047,4,2
1048,5,2
1048,16,2
1048,11,1
1048,8,2
1049,15,3
1049,13,2
1049,19,1
1049,27,3
1050,24,2
1050,22,3
1050,37,1
1051,14,3
1051,9,1
1051,11,3
1051,26,2
1052,9,1
1052,12,3
1052,32,2
1053,12,2
1053,29,1
1053,24,2
1054,2,2
1054,12,1
1054,5,2
1054,29,3
1055,26,2
1055,36,3
1055,13,2
1055,21,3
1056,28,3
1056,10,1
1056,23,1
1056,9,2
1057,14,2
1057,8,2
1058,13,3
1059,36,3
1060,5,1
1060,25,3
1061,17,1
1062,17,3
1062,22,3
1063,21,2
1063,10,1
1063,30,3
1063,24,1
1064,5,2
1065,14,1
1066,29,3
1066,4,3
1066,10,3
1066,13,2
1067,16,1
1067,18,2
1067,19,2
1067,24,2
1068,12,1
1069,30,3
1069,18,3
1069,29,2
1069,31,1
1070,2,3
1071,30,2
1071,34,1
1071,24,2
1071,23,3
1072,32,2
1072,4,2
1072,25,2
1072,3,2
1073,28,2
1074,7,2
1075,11,3
1075,23,1
1075,15,2
1076,32,3
1077,1,3
1077,14,2
1077,4,2
1077,23,3
1078,1,1
1079,32,3
1079,23,1
1079,37,2
1079,38,3
1080,36,1
1080,13,2
1080,20,2
1080,3,2
1081,24,3
1081,16,3
1082,20,2
1082,26,2
1082,2,1
1083,34,2
1083,32,2
1083,17,3
1084,15,2
1085,14,3
1085,2,3
1085,30,2
1086,34,3
1086,27,1
1086,29,2
1086,38,2
1087,35,3
1088,10,1
1088,3,3
1088,38,3
1089,25,2
1089,32,3
1089,23,3
1089,21,1
1090,37,1
1091,0,3
1091,26,2
1091,18,1
1091,36,3
1092,28,1
1093,19,2
1093,33,2
1093,20,3
1093,1,1
1094,35,1
1095,17,3
1095,13,3
1095,34,2
1095,21,2
1096,2,3
1096,22,3
1097,31,2
1097,24,3
1097,4,2
1098,15,2
1098,0,1
1098,32,3
1098,12,1
1099,37,3
1099,6,3
1099,34,1
1099,30,2
1100,18,3
1100,9,1
1100,31,1
1100,6,2
1101,13,3
1102,32,2
1103,38,1
1103,1,3
1104,20,1
1104,35,1
1104,17,3
1105,26,1
1105,36,3
1106,18,2
1106,38,1
1106,24,3
1107,11,1
1107,25,2
1107,27,2
1107,29,1
1108,25,3
1108,32,3
1109,15,3
1109,20,2
1110,24,1
1110,10,3
1110,28,2
1110,13,1
1111,12,2
1111,17,2
1111,34,2
1112,21,3
1112,33,1
1112,14,3
1112,9,2
1113,36,2
1113,7,3
1113,28,3
1114,3,1
1115,31,2
1115,14,3
1115,24,1
1115,19,3
1116,37,1
1117,25,3
1117,22,1
1118,11,1
1118,15,1
1119,23,1
1119,1,3
1120,8,2
1121,8,3
1121,0,1
1122,36,2
1123,36,3
1123,25,1
1123,18,2
1123,16,2
1124,15,2
1125,2,2
1125,30,1
1125,24,3
1126,28,1
1126,15,1
1126,11,3
1126,5,2
1127,28,1
1127,38,3
1127,31,3
1128,22,3
1128,32,2
1128,0,1
1129,24,3
1130,22,3
1130,12,1
1130,28,3
1130,38,3
1131,35,3
1131,27,2
1132,5,2
1132,1,3
1133,29,1
1133,25,2
1133,6,2
1133,8,1
1134,19,1
1134,17,3
1134,12,1
1134,32,1
1135,22,3
1135,2,2
1136,36,3
1136,27,2
1136,28,1
1136,15,2
1137,34,1
1137,5,2
1138,2,2
1138,35,1
1138,8,3
1139,23,1
1139,3,2
1140,16,3
1141,38,3
1142,18,3
1142,17,1
1143,5,2
1143,36,1
1144,28,2
1144,6,3
1145,25,3
1145,13,1
1146,28,2
1146,24,2
1147,27,3
1147,21,1
1147,23,1
1147,33,1
1148,4,3
1148,25,3
1149,31,2
1150,18,2
1150,9,1
1150,8,2
1151,12,2
1151,14,3
1151,38,2
1151,34,2
1152,3,2
1152,23,1
1152,8,3
1152,4,2
1153,15,3
1153,9,2
1153,14,3
1154,24,2
1154,32,2
1154,16,1
1155,37,1
1155,1,2
1155,11,3
1155,9,2
1156,25,3
1157,29,1
1157,25,1
1157,27,1
1157,8,1
1158,9,3
1158,1,1
1159,21,1
1160,16,3
1161,4,2
1161,25,1
1162,3,2
1162,26,2
1162,32,3
1163,15,1
1163,2,1
1164,1,2
1164,6,2
1164,37,2
1165,37,3
1165,26,1
1166,14,2
1167,23,1
1167,14,1
1167,33,1
1168,14,2
1168,16,2
1169,9,1
1169,31,1
1169,18,2
1169,8,1
1170,16,1
1170,4,3
1170,2,1
1170,30,1
1171,22,1
1171,34,3
1172,7,1
1172,28,2
1173,20,2
1173,30,3
1174,7,3
1174,16,2
1174,28,2
1174,9,2
1175,32,1
1175,13,2
1176,21,3
1176,16,3
1176,24,3
1177,29,2
1178,5,2
1178,23,1
1178,13,2
1179,27,1
1180,18,3
1180,1,1
1180,16,1
1180,14,3
1181,25,2
1181,33,3
1181,11,2
1181,22,3
1182,11,3
1182,0,3
1183,18,3
1184,2,3
1184,11,1
1184,37,1
1184,28,1
1185,7,2
1185,36,1
1185,22,2
1186,4,2
1186,3,1
1186,22,3
1186,33,3
1187,16,2
1188,19,2
1188,28,2
1188,8,3
1189,26,2
1190,22,2
1190,13,2
1191,20,3
1191,2,2
1192,27,3
1192,3,2
1192,29,1
1193,5,2
1193,10,1
1193,18,3
1193,14,3
1194,23,3
1194,1,2
1194,24,3
1195,3,3
1196,11,2
1197,6,1
1197,30,3
1197,14,1
1197,25,3
1198,33,3
1198,15,2
1198,2,1
1198,32,2
1199,34,1
1199,4,2
1199,5,1
1200,30,3
1200,34,1
1201,11,3
1202,25,1
1202,6,2
1202,12,3
1203,8,3
1203,17,1
1203,2,2
1203,5,2
1204,26,3
1204,28,2
1205,9,1
1205,30,2
1205,11,3
1205,37,2
1206,13,1
1206,2,3
1206,35,2
1207,4,1
1208,13,3
1209,4,3
1209,32,2
1210,3,1
1211,38,1
1211,11,3
1212,29,2
1213,3,2
1213,2,2
1213,24,1
1214,31,3
1214,38,1
1214,22,2
1214,3,1
1215,33,1
1215,15,1
1216,38,3
1217,7,3
1217,23,1
1218,0,3
1218,29,2
1219,19,2
1219,25,1
1219,38,1
1219,20,1
1220,3,2
1220,23,3
1220,34,2
1220,22,2
1221,31,2
1222,27,3
1222,29,2
1222,4,2
1222,38,1
1223,20,3
1223,16,2
1223,24,3
1224,33,1
1224,11,2
1224,9,2
1224,12,2
1225,38,2
1226,38,1
1226,5,2
1226,22,2
1227,21,2
1228,11,3
1228,23,3
1228,31,3
1229,2,3
1230,13,2
1230,37,1
1230,22,2
1231,17,3
1231,24,2
1231,7,3
1232,16,1
1232,8,1
1233,13,2
1234,34,2
1234,12,1
1235,22,1
1235,23,3
1235,3,3
1235,4,1
1236,5,3
1237,36,3
1237,14,2
1238,4,2
1238,31,3
1238,26,1
1238,34,3
1239,3,2
1240,12,3
1241,7,2
1241,5,2
1241,31,3
1242,24,3
1242,22,3
1242,14,2
1242,6,2
1243,12,3
1244,6,2
1245,21,2
1245,29,1
1246,25,1
1246,20,3
1246,8,2
1246,10,1
1247,20,1
1247,18,1
1248,3,1
1248,33,1
1248,21,3
1248,1,2
1249,0,1
1249,24,2
1249,19,1
1249,18,3
1250,27,2
1250,21,2
1250,24,1
1250,23,2
1251,12,2
1251,2,2
1252,12,3
1253,31,1
1253,27,2
1253,36,1
1253,5,2
1254,9,3
1254,28,2
1254,19,1
1255,20,1
1255,14,3
1255,25,3
1256,7,2
1256,3,1
1257,14,1
1258,11,2
1258,10,2
1259,25,2
1259,17,3
1260,19,1
1261,15,2
1261,29,2
1261,11,3
1261,16,2
1262,2,2
1262,24,3
1262,26,3
1262,35,3
1263,33,2
1263,31,1
1264,15,1
1265,8,2
1265,17,2
1265,19,3
1265,33,2
1266,12,3
1267,32,3
1267,30,3
1267,31,1
1268,0,3
1268,18,1
1269,15,3
1270,8,3
1270,24,3
1270,21,3
1271,19,2
1271,35,3
1271,14,3
1272,28,3
1272,27,1
1273,17,2
1273,18,1
1273,28,2
1274,18,2
1275,12,1
1276,22,1
1276,6,3
1277,2,3
1277,29,2
1277,4,2
1278,11,2
1278,31,1
1279,24,2
1280,38,2
1281,22,3
1281,38,3
1282,22,3
1282,2,1
1282,17,1
1282,13,1
1283,17,1
1283,29,1
1284,21,1
1285,29,2
1285,28,2
1285,17,3
1285,21,2
1286,31,1
1286,32,2
1286,20,3
1287,14,2
1287,18,2
1287,32,3
1288,31,1
1288,21,1
1289,25,3
1289,30,1
1289,34,3
1290,26,3
1290,25,1
1290,3,1
1290,23,2
1291,20,2
1291,35,3
1291,22,3
1291,28,1
1292,15,1
1293,31,2
1293,29,2
1294,37,1
1295,1,1
1295,12,2
1296,26,3
1296,14,1
1297,20,3
1297,31,2
1297,25,1
1298,21,3
1299,32,1
1299,33,3
1300,8,2
1300,17,3
1301,37,1
1302,38,3
1302,28,3
1303,12,1
1303,29,3
1303,1,1
1304,17,3
1304,5,1
1304,15,2
1304,11,3
1305,11,1
1306,13,2
1306,5,1
1307,21,1
1307,19,2
1307,36,2
1308,27,2
1309,14,1
1309,19,3
1309,9,1
1310,26,2
1311,9,1
1311,1,3
1311,23,1
1312,22,3
1312,14,3
1313,31,1
1313,30,2
1314,20,3
1314,26,3
1314,22,1
1314,12,3
1315,4,1
1315,33,2
1316,15,2
1317,9,1
1317,2,1
1317,26,1
1317,38,2
1318,31,3
1319,4,2
1319,29,3
1320,26,2
1320,38,3
1320,8,2
1320,7,2
1321,3,1
1321,26,2
1321,8,3
1321,29,1
1322,38,2
1323,36,2
1323,3,2
1323,24,2
1323,15,2
1324,21,2
1325,32,2
1325,21,1
1325,12,2
1326,1,3
1326,16,1
1326,14,3
1326,22,3
1327,19,1
1328,30,1
1329,29,2
1329,23,3
1329,26,2
1329,15,3
1330,21,2
1330,5,3
1330,7,3
1330,37,2
1331,20,3
1332,20,2
1333,2,3
1333,38,2
1333,25,2
1333,34,1
1334,4,1
1335,9,2
1335,0,3
1335,33,3
1335,23,2
1336,14,1
1336,30,1
1337,38,2
1337,30,2
1338,30,2
1338,21,1
1338,28,3
1338,32,1
1339,4,2
1339,13,2
1339,26,3
1340,27,3
1340,18,1
1340,20,2
1341,27,3
1342,27,1
1342,24,2
1342,33,2
1342,1,2
1343,34,1
1344,10,1
1344,3,2
1345,38,2
1345,11,2
1345,19,1
1345,15,2
1346,10,1
1346,22,3
1346,24,2
1347,12,3
1347,9,1
1347,35,2
1347,14,2
1348,21,2
1349,26,1
1349,33,3
1350,17,1
1351,11,3
1351,10,2
1352,27,1
1352,14,1
1352,35,2
1352,22,3
1353,35,3
1354,20,2
1354,37,2
1354,15,2
1354,1,2
1355,36,2
1355,14,1
1356,1,2
1356,29,1
1356,23,3
1357,22,3
1357,27,3
1357,29,2
1357,28,3
1358,17,1
1359,22,3
1359,12,3
1360,37,3
1361,23,3
1361,31,3
1362,36,1
1362,32,3
1363,19,3
1363,36,1
1364,25,2
1365,27,3
1365,31,2
1365,37,2
1365,19,1
1366,21,3
1366,20,1
1366,35,1
1366,11,1
1367,13,3
1368,36,2
1368,24,1
1368,31,1
1368,22,1
1369,34,2
1369,19,1
1369,21,2
1369,26,2
1370,38,2
1370,36,1
1371,10,1
1372,31,1
1372,37,2
1372,34,2
1373,31,2
1373,19,1
1374,0,2
1375,36,3
1375,31,2
1375,27,2
1375,12,3
1376,14,3
1377,26,2
1378,7,1
1378,31,1
1378,32,2
1378,35,3
1379,9,1
1379,3,3
1379,15,1
1380,35,2
1381,21,3
1381,34,3
1381,3,1
1382,8,3
1382,3,1
1382,10,2
1382,1,2
1383,32,2
1383,26,3
1383,36,1
1383,4,1
1384,6,2
1384,24,3
1385,24,2
1385,12,1
1386,28,2
1386,2,3
1386,38,2
1386,16,3
1387,37,2
1387,32,3
1387,28,2
1387,1,2
1388,36,1
1388,32,3
1388,18,2
1388,21,1
1389,27,3
1389,15,1
1390,33,3
1390,7,2
1390,20,3
1391,31,1
1391,6,2
1391,28,1
1391,25,3
1392,2,2
1393,33,3
1393,36,1
1394,4,2
1394,26,3
1394,10,3
1394,35,2
1395,25,2
1395,9,3
1395,0,2
1396,34,1
1396,36,2
1396,37,2
1396,17,1
1397,12,1
1397,7,1
1398,31,2
1398,5,1
1399,15,2
1399,6,1
1399,26,3
1400,0,1
1401,7,2
1401,34,3
1401,9,1
1402,0,3
1402,15,3
1403,36,3
1403,15,3
1403,21,3
1403,11,1
1404,2,3
1404,10,3
1405,17,3
1406,30,1
1406,4,1
1407,29,2
1407,1,1
1407,7,1
1407,9,3
1408,0,3
1409,22,2
1409,12,2
1409,15,3
1410,10,2
1410,25,1
1410,5,2
1410,1,3
1411,13,2
1411,5,3
1412,28,1
1412,34,3
1413,0,3
1413,31,1
1413,28,2
1414,29,2
1414,28,3
1414,0,3
1415,2,1
1415,26,2
1415,25,3
1416,19,2
1416,36,2
1416,21,3
1417,23,2
1417,35,3
1417,17,3
1417,15,2
1418,7,1
1418,29,1
1418,31,2
1418,13,2
1419,26,3
1419,19,3
1419,22,1
1420,32,3
1420,10,3
1421,19,1
1421,34,1
1421,18,3
1422,2,2
1423,13,3
1423,36,3
1423,24,1
1423,14,1
1424,2,2
1424,18,2
1424,16,2
1424,35,2
1425,6,1
1425,35,2
1425,33,2
1425,30,1
1426,16,1
1426,15,3
1427,14,2
1427,26,1
1428,35,1
1429,32,1
1429,31,3
1429,16,1
1430,22,3
1430,33,3
1430,0,1
1431,11,3
1431,27,2
1431,29,3
1431,21,2
1432,38,2
1432,3,2
1432,24,1
1433,1,2
1433,23,1
1433,2,2
1434,34,2
1434,15,3
1434,36,3
1435,34,3
1435,0,1
1435,20,2
1435,33,3
1436,32,1
1436,14,1
1437,10,2
1437,14,2
1437,6,1
1437,11,1
1438,30,1
1438,9,2
1439,36,3
1439,0,2
1439,11,3
1440,2,3
1441,25,2
1442,31,1
1442,16,1
1443,10,2
1443,21,1
1443,12,3
1443,1,3
1444,16,2
1444,31,3
1445,0,1
1445,16,3
1445,31,3
1445,14,2
1446,5,2
1446,35,2
1446,26,1
1447,33,2
1448,3,2
1449,24,2
1449,20,2
1449,18,1
1450,10,1
1450,18,3
1450,38,1
1450,27,1
1451,12,2
1451,9,2
1451,33,2
1451,8,3
1452,36,3
1452,34,2
1453,0,3
1453,27,3
1453,11,3
1454,17,3
1455,37,3
1456,32,1
1456,37,3
1457,21,2
1457,12,3
1457,3,3
1458,10,2
1459,19,2
1459,10,1
1459,23,1
1460,5,1
1460,8,2
1460,37,3
1460,1,2
1461,0,1
1462,27,3
1463,34,3
1463,28,3
1463,24,3
1464,2,3
1465,17,3
1465,18,2
1465,29,1
1466,13,2
1466,5,3
1467,33,1
1467,26,3
1468,21,2
1469,24,2
1469,17,2
1469,9,3
1469,33,3
1470,34,2
1470,4,2
1470,19,2
1470,17,1
1471,37,2
1472,36,1
1473,20,2
1473,7,2
1473,26,2
1474,12,2
1474,6,3
1474,21,3
1475,32,1
1475,25,1
1475,5,3
1476,16,3
1476,24,3
1476,37,3
1476,38,2
1477,36,3
1477,16,1
1477,14,1
1477,1,3
1478,26,3
1478,9,1
1479,32,3
1479,35,1
1479,17,2
1480,2,1
1480,15,3
1481,4,1
1482,16,2
1483,28,3
1483,6,3
1483,27,3
1484,29,3
1484,8,1
1484,33,2
1484,18,2
1485,28,3
1486,17,1
1486,18,3
1486,15,2
1487,3,3
1487,24,2
1487,27,1
1488,32,1
1489,2,1
1489,37,1
1489,8,1
1490,31,1
1490,38,2
1490,36,3
1490,4,3
1491,5,3
1491,37,3
1491,14,1
1492,9,1
1492,22,2
1492,4,1
1493,33,1
1493,19,1
1494,12,1
1494,23,3
1494,16,1
1494,25,2
1495,23,3
1495,32,3
1495,22,2
1495,10,2
1496,14,1
1496,22,3
1496,0,3
1497,21,1
1497,35,2
1497,24,2
1498,31,3
1498,19,1
1498,0,2
1499,7,3
1499,3,1
1499,15,1
1500,36,1
1500,24,2
1501,10,1
1501,20,1
1502,19,3
1502,25,1
1502,29,1
1503,27,3
1503,16,1
1503,11,3
1504,1,1
1504,6,1
1505,9,3
1505,27,2
1506,11,2
1506,34,1
1507,0,1
1508,3,3
1508,18,1
1508,9,2
1509,11,3
1509,26,3
1509,13,2
1510,5,1
1510,10,3
1511,7,1
1511,20,1
1512,9,2
1512,7,3
1512,6,3
1512,30,3
1513,27,1
1513,36,3
1514,30,3
1514,25,1
1514,0,3
1515,33,2
1515,2,3
1516,3,3
1516,34,1
1517,23,2
1518,8,2
1518,1,1
1518,23,2
1519,37,3
1519,5,1
1519,25,3
1519,0,1
1520,28,2
1520,21,3
1520,13,3
1520,24,2
1521,31,3
1521,5,2
1522,22,1
1523,33,3
1524,30,3
1524,29,2
1524,3,1
1524,24,3
1525,37,3
1525,23,2
1525,22,2
1525,11,3
1526,34,2
1526,14,1
1527,15,2
1528,20,3
1529,14,1
1529,2,1
1530,23,2
1530,4,1
1530,31,3
1531,33,1
1532,24,3
1532,27,1
1532,7,3
1533,0,1
1533,24,2
1533,17,2
1534,31,1
1534,8,2
1534,7,3
1534,19,2
1535,5,2
1536,2,3
1537,20,2
1537,29,2
1537,18,3
1537,21,3
1538,4,2
1538,31,2
1538,1,1
1539,10,3
1540,15,2
1540,38,3
1541,9,1
1542,30,1
1543,4,1
1544,29,2
1544,24,3
1545,25,1
1545,2,3
1546,9,1
1546,12,3
1546,22,3
1547,36,1
1547,6,1
1548,11,1
1548,15,1
1548,28,3
1548,0,2
1549,9,1
1549,14,2
1550,6,2
1550,29,1
1550,31,3
1550,3,2
1551,36,1
1551,20,2
1552,3,1
1553,4,2
1553,25,1
1553,33,1
1554,25,1
1554,15,1
1554,16,2
1554,23,2
1555,4,1
1555,17,3
1555,24,1
1555,21,2
1556,34,3
1556,2,1
1556,31,1
1556,1,3
1557,31,3
1558,13,2
1558,38,2
1558,8,1
1559,20,3
1559,38,1
1560,27,2
1561,12,2
1561,11,2
1561,6,2
1561,10,3
1562,6,1
1562,12,1
1562,29,2
1563,30,1
1564,20,2
1564,19,1
1565,35,2
1566,28,3
1566,9,1
1566,27,1
1567,17,3
1567,12,2
1567,10,2
1567,2,3
1568,34,2
1568,38,1
1569,18,1
1569,9,1
1569,24,2
1570,15,2
1571,35,3
1571,13,2
1571,14,1
1571,30,2
1572,5,3
1572,1,3
1573,11,2
1573,37,2
1574,15,2
1574,5,2
1574,12,1
1574,10,1
1575,20,2
1576,38,2
1576,2,3
1576,0,2
1576,18,3
1577,18,2
1578,29,2
1578,12,1
1579,35,1
1579,8,3
1580,6,1
1581,14,3
1581,9,1
1581,37,1
1582,36,2
1582,17,1
1582,8,1
1583,19,2
1583,6,1
1583,9,1
1583,2,2
1584,19,3
1584,33,1
1584,0,3
1585,32,3
1586,37,2
1586,32,2
1586,18,2
1586,21,2
1587,23,2
1587,32,1
1588,21,3
1589,4,2
1589,37,2
1590,1,2
1590,30,3
1591,23,3
1592,36,2
1592,38,2
1593,12,3
1593,7,3
1593,30,3
1594,1,3
1594,21,3
1594,13,2
1595,21,2
1595,26,3
1595,16,3
1595,17,1
1596,30,1
1596,4,2
1597,25,1
1597,10,1
1597,33,3
1598,30,2
1599,3,1
1599,12,1
1599,1,1
1600,20,1
1600,30,1
1601,28,1
1601,15,3
1601,21,1
1602,20,2
1602,4,1
1603,37,1
1604,20,2
1604,0,2
1604,11,2
1604,25,1
1605,24,1
1606,34,3
1606,32,3
1606,23,3
1606,28,2
1607,25,2
1607,37,3
1608,36,2
1608,31,2
1609,24,1
1609,29,1
1609,10,3
1609,15,1
1610,9,3
1610,5,1
1610,15,2
1611,4,1
1611,36,2
1612,13,1
1612,10,1
1612,23,1
1613,5,3
1613,9,3
1613,32,3
1613,14,1
1614,21,3
1615,25,3
1616,23,3
1617,19,2
1617,8,3
1618,38,3
1618,8,2
1618,32,2
1619,17,3
1619,19,2
1619,31,3
1619,21,1
1620,30,3
1620,17,2
1620,28,2
1621,26,3
1622,25,1
1622,14,1
1622,9,1
1622,19,3
1623,5,2
1623,23,3
1623,38,2
1624,37,1
1625,11,1
1625,25,3
1625,28,2
1626,22,1
1626,6,1
1626,30,2
1626,21,1
1627,24,2
1627,13,2
1627,27,3
1627,28,2
1628,21,2
1628,13,1
1629,12,3
1629,35,1
1629,20,2
1629,21,1
1630,9,3
1630,20,2
1630,5,1
1630,13,1
1631,6,1
1632,26,2
1632,4,1
1632,9,3
1633,7,2
1634,37,2
1635,7,3
1635,26,1
1635,0,3
1635,17,1
1636,35,2
1636,21,1
1636,13,1
1636,17,3
1637,33,1
1637,30,2
1638,6,1
1638,14,1
1638,10,1
1638,32,2
1639,20,3
1640,6,3
1640,22,2
1641,36,3
1641,18,2
1641,30,2
1642,29,3
1642,11,2
1642,4,3
1643,36,2
1643,34,2
1643,3,2
1644,6,3
1644,20,1
1645,35,1
1645,24,3
1645,23,1
1646,11,3
1646,7,2
1646,8,3
1646,20,1
1647,5,1
1647,35,1
1647,33,3
1648,10,2
1649,24,2
1649,12,2
1649,20,3
1649,18,3
1650,16,3
1651,6,1
1651,36,1
1651,12,1
1651,5,3
1652,0,2
1652,7,2
1652,34,2
1653,5,3
1654,31,1
1654,9,3
1655,16,2
1655,29,1
1655,17,2
1656,34,1
1656,13,3
1656,8,3
1656,4,3
1657,8,1
1658,25,3
1658,1,1
1658,30,2
1659,12,1
1659,10,3
1660,19,1
1660,7,1
1660,1,2
1660,13,2
1661,16,2
1661,32,1
1661,8,3
1662,14,1
1662,22,2
1663,30,1
1663,38,1
1664,14,1
1664,9,3
1664,27,3
1664,18,1
1665,11,2
1665,31,3
1665,18,1
1666,5,3
1666,2,2
1666,9,1
1666,19,1
1667,15,2
1667,0,3
1668,19,3
1668,2,2
1668,30,2
1669,9,3
1669,21,3
1669,31,3
1670,14,1
1671,27,3
1672,29,2
1672,23,1
1673,26,2
1674,24,1
1675,14,2
1675,18,3
1675,17,3
1675,13,3
1676,34,1
1677,38,2
1678,6,2
1679,15,3
1679,30,2
1679,1,2
1680,17,3
1680,18,3
1680,22,2
1681,29,1
1681,36,2
1681,28,3
1681,6,3
1682,28,1
1682,22,1
1682,24,3
1683,5,2
1683,28,1
1684,38,2
1685,2,1
1685,27,2
1685,22,3
1686,3,1
1686,33,3
1686,38,1
1687,22,2
1687,12,3
1687,14,2
1688,14,3
1689,17,2
1689,16,2
1690,24,1
1690,2,2
1690,32,1
1690,31,2
1691,31,1
1691,21,1
1692,37,1
1692,23,3
1692,7,1
1693,33,1
1693,20,1
1693,34,2
1694,32,2
1694,26,1
1694,13,2
1695,23,2
1696,27,3
1696,16,1
1696,12,1
1696,15,3
1697,32,2
1698,28,3
1699,37,2
1699,35,3
1699,15,2
1700,8,3
1701,10,2
1701,22,3
1702,0,3
1702,20,3
1702,17,1
1702,30,1
1703,35,2
1704,6,3
1704,5,3
1704,28,3
1704,35,1
1705,23,1
1705,17,2
1706,26,1
1706,0,1
1706,20,2
1706,22,2
1707,26,3
1707,32,3
1707,17,2
1708,5,1
1708,9,1
1708,14,1
1708,32,2
1709,30,3
1710,31,1
1710,9,1
1711,20,1
1711,6,2
1712,37,3
1713,34,3
1714,31,3
1714,18,1
1715,7,1
1716,31,2
1716,25,2
1716,27,2
1716,0,2
1717,14,1
1718,32,2
1719,5,2
1719,3,3
1719,22,3
1719,17,1
1720,32,1
1720,13,3
1720,0,2
1721,8,2
1721,19,2
1721,35,3
1722,13,3
1723,21,1
1723,4,3
1723,31,3
1724,8,1
1724,35,3
1724,3,3
1724,25,1
1725,35,3
1725,12,2
1726,26,3
1727,11,2
1728,3,2
1728,27,3
1729,35,2
1730,1,2
1730,23,3
1731,20,1
1732,5,3
1732,32,1
1733,32,1
1733,12,2
1734,8,3
1734,35,1
1735,3,2
1735,10,1
1735,16,2
1736,33,2
1737,38,2
1737,25,1
1737,29,3
1737,31,2
1738,32,3
1738,17,1
1738,37,2
1738,12,3
1739,13,3
1740,17,2
1740,28,1
1741,18,2
1742,27,2
1743,31,3
1743,15,3
1744,28,3
1744,2,3
1744,18,3
1744,36,2
1745,29,3
1745,23,2
1745,22,3
1746,6,2
1746,31,2
1746,15,3
1747,16,1
1747,36,3
1747,23,1
1747,12,2
1748,8,2
1748,22,2
1748,20,1
1748,38,2
1749,9,2
1749,20,2
1750,30,1
1750,20,1
1750,25,1
1750,4,1
1751,25,1
1751,30,1
1752,33,3
1752,29,1
1752,27,3
1753,0,3
1753,14,2
1753,26,2
1753,38,2
1754,14,3
1754,37,1
1754,20,3
1754,35,2
1755,36,1
1755,14,3
1756,14,3
1756,15,2
1757,21,2
1757,8,3
1757,33,2
1757,4,3
1758,15,3
1759,9,2
1759,15,1
1759,28,3
1759,31,3
1760,24,2
1760,23,2
1760,33,2
1761,4,1
1762,28,1
1763,20,1
1764,4,2
1765,22,2
1765,19,1
1765,18,2
1765,7,3
1766,14,2
1766,37,2
1766,29,3
1767,26,1
1768,5,1
1768,13,3
1768,34,2
1769,35,1
1770,27,2
1770,23,1
1771,17,1
1771,18,3
1772,35,3
1772,27,2
1772,30,2
1773,30,2
1773,33,2
1773,6,3
1774,22,1
1774,16,2
1774,13,2
1774,29,3
1775,22,1
1776,22,2
1776,1,3
1776,14,1
1777,10,1
1777,9,3
1778,11,3
1778,16,3
1778,34,1
1779,30,3
1779,22,1
1779,12,2
1779,29,1
1780,18,1
1780,20,2
1781,11,2
1781,37,1
1782,16,3
1782,21,3
1783,15,3
1783,6,3
1784,15,3
1785,2,3
1785,19,1
1785,8,1
1785,11,3
1786,6,3
1787,37,1
1787,15,3
1787,22,1
1788,17,2
1788,23,3
1788,3,2
1789,25,3
1789,21,2
1790,4,1
1791,27,1
1792,18,1
1792,23,2
1793,36,3
1793,10,3
1793,38,2
1793,8,3
1794,26,3
1794,14,3
1795,5,2
1795,3,1
1795,18,3
1796,29,2
1797,26,1
1797,24,1
1797,1,1
1797,13,1
1798,19,3
1799,9,3
1799,3,3
1799,1,3
1799,4,1
1800,20,3
1801,8,3
1801,21,2
1801,15,2
1802,36,3
1802,31,1
1802,38,3
1802,0,1
1803,20,3
1803,4,3
1803,28,2
1803,17,2
1804,14,2
1804,32,3
1804,10,3
1804,22,3
1805,35,1
1805,33,1
1805,3,1
1806,14,1
1806,13,1
1806,19,3
1807,9,2
1807,23,1
1807,13,1
1807,0,2
1808,15,3
1808,22,1
1808,31,2
1809,6,3
1809,29,2
1809,17,3
1809,25,3
1810,38,3
1810,8,3
1810,3,1
1810,15,2
1811,33,1
1811,11,1
1812,16,1
1812,6,1
1812,21,1
1812,31,2
1813,24,1
1813,31,1
1813,36,1
1814,24,1
1814,17,1
1814,12,1
1815,18,2
1816,25,3
1817,38,2
1818,3,2
1819,3,1
1819,27,3
1820,11,1
1821,11,3
1821,29,2
1821,15,1
1821,25,3
1822,4,1
1823,23,3
1823,1,1
1823,11,3
1823,22,3
1824,29,3
1825,25,2
1825,34,3
1825,18,2
1825,1,3
1826,12,1
1826,35,3
1826,37,2
1827,36,3
1827,3,3
1827,21,2
1827,18,3
1828,36,3
1828,16,3
1829,10,1
1829,21,2
1829,20,2
1830,36,2
1830,28,3
1830,11,2
1831,34,2
1831,6,3
1831,15,1
1831,36,2
1832,7,3
1832,14,2
1833,14,3
1833,1,2
1833,28,1
1834,36,1
1834,27,3
1834,3,3
1834,32,2
1835,23,3
1835,34,2
1835,26,2
1836,22,1
1837,8,2
1837,29,1
1837,26,3
1837,33,2
1838,27,1
1838,18,2
1838,28,1
1839,18,2
1839,31,3
1840,1,1
1840,11,1
1840,0,2
1841,27,1
1841,23,3
1842,23,1
1842,37,2
1842,1,3
1843,20,1
1844,11,3
1844,1,3
1844,13,2
1844,8,3
1845,37,1
1845,11,2
1845,15,2
1845,22,2
1846,1,3
1846,22,2
1846,37,1
1846,6,3
1847,9,1
1847,8,2
1847,3,1
1847,14,1
1848,19,3
1849,9,1
1849,16,3
1850,30,1
1851,17,3
1852,21,2
1852,11,3
1852,8,3
1852,33,1
1853,19,2
1853,33,3
1853,24,2
1853,1,3
1854,32,3
1854,4,1
1854,2,1
1855,0,3
1855,26,1
1855,28,1
1856,13,1
1856,20,2
1856,0,1
1856,5,3
1857,18,3
1857,32,3
1857,33,2
1857,29,1
1858,5,2
1858,27,3
1859,9,1
1859,25,3
1859,38,2
1859,13,1
1860,13,1
1860,21,2
1861,36,1
1861,9,2
1862,18,1
1862,27,2
1863,17,3
1864,34,1
1865,33,1
1866,37,1
1866,18,2
1866,38,2
1866,10,1
1867,14,2
1867,30,1
1868,4,3
1869,31,3
1869,12,1
1869,32,3
1870,7,2
1870,26,2
1871,12,3
1871,18,3
1871,9,1
1872,31,3
1872,13,2
1872,3,2
1873,10,2
1873,1,3
1873,17,3
1873,7,3
1874,3,1
1875,30,2
1875,18,2
1875,31,1
1875,2,3
1876,4,3
1876,7,1
1876,28,2
1876,33,2
1877,3,1
1877,8,1
1877,18,3
1878,15,2
1878,0,1
1879,30,1
1880,31,1
1880,32,2
1880,7,3
1881,3,2
1881,35,1
1881,12,1
1882,1,2
1882,16,2
1882,13,1
1882,5,2
1883,24,1
1883,2,3
1883,12,3
1883,4,1
1884,16,2
1884,4,2
1885,12,2
1885,8,1
1885,24,3
1885,34,1
1886,11,2
1886,12,2
1887,15,2
1888,13,2
1888,16,3
1888,28,1
1889,33,3
1889,17,3
1889,3,3
1889,18,3
1890,2,1
1890,7,2
1890,32,2
1891,35,2
1891,38,1
1891,30,2
1891,34,1
1892,37,2
1892,2,2
1893,27,3
1894,20,2
1894,32,2
1894,14,3
1895,11,3
1896,12,2
1896,25,3
1896,26,1
1897,13,1
1897,33,3
1898,25,3
1898,36,1
1899,19,2
1900,31,3
1900,19,3
1900,6,1
1901,23,1
1901,15,2
1902,28,1
1902,5,3
1902,34,1
1903,28,1
1903,32,2
1903,6,2
1904,37,1
1904,28,1
1904,20,1
1904,15,3
1905,23,1
1905,0,2
1905,12,3
1905,3,2
1906,20,2
1906,15,2
1906,2,1
1907,14,1
1907,5,2
1908,13,2
1908,38,3
1908,30,2
1909,22,1
1909,36,3
1909,16,2
1909,13,2
1910,33,2
1910,8,2
1910,38,2
1910,6,1
1911,27,2
1911,28,3
1911,31,1
1911,17,3
1912,26,2
1912,12,3
1912,33,1
1913,11,2
1913,28,1
1914,20,3
1914,15,3
1914,31,3
1915,34,2
1915,35,1
1916,12,3
1917,24,2
1917,15,1
1917,3,1
1918,14,1
1919,6,2
1920,22,2
1920,14,2
1920,36,3
1920,21,3
1921,32,3
1921,20,2
1922,10,1
1922,6,2
1923,6,1
1924,6,3
1924,16,3
1924,9,2
1925,38,2
1926,32,1
1927,16,1
1927,18,1
1927,1,2
1927,27,1
1928,30,2
1928,23,3
1929,16,1
1929,36,2
1930,4,2
1930,3,1
1930,0,2
1930,17,3
1931,23,1
1932,0,1
1933,14,3
1933,24,2
1933,17,1
1933,19,2
1934,31,1
1935,7,3
1935,11,1
1936,17,3
1937,37,1
1937,20,2
1938,28,3
1938,2,2
1938,13,1
1939,0,1
1939,19,3
1939,31,3
1940,0,3
1941,25,3
1941,16,2
1942,2,3
1943,36,1
1943,5,1
1943,1,2
1944,31,2
1944,4,3
1945,7,1
1945,9,2
1945,11,3
1946,15,3
1946,32,1
1946,1,2
1947,8,3
1947,34,2
1947,37,1
1947,27,3
1948,3,3
1948,24,2
1948,5,2
1949,8,2
1949,32,1
1949,18,2
1949,14,1
1950,20,3
1950,13,1
1951,5,3
1952,35,3
1952,20,1
1952,23,2
1953,38,1
1953,6,3
1953,36,2
1954,16,3
1954,8,2
1955,5,2
1955,9,3
1955,36,2
1955,28,3
1956,30,1
1956,23,2
1956,24,2
1957,16,2
1957,32,1
1957,1,3
1958,0,1
1958,30,3
1959,34,2
1959,9,2
1960,13,2
1961,17,1
1962,13,2
1962,23,3
1962,36,2
1962,9,1
1963,17,1
1963,21,3
1963,9,2
1963,24,3
1964,35,2
1965,26,1
1965,31,2
1965,13,3
1966,25,1
1966,32,3
1967,0,2
1967,11,2
1967,21,3
1968,36,2
1968,26,3
1968,33,3
1968,14,1
1969,30,1
1969,25,2
1969,13,3
1969,14,2
1970,35,2
1971,26,3
1971,11,1
1972,4,2
1972,9,2
1972,36,1
1972,30,2
1973,26,1
1973,11,3
1973,13,3
1974,17,1
1975,24,3
1975,21,2
1975,28,2
1976,25,3
1976,5,1
1976,16,2
1976,11,3
1977,35,1
1977,11,3
1978,30,1
1978,22,2
1979,14,3
1980,28,1
1980,24,1
1980,37,2
1981,33,1
1981,7,2
1982,2,3
1982,1,3
1982,23,3
1982,16,3
1983,33,1
1983,18,1
1983,28,1
1984,26,3
1984,28,3
1984,32,3
1985,16,1
1985,38,2
1985,10,2
1986,16,2
1986,10,1
1986,2,1
1986,4,2
1987,22,2
1988,3,3
1988,24,1
1989,15,2
1989,14,2
1989,26,3
1989,8,2
1990,19,2
1990,21,3
1990,7,2
1991,22,2
1991,36,2
1991,8,3
1991,34,3
1992,9,1
1993,30,1
1993,29,1
1993,27,2
1993,25,1
1994,4,1
1994,28,1
1994,36,1
1994,9,3
1995,10,1
1995,20,1
1995,5,3
1996,6,1
1996,30,2
1997,34,2
1997,25,3
1997,11,3
1997,27,2
1998,15,2
1998,33,3
1998,19,1
1998,21,2
1999,1,1
1999,19,2
2000,34,2
2000,1,3
2001,23,3
2001,24,1
2001,27,3
2001,7,1
2002,29,3
2002,0,2
2002,14,1
2003,9,1
2003,2,3
2003,24,2
2003,10,1
2004,29,2
2005,8,3
2005,36,2
2005,25,2
2005,20,1
2006,26,3
2006,36,2
2006,4,2
2007,0,1
2008,20,1
2008,24,3
2009,10,2
2009,36,1
2009,8,3
2009,35,1
2010,30,2
2010,7,2
2011,4,1
2011,31,2
2011,16,3
2012,15,1
2012,18,2
2012,6,2
2013,6,3
2013,29,1
2013,18,2
2014,14,2
2015,30,3
2016,5,3
2016,30,2
2016,3,1
2017,30,3
2018,6,1
2018,36,1
2018,13,1
2018,29,1
2019,30,3
2019,13,1
2019,2,3
2020,12,1
2020,6,2
2020,14,1
2020,29,1
2021,33,2
2021,4,2
2021,35,3
2022,21,2
2022,26,3
2023,1,3
2023,3,3
2023,31,2
2023,19,1
2024,16,2
2024,11,1
2025,33,3
2026,4,2
2026,33,1
2027,29,3
2027,6,1
2028,23,3
2028,31,1
2028,38,3
2029,6,2
2029,32,1
2030,16,3
2031,34,2
2031,7,1
2032,34,2
2032,13,3
2032,31,3
2033,1,2
2034,37,3
2035,22,1
2035,38,2
2035,6,3
2035,8,3
2036,32,2
2037,11,3
2037,24,2
2037,17,3
2037,26,1
2038,31,1
2038,14,2
2039,35,3
2039,5,1
2040,10,1
2040,13,3
2040,38,1
2040,24,2
2041,20,3
2041,25,1
2042,30,3
2043,5,2
2043,12,1
2043,37,1
2044,34,1
2044,14,2
2044,27,2
2045,27,1
2045,16,3
2045,13,3
2046,9,3
2046,10,2
2047,37,2
2047,24,3
2048,5,2
2048,31,2
2049,28,3
2049,37,3
2049,33,3
2049,19,1
2050,38,2
2050,12,1
2050,14,3
2050,23,3
2051,31,1
2051,1,2
2051,17,3
2051,2,3
2052,9,1
2052,15,3
2052,21,2
2052,2,2
2053,18,3
2053,37,2
2053,1,1
2054,18,2
2054,17,3
2054,3,3
2055,0,3
2056,15,3
2056,12,2
2056,0,1
2057,18,1
2058,17,3
2058,26,2
2059,33,3
2060,25,2
2060,30,2
2060,3,1
2060,12,3
2061,24,2
2061,31,2
2061,0,2
2062,38,2
2063,21,2
2063,35,1
2063,11,2
2063,34,3
2064,25,3
2065,8,1
2065,24,3
2065,26,3
2066,36,2
2066,2,3
2066,38,3
2066,3,1
2067,30,3
2068,7,2
2068,10,2
2068,8,3
2068,37,3
2069,27,3
2069,19,3
2069,3,2
2070,6,3
2070,1,1
2071,20,2
2071,22,3
2072,5,2
2072,6,1
2072,4,3
2072,20,3
2073,13,2
2073,16,3
2073,22,1
2073,15,3
2074,38,2
2074,11,2
2074,34,3
2074,10,1
2075,12,2
2076,30,3
2076,3,3
2077,16,1
2078,34,3
2079,0,2
2079,4,2
2080,37,2
2080,3,2
2080,38,1
2081,23,1
2082,37,2
2082,36,1
2082,6,3
2082,4,2
2083,24,1
2084,2,1
2084,32,3
2084,21,2
2084,14,3
2085,9,1
2085,14,3
2085,37,1
2086,23,2
2087,12,2
2087,21,2
2087,38,2
2088,29,3
2088,8,3
2088,35,1
2088,18,2
2089,22,3
2090,9,3
2090,1,1
2090,22,1
2091,24,3
2091,27,1
2092,13,3
2092,5,2
2092,24,2
2092,2,2
2093,6,2
2094,0,3
2094,18,3
2094,5,3
2094,36,1
2095,36,1
2095,31,1
2096,17,1
2096,19,1
2097,13,1
2097,34,3
2098,2,2
2098,24,1
2098,30,3
2098,16,3
2099,31,3
2100,5,3
2100,11,2
2100,20,1
2100,27,3
2101,30,2
2101,32,1
2101,31,3
2101,34,3
2102,15,1
2103,7,2
2103,23,1
2103,21,2
2103,0,3
2104,14,3
2104,21,1
2104,28,2
2104,3,1
2105,20,1
2105,27,3
2106,29,1
2106,33,2
2106,12,3
2107,23,3
2107,17,2
2107,35,3
2107,4,2
2108,29,3
2108,27,1
2108,0,1
2108,22,3
2109,35,1
2109,9,2
2110,12,3
2110,9,2
2110,18,3
2110,34,3
2111,11,1
2112,24,1
2112,17,3
2112,23,3
2112,26,3
2113,37,3
2113,17,3
2114,0,2
2114,6,1
2114,7,2
2115,14,3
2115,34,1
2115,27,3
2116,33,3
2116,24,1
2116,22,2
2116,28,3
2117,14,2
2117,21,3
2117,32,3
2117,25,1
2118,7,3
2118,25,1
2118,6,2
2118,17,3
2119,25,2
2119,2,3
2119,0,1
2120,20,1
2120,26,2
2121,21,3
2121,36,3
2121,16,1
2122,2,2
2123,26,2
2123,22,2
2123,10,2
2124,26,2
2125,30,1
2125,24,1
2125,36,2
2125,16,2
2126,10,3
2126,6,2
2126,7,3
2127,36,2
2128,8,3
2128,26,2
2128,5,2
2129,10,1
2130,16,2
2130,0,2
2130,35,1
2130,12,2
2131,27,2
2132,29,3
2132,13,3
2133,16,3
2133,34,2
2134,6,3
2134,17,3
2134,23,2
2135,38,3
2135,32,1
2136,33,3
2136,15,1
2137,30,3
2138,25,2
2138,6,3
2138,36,3
2139,18,2
2140,14,3
2140,35,1
2141,12,2
2142,18,3
2142,25,1
2142,13,1
2143,19,3
2144,35,1
2144,25,2
2144,10,3
2144,8,3
2145,30,1
2145,31,3
2145,2,2
2145,24,3
2146,19,1
2146,16,2
2146,12,1
2147,20,2
2147,14,1
2147,29,1
2148,23,1
2148,21,1
2149,12,2
2149,16,2
2150,0,3
2150,27,2
2150,10,3
2150,33,1
2151,35,1
2151,26,3
2151,29,2
2151,13,2
2152,1,1
2152,17,3
2152,37,3
2153,23,3
2154,24,1
2154,38,2
2154,31,2
2155,36,2
2155,12,3
2156,33,2
2156,35,3
2157,24,2
2158,29,3
2158,11,1
2159,15,2
2159,9,3
2159,38,3
2160,18,1
2160,5,2
2160,24,2
2160,10,2
2161,6,1
2161,35,3
2162,19,2
2162,20,2
2163,24,3
2163,3,1
2164,6,2
2165,11,2
2165,3,3
2165,15,3
2165,26,3
2166,31,3
2166,22,1
2167,6,3
2167,33,2
2167,25,2
2167,26,1
2168,1,1
2168,32,1
2168,7,2
2169,11,1
2169,10,2
2170,0,3
2171,25,3
2172,27,2
2172,7,1
2172,16,2
2173,20,1
2173,32,1
2173,15,2
2174,32,2
2175,2,3
2175,16,2
2175,1,1
2175,35,1
2176,31,2
2176,24,2
2176,22,1
2176,20,1
2177,25,1
2177,14,1
2177,7,3
2178,19,3
2179,26,2
2179,17,2
2180,5,3
2181,18,2
2181,28,2
2181,17,1
2181,31,3
2182,23,2
2182,32,1
2182,21,1
2183,29,1
2184,0,1
2184,15,2
2184,7,1
2184,18,3
2185,37,1
2186,3,2
2186,36,1
2186,22,1
2187,36,2
2187,1,1
2187,32,3
2188,30,3
2188,26,2
2189,0,3
2189,9,1
2189,31,2
2190,10,1
2190,5,3
2190,18,2
2190,13,3
2191,12,3
2191,26,2
2191,7,2
2191,23,1
2192,29,2
2192,37,2
2192,34,2
2192,4,3
2193,4,2
2194,31,3
2194,10,2
2194,26,2
2195,13,3
2196,30,2
2197,28,3
2198,7,1
2198,37,2
2199,23,1
2199,28,1
2199,8,3
2200,10,2
2201,27,3
2201,30,2
2202,27,3
2202,2,1
2202,19,3
2202,6,3
2203,1,3
2203,29,1
2203,15,2
2204,30,1
2204,15,3
2204,7,2
2204,21,1
2205,11,2
2206,3,2
2207,7,2
2207,1,2
2208,37,3
2208,33,1
2208,27,2
2209,2,3
2209,30,2
2209,3,2
2210,15,2
2210,36,1
2210,9,3
2211,31,3
2211,5,1
2211,32,2
2211,36,1
2212,2,2
2212,24,1
2213,11,1
2213,13,3
2213,30,2
2213,3,2
2214,26,1
2214,5,2
2215,0,3
2215,12,1
2215,4,2
2215,18,1
2216,1,3
2216,20,3
2216,0,2
2217,28,2
2218,35,1
2219,34,2
2219,11,1
2219,14,3
2220,37,3
2220,25,2
2221,25,2
2222,19,1
2223,25,2
2223,4,1
2223,37,1
2224,1,2
2224,19,2
2224,22,3
2225,28,3
2225,33,2
2226,9,2
2227,7,1
2227,33,2
2227,18,1
2227,37,3
2228,33,2
2228,19,1
2228,18,3
2228,23,1
2229,2,1
2229,17,3
2229,18,1
2229,8,2
2230,20,3
2230,33,1
2231,26,3
2231,27,1
2231,24,3
2231,35,1
2232,9,1
2233,6,3
2233,38,1
2233,15,1
2234,10,3
2235,0,1
2235,21,2
2235,32,3
2236,17,3
2236,28,2
2236,5,3
2236,38,1
2237,23,1
2238,33,3
2238,5,2
2238,16,1
2238,36,2
2239,10,1
2239,34,2
2239,28,2
2239,26,3
2240,20,3
2240,31,3
2241,34,3
2241,17,1
2242,13,3
2242,20,3
2243,2,2
2244,11,1
2244,9,3
2244,23,1
2245,7,2
2246,4,3
2246,15,2
2246,22,1
2246,1,2
2247,16,1
2247,28,3
2248,18,1
2248,37,2
2248,6,2
2248,10,3
2249,28,1
2249,6,2
2250,27,2
2250,16,2
2250,3,1
2250,4,2
2251,3,1
2251,17,2
2252,37,3
2252,17,2
2253,35,3
2254,17,3
2255,34,1
2256,21,3
2256,25,2
2256,32,3
2256,30,1
2257,35,3
2257,7,1
2257,19,1
2258,5,1
2258,13,3
2258,19,2
2259,6,2
2260,38,3
2260,34,1
2260,31,1
2260,1,1
2261,5,2
2261,7,3
2262,32,3
2263,28,2
2263,35,2
2263,34,1
2264,8,1
2265,28,3
2265,4,1
2266,9,3
2267,20,3
2268,31,2
2269,27,2
2269,17,2
2269,8,1
2270,6,3
2270,37,1
2271,38,3
2272,32,2
2272,20,3
2273,23,2
2273,5,3
2274,10,1
2274,22,2
2274,25,1
2275,17,2
2275,26,2
2275,8,1
2275,14,3
2276,24,2
2277,20,3
2277,28,2
2278,2,2
2278,28,3
2278,11,3
2278,36,3
2279,8,1
2280,31,3
2281,31,2
2281,26,3
2281,29,3
2282,5,1
2282,2,3
2282,19,3
2282,7,1
2283,15,3
2283,21,2
2283,4,3
2283,5,1
2284,11,2
2284,29,2
2285,10,2
2285,3,3
2286,23,3
2286,33,2
2287,6,3
2287,23,1
2288,21,1
2288,22,1
2289,32,3
2289,17,1
2289,35,2
2290,31,2
2290,5,2
2290,4,3
2291,3,3
2292,15,1
2292,37,1
2292,34,1
2292,6,1
2293,38,3
2293,12,1
2293,22,3
2293,35,3
2294,19,1
2295,30,3
2295,22,1
2295,15,3
2296,37,3
2296,0,3
2297,14,1
2298,10,1
2298,12,3
2299,3,1
2299,5,2
2299,10,3
2299,21,3
2300,37,2
2301,17,2
2302,18,3
2302,37,3
2303,6,3
2303,16,2
2304,0,2
2304,11,3
2305,23,2
2306,15,2
2306,30,1
2306,6,2
2306,31,1
2307,20,1
2307,14,1
2307,15,2
2308,12,3
2309,17,1
2309,37,1
2310,11,2
2310,30,2
2310,6,2
2311,17,3
2311,14,1
2312,14,3
2312,2,2
2312,29,3
2313,31,3
2313,32,1
2313,2,1
2314,37,3
2315,4,2
2315,29,3
2316,27,3
2316,16,3
2316,4,1
2317,7,3
2317,29,2
2317,8,3
2318,13,3
2318,35,2
2319,19,3
2320,22,1
2320,24,3
2320,1,1
2321,30,1
2321,25,2
2322,8,1
2322,20,1
2322,23,3
2323,9,3
2323,37,1
2324,28,2
2324,11,3
2325,15,1
2325,14,2
2325,19,1
2325,27,3
2326,30,1
2326,1,3
2327,11,1
2327,22,2
2328,35,3
2328,9,2
2329,16,3
2329,32,1
2330,9,1
2331,21,3
2332,10,2
2332,31,3
2333,13,2
2334,10,2
2334,13,3
2334,8,1
2334,24,3
2335,35,1
2335,37,2
2335,8,3
2336,16,1
2336,11,2
2336,14,1
2337,7,1
2337,29,1
2338,5,2
2338,28,1
2338,7,1
2339,22,1
2339,35,2
2339,7,3
2339,6,1
2340,28,2
2340,17,1
2341,30,3
2341,35,3
2342,36,1
2343,16,2
2343,28,1
2343,8,2
2343,36,2
2344,11,1
2344,9,1
2344,3,1
2345,1,3
2345,3,2
2346,34,3
2346,6,2
2347,3,2
2347,23,2
2348,38,2
2348,8,2
2349,20,1
2349,18,3
2349,1,3
2349,2,1
2350,12,3
2350,27,3
2350,3,1
2350,34,1
2351,22,3
2351,36,2
2351,25,1
2351,0,3
2352,17,1
2352,14,3
2352,2,2
2352,10,1
2353,12,2
2353,29,2
2354,19,3
2354,22,2
2354,32,2
2355,1,1
2355,18,1
2356,36,1
2356,38,1
2356,9,1
2356,5,2
2357,22,2
2357,35,3
2358,3,2
2358,2,3
2359,10,1
2359,31,1
2359,7,1
2359,22,3
2360,12,2
2360,27,1
2360,36,3
2361,21,1
2361,33,1
2361,16,1
2362,1,3
2363,4,1
2364,33,3
2365,21,1
2365,0,3
2365,13,2
2366,35,1
2367,20,1
2367,9,3
2368,21,1
2368,14,3
2368,20,2
2369,20,2
2369,11,3
2369,3,2
2369,4,1
2370,34,3
2370,15,1
2370,33,1
2371,9,2
2371,28,2
2371,6,1
2372,38,3
2372,30,1
2372,34,3
2372,21,1
2373,21,2
2373,4,2
2374,19,2
2374,25,1
2374,33,1
2374,37,2
2375,22,3
2375,4,3
2376,19,1
2377,1,2
2377,38,2
2377,31,2
2378,6,3
2378,17,1
2379,4,2
2379,31,2
2380,19,2
2380,16,2
2380,3,2
2381,14,3
2381,26,3
2382,26,3
2383,28,1
2384,1,3
2384,3,3
2384,7,1
2385,26,1
2386,9,1
2386,27,3
2387,5,1
2387,1,2
2387,22,1
2388,34,2
2388,15,3
2388,2,3
2388,30,1
2389,29,3
2389,37,2
2389,4,2
2389,32,2
2390,9,1
2391,26,2
2391,14,3
2391,17,1
2391,25,2
2392,31,3
2393,8,1
2394,38,1
2394,35,2
2394,30,2
2395,6,2
2396,14,2
2396,2,2
2396,1,2
2397,10,3
2397,16,3
2397,36,3
2397,3,3
2398,8,2
2399,12,3
2399,1,3
2400,14,1
2400,2,3
2400,22,1
2400,35,2
2401,22,2
2401,1,1
2401,32,1
2401,2,3
2402,18,3
2402,14,1
2402,4,2
2402,7,1
2403,38,1
2403,31,2
2404,15,2
2405,11,2
2405,31,1
2406,32,3
2406,36,3
2406,4,1
2407,26,2
2407,36,2
2407,0,1
2407,5,1
2408,6,2
2409,21,1
2410,0,3
2410,22,2
2411,26,1
2411,29,1
2412,38,2
2412,21,1
2412,12,2
2413,17,3
2413,9,2
2414,35,2
2415,23,1
2415,29,2
2415,22,2
2416,28,1
2416,12,1
2416,8,2
2417,34,3
2417,0,2
2417,8,1
2417,1,2
2418,2,1
2418,31,1
2418,33,3
2418,24,1
2419,32,3
2419,10,3
2419,8,2
2420,33,3
2420,9,1
2420,30,3
2421,25,2
2421,24,3
2421,31,2
2421,26,3
2422,29,3
2423,29,2
2424,7,1
2424,25,2
2424,29,3
2425,1,2
2426,7,3
2426,18,3
2427,9,3
2427,15,2
2427,5,1
2427,26,3
2428,14,2
2428,38,3
2428,36,1
2428,26,1
2429,35,2
2430,26,2
2430,25,3
2430,1,1
2431,35,1
2431,17,1
2431,2,1
2432,14,3
2432,17,3
2432,29,2
2432,4,1
2433,23,2
2433,29,3
2433,1,1
2434,36,2
2434,33,2
2435,13,1
2435,14,1
2436,33,2
2436,1,1
2436,12,2
2436,20,3
2437,3,2
2437,24,2
2437,35,2
2437,1,3
2438,34,3
2438,4,1
2438,31,2
2438,21,2
2439,24,1
2439,6,1
2439,25,2
2440,16,2
2440,9,3
2441,30,1
2441,22,1
2442,19,1
2442,5,2
2442,16,1
2443,32,3
2443,6,3
2443,4,2
2443,27,1
2444,31,2
2444,21,2
2444,35,3
2445,14,1
2445,5,2
2446,26,3
2446,1,3
2446,18,1
2447,31,1
2447,0,2
2447,1,3
2447,33,2
2448,23,2
2449,33,1
2449,23,3
2449,4,1
2449,27,2
2450,34,1
2451,37,2
2452,13,1
2452,4,1
2453,13,1
2453,16,2
2453,35,2
2453,30,1
2454,32,3
2454,26,1
2455,1,3
2455,5,2
2455,23,1
2456,27,3
2456,35,2
2456,7,2
2457,30,2
2457,23,2
2457,34,2
2457,16,1
2458,3,3
2458,0,1
2458,31,3
2459,32,2
2460,20,2
2460,29,2
2460,25,3
2461,35,1
2461,5,3
2461,25,2
2462,11,3
2462,2,2
2463,4,3
2464,33,2
2464,18,2
2464,13,3
2465,23,1
2465,30,2
2465,16,2
2465,18,2
2466,7,2
2466,0,2
2467,35,2
2467,10,3
2467,17,1
2467,3,3
2468,16,3
2468,38,2
2468,14,2
2468,24,1
2469,21,3
2469,29,3
2469,14,1
2470,4,2
2470,19,2
2470,36,1
2470,8,2
2471,1,3
2472,27,3
2472,23,2
2472,13,3
2473,17,1
2473,6,2
2474,16,1
2475,23,3
2475,21,1
2476,22,3
2476,23,3
2477,13,3
2478,16,3
2478,28,3
2479,20,2
2480,8,3
2480,23,1
2480,26,3
2481,4,1
2481,3,2
2481,36,3
2481,21,2
2482,12,1
2482,6,3
2482,18,1
2483,34,1
2483,5,3
2483,26,1
2483,32,3
2484,33,1
2484,21,1
2484,0,3
2484,13,1
2485,37,1
2485,21,3
2486,2,1
2486,22,2
2487,12,1
2487,28,2
2487,37,1
2488,12,2
2489,9,3
2489,15,3
2490,13,2
2490,9,1
2491,5,1
2491,25,3
2491,13,1
2492,25,2
2492,26,2
2492,19,2
2493,35,1
2493,20,2
2493,12,2
2494,8,1
2494,10,3
2494,27,1
2495,30,1
2495,18,3
2496,36,1
2497,25,2
2497,22,1
2497,18,1
2497,34,3
2498,1,1
2498,18,3
2498,36,3
2499,19,3
2500,31,3
2500,37,3
2500,23,2
2501,20,2
2501,25,1
2501,2,1
2501,37,2
2502,0,1
2503,22,2
2503,27,1
2503,16,2
2503,21,2
2504,33,2
2504,32,2
2504,12,3
2504,10,2
2505,14,3
2505,32,1
2505,33,2
2505,11,1
2506,27,2
2506,22,2
2507,35,3
2507,31,1
2507,38,2
2508,27,3
2508,25,3
2508,31,3
2508,22,1
2509,13,1
2509,37,2
2509,27,2
2509,34,2
2510,38,3
2510,33,2
2510,22,2
2511,15,2
2512,6,1
2512,28,2
2512,0,3
2512,26,1
2513,34,1
2514,34,3
2515,26,2
2515,17,2
2515,18,1
2516,3,2
2517,16,2
2517,34,3
2517,33,2
2517,24,1
2518,6,1
2518,4,3
2518,30,1
2518,15,2
2519,8,3
2519,35,2
2519,1,1
2520,4,1
2520,26,2
2520,13,3
2520,5,2
2521,1,2
2521,4,3
2521,29,3
2521,33,2
2522,34,3
2523,27,3
2523,10,3
2524,36,1
2524,27,1
2524,5,2
2525,23,2
2525,32,2
2525,18,3
2526,23,3
2527,2,1
2527,28,2
2527,11,1
2527,37,3
2528,27,1
2528,4,2
2529,15,3
2529,28,3
2529,4,1
2530,24,3
2530,16,3
2530,12,2
2531,5,1
2531,8,3
2532,20,2
2532,36,1
2532,32,1
2533,26,1
2534,37,1
2534,31,2
2535,15,1
2535,29,2
2535,12,2
2536,11,3
2537,29,3
2538,24,1
2538,25,2
2538,6,1
2538,38,1
2539,21,2
2540,35,3
2540,9,3
2541,12,1
2541,26,1
2542,33,2
2543,15,2
2543,20,3
2543,5,1
2544,34,1
2545,15,2
2545,1,3
2545,36,3
2546,19,3
2547,36,1
2548,15,2
2548,18,3
2548,35,3
2548,10,3
2549,35,2
2549,19,1
2549,36,2
2550,18,3
2551,10,3
2551,29,3
2552,1,1
2553,9,3
2553,10,2
2553,35,1
2554,12,1
2555,2,1
2555,22,1
2555,29,1
2555,13,3
2556,33,2
2556,34,2
2556,2,1
2557,9,3
2558,16,1
2559,8,2
2560,4,3
2561,8,2
2561,20,1
2562,8,1
2562,24,1
2562,16,3
2562,28,1
2563,18,3
2564,1,3
2564,21,3
2564,34,1
2564,16,1
2565,7,1
2565,0,1
2565,21,1
2565,3,3
2566,31,2
2566,2,1
2566,1,3
2566,35,1
2567,13,1
2567,22,2
2567,25,1
2567,7,3
2568,1,3
2568,22,1
2568,11,3
2568,17,2
2569,5,1
2569,8,3
2570,8,2
2570,29,3
2570,11,1
2570,30,1
2571,33,2
2571,12,2
2571,28,3
2572,5,3
2572,4,1
2572,19,3
2573,9,3
2574,27,2
2575,4,3
2575,25,2
2575,2,2
2575,21,1
2576,15,2
2577,30,3
2577,35,1
2577,25,3
2578,28,1
2579,12,2
2579,24,1
2579,34,1
2580,13,1
2580,19,2
2581,33,3
2581,14,2
2581,9,2
2582,12,1
2582,11,2
2582,21,2
2583,12,2
2583,26,3
2584,25,1
2584,0,2
2585,6,1
2585,33,2
2586,2,1
2586,0,3
2586,28,2
2586,20,3
2587,36,1
2588,29,1
2588,30,1
2588,6,3
2588,36,2
2589,27,1
2589,0,1
2590,36,2
2590,37,3
2590,25,3
2590,17,2
2591,9,2
2591,38,2
2592,19,1
2593,21,1
2594,35,1
2595,35,1
2595,12,3
2596,33,2
2596,37,1
2597,30,3
2597,29,3
2597,9,1
2597,15,1
2598,28,2
2598,22,2
2599,31,1
2599,30,3
2599,20,1
2599,5,2
2600,31,1
2600,8,2
2600,30,3
2600,28,2
2601,16,2
2601,22,1
2601,17,3
2601,38,1
2602,8,2
2603,2,3
2604,27,2
2604,22,3
2604,38,2
2605,11,1
2605,15,3
2606,8,2
2607,0,2
2607,23,1
2607,5,1
2607,25,3
2608,26,3
2608,6,3
2608,22,2
2608,5,2
2609,8,3
2609,33,1
2609,35,1
2610,3,1
2610,37,1
2610,28,3
2611,19,1
2611,3,2
2611,35,2
2612,28,2
2612,34,3
2612,29,3
2612,17,3
2613,19,2
2613,0,2
2614,27,1
2615,1,1
2615,38,1
2615,35,1
2616,16,1
2616,12,2
2616,32,2
2617,30,2
2617,23,3
2617,4,1
2617,28,1
2618,6,3
2619,19,1
2619,29,1
2619,1,1
2619,38,2
2620,37,1
2620,29,1
2621,22,3
2622,32,3
2622,12,3
2623,16,2
2623,35,2
2624,9,3
2624,22,1
2625,27,1
2625,4,1
2625,13,2
2625,30,3
2626,12,2
2626,19,3
2626,2,2
2627,9,1
2627,4,1
2627,3,2
2628,13,1
2629,13,3
2629,30,1
2629,1,2
2630,9,1
2630,29,1
2630,32,2
2630,6,2
2631,7,1
2632,1,2
2632,5,3
2632,14,3
2632,37,3
2633,11,2
2633,35,2
2633,19,2
2634,9,2
2634,20,1
2634,11,3
2634,12,3
2635,3,3
2635,32,2
2635,7,2
2636,35,3
2636,9,3
2637,20,3
2637,19,3
2637,15,1
2637,34,2
2638,2,2
2638,23,1
2638,5,1
2638,25,2
2639,35,1
2639,2,2
2640,33,1
2640,7,1
2641,30,1
2641,23,2
2642,18,2
2643,32,3
2643,20,1
2643,37,2
2643,27,3
2644,36,2
2644,27,2
2644,9,1
2644,32,2
2645,13,1
2645,38,1
2645,8,1
2646,6,2
2646,11,1
2646,36,3
2647,33,3
2647,7,3
2647,2,3
2648,32,1
2648,22,2
2648,13,1
2649,16,2
2649,18,1
2649,4,1
2650,16,1
2650,22,1
2651,13,2
2651,35,1
2651,24,2
2652,23,2
2652,30,2
2652,25,2
2653,30,1
2653,15,2
2653,6,2
2653,32,3
2654,3,2
2655,22,2
2655,15,3
2656,12,3
2656,38,2
2656,19,2
2657,19,1
2657,27,1
2658,31,2
2658,9,3
2659,14,2
2660,28,2
2660,38,3
2660,32,3
2660,15,2
2661,2,2
2661,24,2
2662,20,2
2662,30,3
2662,25,1
2663,30,3
2663,2,3
2664,9,3
2664,38,2
2664,36,3
2665,28,3
2666,8,3
2667,12,2
2667,11,2
2667,16,2
2667,9,1
2668,36,2
2668,4,3
2668,6,3
2668,28,2
2669,13,2
2669,26,1
2669,36,1
2670,26,1
2670,27,1
2670,12,3
2671,27,3
2671,5,1
2671,7,2
2672,1,3
2672,23,3
2672,28,3
2673,10,2
2673,36,2
2674,28,2
2674,37,1
2674,34,3
2675,3,2
2675,12,2
2676,30,3
2676,24,3
2677,11,2
2677,13,1
2677,33,3
2677,36,3
2678,14,1
2678,9,1
2678,8,3
2678,15,3
2679,32,2
2679,5,2
2680,0,3
2680,29,2
2681,24,1
2681,12,1
2682,9,2
2682,22,2
2682,38,2
2682,2,3
2683,38,2
2683,17,2
2683,33,1
2684,15,1
2684,31,1
2684,5,1
2684,7,2
2685,20,2
2686,38,2
2686,23,3
2686,3,1
2687,2,1
2687,21,1
2687,5,2
2688,26,3
2688,36,1
2688,25,3
2688,13,2
2689,0,3
2690,3,3
2690,5,2
2690,28,1
2690,13,1
2691,13,1
2692,25,1
2693,10,1
2694,4,1
2694,13,1
2695,14,3
2695,12,3
2696,32,3
2696,25,2
2696,9,1
2696,11,2
2697,28,1
2697,35,1
2697,37,2
2697,8,1
2698,0,2
2698,13,2
2698,1,3
2698,21,2
2699,32,3
2699,27,2
2700,16,1
2700,33,3
2700,14,3
2700,18,2
2701,36,2
2701,12,1
2701,26,1
2702,14,3
2702,12,2
2703,35,1
2703,22,1
2703,26,2
2703,34,1
2704,13,1
2704,14,1
2704,22,1
2705,23,1
2706,18,1
2706,23,3
2707,1,1
2707,23,3
2708,38,3
2708,25,2
2708,9,1
2709,23,3
2709,18,2
2710,23,2
2710,16,3
2710,27,2
2710,0,2
2711,32,2
2712,35,2
2712,28,2
2713,26,1
2714,21,3
2714,0,1
2715,15,1
2715,22,2
2715,8,3
2716,6,2
2716,35,1
2716,31,3
2717,35,2
2717,23,2
2717,10,3
2718,4,3
2719,19,1
2719,25,3
2719,32,3
2720,4,1
2720,24,2
2720,5,2
2720,29,2
2721,21,3
2721,24,3
2721,20,2
2721,34,3
2722,22,2
2722,5,3
2722,24,2
2723,32,3
2724,36,1
2724,10,2
2724,34,3
2725,35,3
2725,16,2
2725,25,2
2725,3,3
2726,18,2
2727,36,1
2728,11,1
2728,24,2
2729,14,3
2729,21,3
2730,29,3
2730,28,1
2730,35,2
2730,4,3
2731,12,1
2731,7,3
2731,25,2
2731,20,2
2732,16,2
2733,25,2
2734,32,2
2735,30,1
2735,35,3
2735,21,1
2736,1,3
2736,28,1
2736,7,1
2736,17,3
2737,34,2
2737,2,3
2737,3,1
2737,36,3
2738,30,1
2739,28,3
2739,37,2
2740,7,1
2741,29,1
2741,13,2
2742,2,2
2742,6,3
2742,9,2
2742,38,3
2743,24,3
2743,17,3
2743,35,3
2744,24,2
2744,18,1
2744,31,2
2745,5,1
2745,8,2
2745,23,2
2746,36,2
2746,33,3
2746,15,3
2747,38,3
2747,27,3
2747,21,1
2747,25,2
2748,26,3
2748,38,3
2748,3,3
2749,37,2
2750,2,2
2750,27,1
2751,35,1
2751,3,1
2751,27,2
2752,21,2
2752,37,1
2752,4,1
2753,34,2
2754,16,3
2755,3,1
2756,31,2
2757,27,3
2757,17,3
2757,24,1
2758,22,2
2759,38,2
2760,15,3
2760,25,3
2760,14,1
2761,6,2
2761,7,1
2762,0,1
2762,19,3
2763,6,3
2764,36,3
2765,8,1
2765,38,1
2765,21,1
2766,7,3
2766,2,2
2766,26,1
2767,34,2
2768,2,1
2768,16,1
2769,18,1
2769,0,3
2769,29,3
2770,22,2
2770,27,2
2770,12,3
2771,22,1
2771,38,1
2772,36,1
2772,10,3
2772,21,1
2773,30,2
2773,12,3
2773,5,3
2774,13,3
2774,32,2
2775,0,2
2775,38,1
2775,7,2
2775,23,3
2776,32,2
2776,21,3
2776,34,3
2777,1,2
2778,35,3
2779,33,3
2779,36,1
2779,5,1
2780,37,1
2780,9,1
2780,2,3
2781,11,1
2781,37,2
2782,29,3
2782,28,2
2782,14,3
2782,21,2
2783,33,1
2783,24,2
2783,38,1
2783,2,3
2784,38,3
2784,32,3
2784,15,3
2784,28,3
2785,30,2
2785,4,1
2785,27,2
2786,7,1
2787,11,1
2787,6,1
2787,31,1
2788,28,3
2789,27,2
2789,35,3
2789,29,2
2789,22,1
2790,9,3
2791,23,3
2791,26,1
2792,23,1
2792,5,1
2792,24,1
2793,12,1
2794,33,1
2794,1,3
2794,14,3
2794,19,2
2795,36,1
2796,38,1
2796,25,3
2796,28,3
2796,13,3
2797,25,1
2797,24,3
2797,14,2
2797,12,2
2798,6,3
2799,5,2
2799,14,1
2799,6,2
2800,32,2
2800,36,3
2800,6,1
2800,26,1
2801,37,3
2801,33,2
2801,14,2
2802,27,3
2803,4,1
2804,20,2
2804,13,1
2804,37,1
2804,24,1
2805,17,3
2806,33,2
2806,11,1
2806,10,1
2806,18,2
2807,7,1
2807,30,2
2808,17,3
2808,29,2
2808,5,1
2808,4,3
2809,10,1
2809,19,2
2809,30,3
2809,36,2
2810,21,1
2810,9,2
2810,17,3
2811,33,2
2811,4,2
2812,0,2
2812,20,2
2812,32,2
2813,10,1
2814,25,1
2814,30,3
2814,27,2
2814,3,2
2815,26,1
2815,21,2
2816,0,2
2816,35,3
2816,28,3
2816,9,1
2817,6,3
2817,14,2
2818,9,3
2818,28,1
2818,16,1
2818,36,1
2819,2,1
2819,33,1
2819,4,2
2819,26,2
2820,13,2
2820,29,3
2821,25,1
2822,9,2
2822,35,3
2822,10,1
2823,3,3
2823,1,2
2823,19,1
2823,30,3
2824,21,2
2824,5,2
2824,20,3
2825,16,3
2826,14,2
2826,17,1
2827,7,3
2827,38,1
2827,34,3
2828,36,1
2829,28,3
2829,11,3
2829,34,3
2829,20,3
2830,20,3
2831,17,1
2832,33,2
2833,19,3
2833,1,1
2834,23,2
2834,13,2
2834,34,2
2835,8,2
2835,16,2
2835,20,3
2835,32,3
2836,22,3
2836,18,1
2836,20,2
2836,31,3
2837,24,3
2837,32,2
2838,17,1
2838,5,3
2839,14,1
2839,23,3
2839,7,1
2840,22,2
2841,13,3
2841,25,1
2841,20,1
2841,38,1
2842,19,1
2842,11,3
2842,21,1
2842,33,2
2843,5,2
2843,29,1
2843,37,3
2843,3,3
2844,3,2
2845,23,3
2845,35,1
2845,2,3
2845,30,1
2846,32,3
2847,3,1
2847,21,3
2848,37,2
2848,9,1
2848,7,2
2849,8,1
2849,6,1
2850,28,2
2850,17,2
2850,18,2
2851,16,2
2851,18,1
2851,29,3
2851,37,3
2852,12,1
2852,21,2
2852,34,3
2852,8,1
2853,8,3
2853,27,2
2854,0,1
2854,18,3
2855,32,1
2856,32,1
2856,13,3
2857,24,1
2857,36,3
2857,13,3
2857,9,1
2858,8,2
2858,2,1
2859,25,1
2860,2,3
2860,21,1
2860,36,2
2860,1,3
2861,32,3
2862,6,1
2863,19,1
2863,9,1
2863,17,1
2864,1,3
2864,4,1
2864,11,3
2865,8,3
2866,35,1
2867,31,3
2867,21,1
2868,8,3
2868,29,3
2868,21,3
2869,11,1
2870,6,3
2871,29,2
2872,22,2
2873,9,1
2873,19,1
2873,3,2
2874,1,3
2874,22,2
2875,15,2
2876,11,1
2876,22,1
2877,31,2
2877,18,2
2877,12,3
2878,19,3
2879,30,2
2879,23,2
2880,17,3
2880,11,1
2881,37,1
2881,8,1
2882,26,1
2882,20,2
2882,35,2
2882,32,1
2883,21,1
2883,23,1
2883,14,2
2884,36,3
2884,1,2
2884,7,2
2884,25,1
2885,14,3
2885,32,1
2885,2,1
2886,29,3
2886,33,3
2886,1,2
2886,9,3
2887,17,3
2887,36,1
2888,27,3
2888,11,3
2888,29,2
2888,3,1
2889,6,3
2889,31,1
2889,12,3
2890,8,1
2890,20,2
2891,9,1
2891,37,3
2891,33,3
2891,8,1
2892,9,1
2892,21,1
2892,37,3
2892,20,2
2893,1,2
2893,22,1
2893,17,2
2893,29,2
2894,31,2
2894,0,1
2894,23,3
2895,22,2
2895,18,3
2895,16,3
2895,17,3
2896,8,3
2896,32,2
2897,13,3
2897,23,1
2898,11,1
2898,2,3
2898,28,3
2898,33,2
2899,36,1
2899,33,2
2899,0,2
2900,38,1
2900,20,3
2900,18,3
2901,29,3
2901,2,2
2901,17,1
2901,28,2
2902,36,3
2902,20,3
2902,30,2
2902,13,2
2903,10,3
2903,35,3
2903,15,1
2903,27,3
2904,36,1
2904,35,3
2904,14,3
2904,33,3
2905,15,2
2905,35,2
2905,1,1
2906,10,3
2906,37,1
2906,6,2
2907,17,2
2907,29,3
2907,34,3
2907,18,1
2908,1,3
2908,10,1
2908,29,2
2909,32,1
2910,12,3
2911,18,3
2911,6,2
2911,20,1
2912,3,3
2913,22,1
2914,16,2
2914,4,1
2914,6,3
2915,14,1
2916,33,1
2916,26,2
2916,31,2
2917,29,1
2918,29,1
2918,19,2
2919,18,3
2919,19,1
2919,35,1
2919,22,2
2920,2,3
2921,38,2
2921,33,1
2922,33,1
2922,37,3
2922,36,1
2922,3,1
2923,33,1
2923,22,3
2923,21,3
2924,12,2
2925,31,3
2925,14,2
2926,8,2
2927,28,1
2927,4,1
2928,25,3
2928,20,1
2929,26,2
2929,20,2
2929,1,1
2929,4,3
2930,35,1
2930,22,3
2930,13,3
2931,18,3
2932,30,2
2933,27,2
2933,20,2
2933,17,1
2933,30,2
2934,31,2
2934,27,3
2935,37,3
2935,3,2
2936,14,1
2936,25,3
2936,32,2
2937,20,2
2938,7,1
2938,24,2
2939,37,2
2939,8,2
2939,26,1
2939,7,2
2940,19,3
2940,27,3
2940,7,2
2940,15,1
2941,6,3
2941,12,1
2941,29,1
2941,37,3
2942,38,3
2942,35,1
2942,10,3
2942,27,3
2943,4,1
2943,2,2
2944,8,2
2944,38,2
2944,37,2
2944,29,3
2945,14,3
2945,15,3
2945,25,1
2946,17,1
2947,5,1
2947,23,3
2948,8,2
2948,3,3
2948,28,2
2949,23,3
2949,25,2
2949,12,3
2949,9,3
2950,38,3
2950,1,2
2950,27,1
2951,35,1
2951,4,1
2951,16,1
2951,26,3
2952,1,1
2952,10,3
2953,33,2
2954,30,3
2954,13,2
2955,1,1
2956,14,1
2956,32,2
2956,22,2
2957,24,2
2957,26,2
2957,25,1
2957,37,1
2958,31,1
2959,33,3
2959,26,2
2960,0,1
2960,28,3
2960,23,1
2960,26,1
2961,13,3
2962,36,1
2962,13,3
2962,33,2
2963,35,1
2963,28,1
2964,9,2
2964,6,2
2965,38,3
2966,17,2
2967,10,2
2968,13,2
2968,24,1
2968,37,3
2969,1,2
2969,4,2
2970,1,1
2970,4,1
2970,23,3
2970,26,2
2971,28,1
2971,8,1
2971,37,3
2971,30,2
2972,33,3
2972,15,3
2972,16,3
2972,17,3
2973,17,1
2973,1,3
2974,10,2
2974,21,2
2974,25,3
2974,23,2
2975,36,1
2975,4,2
2976,26,2
2977,33,3
2978,21,2
2978,3,3
2978,23,3
2979,27,2
2979,25,1
2979,13,3
2980,18,3
2980,1,3
2981,23,1
2981,15,3
2981,30,1
2982,20,3
2982,37,2
2982,38,3
2983,33,2
2983,37,1
2983,0,1
2984,18,3
2984,0,2
2984,13,1
2984,36,1
2985,24,1
2985,20,2
2986,2,2
2986,27,1
2987,6,2
2987,2,2
2988,13,3
2988,26,3
2988,31,1
2989,7,3
2989,32,1
2990,1,3
2990,33,1
2991,37,3
2991,23,1
2992,1,1
2992,0,1
2992,21,1
2992,31,2
2993,16,3
2994,21,3
2994,1,3
2994,22,1
2994,11,1
2995,26,3
2995,6,2
2996,3,3
2996,8,3
2996,21,2
2996,11,1
2997,7,1
2997,27,2
2997,24,3
2998,38,2
2998,32,1
2998,34,2
2998,3,1
2999,12,2
2999,6,2
2999,31,3
2999,10,3
3000,0,1
3000,12,1
3000,26,1
3000,20,1
3001,17,3
3001,20,2
3001,11,2
3002,32,1
3002,10,1
3002,31,1
3002,36,3
3003,31,1
3003,23,1
3004,9,2
3004,19,2
3004,4,1
3004,28,3
3005,4,1
3005,0,1
3006,29,2
3006,30,3
3007,4,3
3008,6,1
3009,19,2
3009,29,2
3010,35,3
3010,30,3
3010,25,2
3010,5,2
3011,13,1
3012,4,3
3012,2,3
3013,27,2
3014,11,2
3015,4,3
3015,30,3
3016,29,2
3016,2,3
3016,37,1
3016,33,3
3017,14,1
3017,20,2
3017,2,3
3017,35,2
3018,7,3
3018,22,1
3018,20,3
3019,7,2
3019,15,2
3020,7,2
3020,2,2
3020,1,1
3021,0,1
3021,17,2
3022,12,1
3022,15,3
3023,10,2
3023,16,2
3023,35,2
3023,34,3
3024,32,2
3024,19,3
3024,21,1
3025,0,1
3025,34,2
3025,26,1
3025,2,2
3026,25,1
3026,16,2
3027,24,1
3027,15,3
3028,16,3
3028,5,3
3028,37,2
3028,4,2
3029,25,3
3030,12,1
3030,29,1
3030,36,3
3031,37,3
3031,5,2
3031,7,1
3032,16,3
3032,3,1
3032,34,3
3032,14,1
3033,19,1
3033,7,3
3033,36,2
3033,1,2
3034,34,3
3034,30,1
3035,35,3
3035,26,2
3035,16,2
3035,36,2
3036,38,2
3036,37,2
3036,22,3
3037,25,3
3037,7,2
3038,9,1
3038,0,3
3039,26,3
3039,32,2
3040,11,2
3040,25,3
3040,21,3
3040,32,2
3041,17,3
3042,1,1
3042,17,1
3042,35,2
3042,37,1
3043,1,1
3043,0,3
3043,29,1
3044,27,3
3045,38,3
3045,29,3
3045,27,3
3045,1,2
3046,16,2
3046,5,2
3046,14,2
3047,13,1
3047,12,2
3047,24,2
3048,28,3
3049,32,2
3049,36,3
3049,18,1
3050,28,3
3051,5,3
3052,17,3
3052,18,1
3052,10,2
3053,8,2
3053,28,3
3054,34,2
3054,27,3
3054,26,3
3055,3,2
3055,7,2
3055,32,1
3056,2,1
3056,35,1
3056,23,2
3056,30,2
3057,38,3
3058,20,1
3058,23,1
3059,28,1
3060,3,3
3060,25,3
3060,7,3
3061,12,3
3061,2,1
3061,27,1
3061,31,1
3062,2,2
3062,6,2
3063,2,3
3063,34,2
3064,10,2
3064,29,3
3064,26,1
3064,32,3
3065,34,2
3065,7,1
3066,36,3
3066,35,1
3066,10,2
3066,20,1
3067,2,1
3068,29,2
3068,34,2
3068,20,3
3068,23,3
3069,37,1
3069,1,1
3070,5,1
3070,27,2
3070,37,1
3071,2,1
3071,8,1
3071,37,1
3071,12,1
3072,3,1
3072,6,1
3073,37,1
3073,24,2
3074,19,3
3075,4,1
3075,0,3
3075,31,2
3075,33,1
3076,3,1
3077,16,3
3077,23,3
3077,35,2
3077,33,1
3078,32,2
3079,27,2
3080,23,2
3080,20,2
3080,1,1
3081,9,2
3081,23,3
3082,19,3
3082,36,1
3082,33,2
3082,30,2
3083,32,2
3083,0,1
3083,36,3
3084,12,2
3084,11,2
3084,10,3
3085,36,3
3086,1,1
3086,3,3
3086,29,3
3087,5,2
3087,20,3
3088,30,2
3088,14,2
3088,33,3
3088,24,2
3089,37,1
3089,34,2
3089,17,3
3090,18,1
3090,33,2
3091,6,1
3091,3,2
3092,16,1
3092,11,2
3092,26,3
3093,13,2
3093,31,2
3093,26,3
3094,36,2
3095,12,2
3095,21,3
3095,16,1
3096,5,3
3096,9,3
3096,0,3
3097,1,3
3098,27,2
3098,7,3
3099,29,1
3099,17,2
3099,1,1
3099,36,3
3100,30,1
3100,0,3
3100,15,3
3101,27,3
3101,33,2
3102,25,1
3102,18,1
3102,11,2
3102,23,2
3103,31,2
3104,6,1
3104,4,2
3104,18,3
3105,14,3
3105,12,1
3106,22,3
3106,11,1
3106,28,3
3106,30,2
3107,28,2
3107,9,3
3107,0,1
3108,6,2
3108,21,2
3108,36,1
3108,0,1
3109,37,1
3109,13,2
3109,6,2
3109,0,2
3110,6,2
3110,18,2
3110,29,3
3110,33,1
3111,3,1
3111,9,3
3112,34,3
3112,37,1
3112,20,1
3113,8,2
3113,37,3
3114,32,1
3114,1,3
3115,10,1
3115,36,2
3115,33,3
3116,32,2
3116,37,2
3116,3,2
3116,4,2
3117,12,2
3118,35,1
3118,3,1
3119,29,2
3120,37,1
3120,31,3
3120,23,1
3120,5,1
3121,33,2
3121,34,3
3121,15,3
3121,38,2
3122,34,2
3122,18,3
3122,0,3
3123,3,1
3123,35,2
3123,5,1
3123,18,3
3124,35,1
3124,2,2
3124,29,3
3124,14,1
3125,12,1
3125,3,2
3126,32,2
3126,8,1
3126,7,3
3127,17,3
3128,27,2
3128,22,1
3128,8,3
3128,38,3
3129,32,2
3129,5,3
3129,6,3
3129,23,2
3130,7,3
3130,13,2
3130,36,3
3131,11,1
3131,0,1
3131,8,2
3131,19,2
3132,36,3
3133,11,1
3134,21,1
3134,37,3
3134,19,2
3134,20,3
3135,5,2
3135,34,1
3136,9,2
3137,31,2
3137,20,3
3138,28,3
3138,30,2
3138,1,3
3138,35,2
3139,9,1
3139,32,1
3139,23,2
3140,9,3
3140,13,3
3141,6,1
3141,36,3
3141,17,3
3142,2,2
3142,37,1
3142,18,3
3142,36,1
3143,35,2
3143,33,3
3143,32,3
3143,10,1
3144,34,2
3144,30,3
3145,0,3
3145,14,2
3145,29,3
3146,15,3
3147,8,3
3148,23,1
3148,16,3
3149,3,1
3149,19,2
3150,14,3
3150,4,2
3151,13,2
3151,8,2
3151,30,3
3151,7,2
3152,4,2
3152,36,3
3153,38,2
3154,32,3
3154,11,3
3155,35,3
3156,33,2
3156,5,3
3156,25,1
3156,37,1
3157,27,1
3157,11,1
3157,5,3
3157,6,1
3158,14,1
3158,27,1
3158,5,2
3159,15,3
3159,24,3
3160,20,1
3161,12,2
3161,30,1
3161,31,3
3162,12,1
3162,10,2
3162,23,1
3162,37,2
3163,4,1
3164,21,3
3164,22,2
3164,18,1
3165,0,2
3165,22,2
3165,34,2
3165,11,3
3166,20,3
3166,26,2
3166,27,1
3166,35,3
3167,8,2
3167,4,1
3168,17,2
3169,18,1
3170,37,2
3170,28,2
3170,6,1
3170,35,1
3171,21,1
3171,29,3
3172,9,3
3172,12,1
3172,3,3
3173,21,1
3173,10,2
3173,1,3
3174,5,1
3174,21,1
3174,30,3
3174,15,1
3175,3,1
3175,0,3
3175,18,1
3175,9,1
3176,18,2
3176,33,1
3176,24,3
3176,36,3
3177,28,3
3177,34,1
3177,16,2
3177,2,1
3178,28,2
3178,10,2
3178,13,1
3178,37,2
3179,30,3
3179,9,1
3179,8,3
3179,17,2
3180,20,1
3180,18,2
3180,35,2
3180,28,3
3181,6,3
3182,13,1
3182,1,2
3182,24,2
3183,16,1
3183,4,2
3184,23,2
3184,13,3
3184,25,2
3185,10,3
3185,8,3
3185,34,3
3186,32,1
3186,15,2
3186,7,2
3186,1,3
3187,11,1
3187,33,3
3187,3,1
3188,24,2
3189,25,2
3190,25,3
3191,22,2
3191,25,2
3191,18,2
3191,15,3
3192,1,2
3193,3,3
3193,6,1
3193,36,1
3194,26,1
3194,9,1
3195,5,2
3195,30,1
3196,27,2
3197,29,2
3197,0,2
3198,29,1
3198,1,2
3198,10,2
3198,3,2
3199,36,3
3200,12,3
3200,32,2
3200,9,2
3200,30,1
3201,3,3
3201,28,1
3201,22,2
3201,18,1
3202,36,2
3202,23,1
3202,3,2
3203,25,2
3203,23,2
3203,29,1
3204,17,1
3205,19,2
3205,10,3
3205,0,2
3206,12,1
3206,16,2
3206,17,3
3206,11,3
3207,24,3
3207,28,2
3207,13,3
3208,0,1
3208,15,1
3208,17,2
3209,25,3
3209,17,1
3209,35,1
3210,30,3
3210,14,2
3211,3,2
3211,26,2
3212,8,1
3213,25,2
3213,2,1
3213,26,2
3213,10,1
3214,26,1
3214,13,1
3214,0,3
3215,9,2
3215,36,2
3216,36,1
3216,2,2
3216,23,1
3217,27,3
3217,16,1
3218,10,1
3218,11,2
3219,13,2
3220,25,2
3220,10,2
3221,28,2
3221,21,3
3221,22,2
3221,0,3
3222,12,2
3222,21,3
3222,18,2
3223,18,1
3223,19,3
3223,9,1
3224,8,3
3225,35,1
3225,30,1
3226,26,3
3227,3,2
3227,16,2
3227,29,2
3228,16,3
3229,14,2
3230,1,1
3231,9,3
3231,3,1
3231,0,3
3232,10,2
3233,18,2
3233,29,3
3233,38,1
3234,4,1
3234,20,1
3234,19,3
3234,15,2
3235,3,1
3236,9,2
3236,4,3
3236,23,2
3237,9,2
3237,30,3
3238,5,3
3239,17,3
3240,21,2
3240,17,1
3240,10,2
3240,8,1
3241,32,2
3241,12,1
3241,17,2
3242,21,1
3243,0,2
3243,19,3
3243,6,1
3244,3,2
3244,36,2
3245,6,2
3245,4,3
3245,23,3
3246,10,2
3246,37,1
3246,32,3
3246,6,3
3247,16,2
3248,17,2
3248,29,2
3248,35,2
3249,37,3
3249,31,2
3250,5,1
3250,6,1
3250,34,1
3251,4,3
3251,2,3
3252,19,2
3252,26,1
3253,32,3
3253,20,1
3254,1,2
3254,9,2
3255,31,2
3255,23,3
3255,12,2
3255,6,3
3256,28,3
3256,10,2
3256,15,1
3256,17,3
3257,32,2
3258,15,1
3258,21,2
3258,28,1
3258,22,3
3259,21,3
3260,8,2
3260,6,1
3260,22,3
3260,28,1
3261,7,2
3262,29,3
3263,14,2
3264,11,2
3264,8,3
3265,36,3
3265,26,2
3265,30,3
3265,11,2
3266,17,2
3266,4,2
3267,11,1
3268,37,2
3268,13,1
3269,18,2
3269,26,1
3270,37,1
3271,6,2
3271,23,2
3271,4,2
3272,16,3
3272,19,3
3273,4,1
3274,26,2
3274,35,3
3274,1,3
3275,31,2
3276,7,2
3276,36,3
3277,5,3
3277,18,3
3278,24,3
3279,18,1
3280,5,2
3280,22,3
3281,31,2
3281,19,3
3281,18,1
3281,8,1
3282,18,3
3282,0,2
3282,4,3
3283,19,2
3283,25,2
3284,1,2
3285,16,2
3285,37,2
3286,1,3
3286,2,3
3286,32,3
3286,35,2
3287,31,3
3288,3,3
3288,0,2
3288,32,1
3288,14,1
3289,21,1
3289,16,1
3290,32,3
3290,33,2
3291,38,2
3291,20,2
3292,7,1
3292,34,1
3292,16,2
3292,17,1
3293,6,3
3293,22,1
3294,37,1
3294,19,1
3294,16,2
3295,1,1
3295,8,3
3296,18,2
3296,27,2
3297,21,3
3297,24,2
3297,11,3
3298,21,1
3298,36,2
3298,34,1
3298,22,2
3299,38,2
3300,13,1
3300,0,1
3300,25,3
3300,22,2
3301,35,1
3301,38,3
3302,21,1
3302,31,1
3302,37,1
3302,19,1
3303,4,2
3303,18,2
3303,28,3
3304,1,2
3304,24,3
3305,36,2
3305,6,1
3306,19,2
3306,14,1
3306,13,3
3306,11,1
3307,37,3
3307,28,3
3307,13,2
3307,15,2
3308,13,3
3308,17,3
3308,11,1
3309,8,2
3309,10,2
3309,30,3
3310,18,1
3310,22,2
3310,24,2
3311,20,1
3311,22,1
3311,35,2
3312,11,3
3312,26,2
3313,15,2
3313,27,1
3313,29,2
3314,38,3
3314,11,3
3314,28,1
3314,30,3
3315,34,2
3315,19,1
3316,5,3
3316,7,2
3316,22,3
3316,10,1
3317,11,2
3317,6,3
3318,31,1
3318,25,1
3318,26,2
3318,23,2
3319,15,3
3319,16,3
3320,37,2
3320,13,3
3320,30,3
3321,2,1
3321,35,2
3321,9,3
3321,34,3
3322,13,3
3322,36,1
3322,34,2
3323,26,2
3323,34,2
3323,4,1
3324,4,1
3325,38,1
3325,26,3
3325,20,2
3326,9,2
3326,33,3
3326,24,3
3327,23,3
3328,8,2
3328,10,1
3329,26,1
3330,28,1
3330,6,2
3330,31,3
3330,18,3
3331,18,3
3331,25,3
3331,17,2
3331,1,2
3332,13,3
3333,6,3
3333,37,3
3333,13,1
3333,10,3
3334,35,3
3334,30,2
3334,18,2
3334,3,1
3335,10,2
3335,9,2
3336,9,2
3336,8,2
3336,10,3
3337,38,1
3337,16,3
3337,21,1
3338,35,3
3339,38,1
3340,3,1
3341,2,2
3341,21,2
3341,27,1
3342,14,2
3342,13,1
3342,11,1
3342,8,3
3343,15,1
3344,6,1
3344,28,2
3344,26,3
3344,2,1
3345,29,2
3345,38,3
3345,17,1
3345,3,3
3346,21,1
3346,5,3
3347,36,3
3347,3,2
3347,17,3
3348,29,2
3348,7,2
3349,34,3
3350,31,3
3350,15,1
3351,15,2
3351,33,1
3351,9,2
3351,32,1
3352,30,3
3352,36,3
3352,28,3
3353,28,2
3353,35,3
3354,18,2
3354,8,3
3354,29,2
3354,13,2
3355,11,3
3355,27,2
3355,7,2
3355,20,3
3356,37,2
3356,0,1
3356,1,2
3356,11,2
3357,28,3
3358,8,3
3358,22,1
3359,3,3
3359,31,2
3360,25,1
3360,36,2
3360,7,1
3361,11,2
3361,32,2
3361,36,3
3361,27,3
3362,21,1
3362,35,2
3362,23,2
3363,2,3
3363,28,3
3364,7,3
3364,0,3
3364,1,3
3365,21,1
3365,31,3
3365,7,2
3365,0,2
3366,4,3
3366,21,3
3367,12,3
3368,1,3
3368,30,1
3368,3,1
3369,13,3
3369,19,3
3370,38,1
3371,38,1
3372,36,3
3372,2,1
3372,30,3
3372,0,3
3373,29,1
3373,14,2
3373,10,2
3373,16,2
3374,7,2
3374,27,2
3375,22,1
3376,28,3
3376,24,2
3376,6,1
3376,9,1
3377,23,3
3378,34,3
3378,27,2
3378,25,1
3379,0,3
3379,20,3
3379,22,1
3379,14,1
3380,23,2
3380,2,3
3380,3,1
3381,13,3
3381,23,3
3381,12,1
3381,31,3
3382,22,3
3383,11,2
3383,31,3
3383,10,2
3384,18,2
3384,9,2
3385,19,2
3385,18,3
3385,33,3
3385,25,3
3386,11,3
3386,30,3
3387,7,3
3387,17,2
3387,20,3
3387,16,3
3388,28,1
3388,6,2
3388,10,1
3389,33,2
3389,17,3
3389,9,3
3389,16,1
3390,8,2
3390,6,3
3390,29,3
3391,18,3
3391,2,2
3391,4,3
3391,7,3
3392,2,3
3392,26,3
3392,22,2
3392,4,2
3393,37,2
3394,19,2
3394,9,3
3394,37,1
3395,25,3
3395,18,3
3396,20,2
3396,38,1
3396,27,3
3396,28,2
3397,14,3
3397,13,2
3397,34,1
3397,24,3
3398,30,1
3398,9,3
3399,24,1
3399,17,1
3400,28,3
3401,29,2
3401,2,2
3402,10,1
3403,14,1
3403,27,3
3403,18,1
3404,34,2
3404,6,3
3404,7,2
3404,25,3
3405,1,2
3406,35,3
3406,37,2
3406,16,3
3407,4,1
3408,21,1
3408,22,2
3409,20,1
3410,35,2
3410,22,2
3410,36,1
3411,35,1
3411,33,1
3411,25,2
3411,16,2
3412,26,3
3413,3,2
3413,17,2
3413,11,1
3413,16,2
3414,19,3
3414,17,3
3415,10,2
3416,4,3
3417,31,1
3417,17,3
3417,0,3
3418,24,3
3418,6,3
3418,4,1
3418,3,1
3419,11,2
3419,13,3
3419,19,2
3419,24,3
3420,18,2
3420,31,2
3420,23,1
3421,35,1
3421,3,1
3421,34,3
3422,3,3
3422,1,1
3422,2,1
3423,29,2
3423,13,3
3424,16,2
3424,0,2
3424,14,1
3424,24,2
3425,26,2
3425,12,3
3425,15,1
3425,9,1
3426,31,3
3426,22,3
3426,17,2
3427,24,2
3427,28,3
3427,11,1
3427,10,3
3428,27,1
3428,30,2
3428,16,1
3428,22,2
3429,1,1
3429,4,1
3430,29,1
3430,22,1
3430,27,3
3431,23,1
3431,36,2
3432,18,2
3432,15,2
3432,0,1
3433,18,3
3433,32,1
3433,21,1
3433,12,1
3434,0,1
3434,37,2
3435,10,1
3435,13,2
3435,30,3
3435,35,1
3436,13,1
3436,36,3
3436,37,1
3437,31,2
3437,36,2
3437,4,2
3437,18,3
3438,25,2
3438,8,3
3438,38,3
3439,7,2
3440,7,2
3440,3,3
3441,6,3
3441,4,3
3441,33,1
3442,21,2
3442,9,1
3443,33,2
3443,10,3
3443,22,3
3443,31,2
3444,22,3
3445,1,3
3446,11,3
3446,35,1
3447,32,1
3447,0,2
3447,26,1
3448,6,2
3449,34,2
3449,13,1
3449,5,2
3449,4,1
3450,35,2
3450,18,3
3450,11,1
3451,21,2
3451,20,1
3451,24,1
3452,36,3
3452,13,1
3453,25,3
3453,29,1
3453,8,3
3454,33,2
3454,19,1
3454,34,1
3454,28,3
3455,29,1
3455,1,1
3455,28,3
3455,36,2
3456,36,1
3457,29,1
3458,10,2
3458,29,2
3458,33,3
3458,20,1
3459,36,3
3459,9,2
3459,26,3
3459,0,1
3460,10,2
3460,33,3
3461,1,1
3461,10,3
3461,34,1
3461,32,3
3462,32,1
3462,25,2
3462,35,2
3462,28,2
3463,25,3
3463,9,1
3464,12,3
3464,37,1
3464,9,3
3464,10,2
3465,38,1
3466,4,3
3466,7,2
3466,3,2
3467,17,3
3467,29,2
3467,11,1
3467,24,2
3468,22,1
3468,31,2
3468,28,3
3468,26,1
3469,11,3
3469,27,3
3469,22,2
3469,14,2
3470,19,3
3471,6,1
3471,23,1
3472,3,2
3472,17,2
3472,31,1
3473,4,3
3473,23,2
3473,9,3
3473,12,1
3474,10,2
3474,25,2
3474,3,3
3475,30,1
3476,18,2
3476,17,2
3476,20,1
3477,31,3
3477,32,2
3477,10,2
3477,5,1
3478,38,1
3478,14,2
3479,0,2
3479,14,2
3479,38,1
3480,31,2
3481,6,1
3482,30,1
3483,27,3
3484,30,2
3484,18,2
3485,2,2
3485,8,3
3485,7,3
3485,18,3
3486,24,3
3486,21,1
3487,14,3
3488,31,1
3488,27,2
3489,17,2
3489,27,3
3489,33,1
3489,19,3
3490,33,1
3490,18,1
3491,31,1
3492,10,1
3492,22,3
3492,7,1
3493,33,1
3493,31,1
3494,30,3
3494,17,3
3495,32,2
3495,19,2
3495,17,3
3496,21,2
3497,21,1
3497,6,3
3497,28,1
3498,21,3
3498,25,2
3499,23,1
3500,30,2
3500,32,2
3500,14,2
3500,28,3
3501,11,3
3502,32,1
3502,9,3
3502,7,3
3503,0,2
3504,27,1
3504,15,2
3505,18,2
3505,17,1
3505,24,1
3506,9,2
3506,11,3
3506,17,2
3506,29,2
3507,36,1
3507,5,2
3507,16,3
3508,3,3
3508,7,2
3509,26,2
3509,12,3
3509,13,2
3510,32,3
3511,12,2
3511,5,2
3511,29,2
3512,15,2
3512,23,2
3512,3,2
3513,35,2
3513,27,3
3514,0,3
3514,8,1
3515,13,2
3515,9,3
3516,18,2
3517,22,3
3517,1,2
3518,31,2
3518,4,3
3519,5,3
3519,7,3
3520,10,3
3520,26,1
3520,12,1
3521,15,1
3521,27,2
3521,31,1
3522,10,3
3522,37,2
3522,33,1
3522,14,3
3523,32,2
3524,28,2
3525,32,2
3525,12,1
3526,16,1
3526,11,3
3526,14,2
3527,19,3
3527,29,3
3528,18,3
3528,31,2
3528,16,3
3529,28,1
3529,35,1
3529,9,3
3529,22,3
3530,22,3
3530,2,3
3531,15,2
3532,31,2
3532,34,2
3532,37,2
3533,27,1
3533,22,2
3534,14,1
3534,3,2
3534,13,1
3534,20,1
3535,31,3
3536,26,3
3536,2,2
3536,3,1
3536,25,2
3537,0,2
3537,34,1
3538,14,3
3538,33,2
3538,11,3
3538,36,3
3539,37,3
3539,8,3
3539,14,2
3540,33,3
3541,22,1
3542,15,3
3542,31,3
3542,12,1
3543,24,3
3544,6,1
3545,4,2
3545,8,2
3545,29,2
3546,4,2
3546,34,1
3546,5,2
3546,27,2
3547,22,1
3547,35,1
3547,9,1
3547,34,1
3548,20,2
3548,0,2
3549,6,2
3549,5,2
3549,22,1
3549,26,1
3550,32,2
3550,36,2
3550,8,2
3551,11,1
3551,30,3
3551,36,1
3552,8,3
3552,33,3
3552,1,2
3553,32,1
3553,16,1
3554,32,1
3555,9,2
3555,28,1
3555,24,2
3555,6,2
3556,33,1
3556,16,2
3556,14,3
3557,33,2
3557,17,3
3557,34,3
3558,13,2
3558,21,1
3559,10,1
3559,32,2
3559,9,2
3560,34,2
3560,30,2
3560,15,2
3560,1,2
3561,7,2
3561,17,2
3562,30,1
3562,22,2
3562,33,1
3562,1,2
3563,30,3
3563,6,1
3563,26,3
3563,38,3
3564,23,2
3564,12,1
3564,36,3
3565,13,2
3565,11,2
3566,17,1
3566,30,2
3567,36,2
3567,5,1
3567,11,3
3567,35,3
3568,15,3
3569,33,3
3569,38,1
3570,37,2
3570,15,2
3570,11,3
3571,32,1
3571,6,2
3571,25,3
3571,4,2
3572,5,2
3573,17,1
3574,13,2
3574,24,3
3574,4,2
3574,8,2
3575,4,3
3575,36,2
3576,6,2
3576,3,2
3576,1,3
3577,5,2
3577,9,2
3577,15,3
3578,9,3
3579,33,3
3579,12,1
3579,16,1
3580,11,1
3580,30,3
3580,34,2
3581,17,2
3581,23,3
3582,20,3
3582,25,3
3582,10,1
3582,11,1
3583,25,2
3583,21,3
3583,30,3
3584,13,2
3584,28,2
3585,23,3
3585,35,1
3586,21,1
3586,4,2
3586,38,1
3586,11,2
3587,21,1
3587,2,1
3588,10,3
3589,18,2
3589,31,1
3589,16,3
3589,3,2
3590,21,1
3590,19,1
3590,28,3
3590,23,2
3591,38,1
3592,3,3
3593,35,1
3593,27,2
3593,5,2
3594,28,3
3594,16,2
3594,5,2
3594,33,1
3595,20,2
3595,3,2
3595,2,1
3596,25,3
3596,37,3
3596,24,2
3597,21,1
3597,38,3
3597,9,3
3598,19,1
3599,11,1
3599,21,1
3600,5,2
3600,19,2
3600,17,2
3600,38,3
3601,15,3
3601,16,1
3601,25,2
3602,33,3
3602,13,1
3602,28,1
3603,0,3
3603,37,2
3603,33,1
3604,19,1
3605,15,3
3606,24,3
3606,6,2
3606,15,1
3606,13,1
3607,7,3
3607,25,2
3607,38,3
3607,16,3
3608,22,1
3608,12,3
3608,8,2
3608,5,2
3609,7,1
3609,2,2
3609,31,2
3609,24,1
3610,6,3
3611,6,3
3611,37,3
3612,24,3
3612,21,3
3612,31,2
3613,25,2
3613,17,3
3613,30,1
3614,27,1
3615,28,1
3615,9,2
3615,13,1
3616,24,2
3617,18,2
3617,35,1
3617,5,3
3618,0,2
3618,16,1
3618,10,2
3618,33,2
3619,21,3
3620,14,3
3620,24,2
3620,25,1
3620,12,1
3621,3,2
3621,13,3
3621,30,3
3622,13,1
3622,38,1
3623,24,2
3624,20,1
3624,22,1
3625,18,2
3625,27,3
3625,5,1
3626,20,3
3626,25,1
3627,4,1
3627,37,1
3627,23,2
3628,33,3
3628,21,1
3628,1,2
3629,31,1
3629,20,3
3630,7,1
3630,36,3
3630,26,2
3630,16,3
3631,37,2
3631,8,2
3632,6,3
3632,29,3
3632,20,1
3633,24,2
3633,29,3
3633,18,2
3634,29,1
3635,5,1
3635,8,1
3636,35,3
3637,18,2
3638,7,1
3638,15,2
3638,4,2
3639,11,2
3640,31,2
3640,3,3
3640,37,3
3640,0,3
3641,18,2
3641,24,3
3641,9,2
3641,32,2
3642,21,2
3643,27,3
3644,15,2
3644,8,3
3644,3,3
3645,18,1
3645,5,1
3646,29,1
3646,35,2
3646,38,1
3646,32,3
3647,11,2
3648,19,1
3648,36,1
3649,30,1
3650,9,1
3650,15,1
3651,28,2
3651,8,2
3652,34,1
3652,8,2
3652,37,1
3653,3,2
3653,1,2
3653,28,1
3653,13,1
3654,24,1
3654,31,1
3654,4,2
3654,15,1
3655,11,2
3655,14,2
3655,22,2
3656,1,2
3656,7,2
3656,24,3
3657,22,2
3657,24,1
3658,26,1
3658,29,2
3658,25,2
3659,37,2
3659,18,3
3659,4,1
3659,35,3
3660,27,2
3660,7,1
3661,30,2
3662,13,1
3662,1,2
3662,32,3
3662,21,1
3663,0,2
3663,24,3
3663,23,1
3664,35,1
3664,12,3
3665,17,1
3666,30,1
3666,25,3
3667,19,2
3667,2,3
3667,4,1
3668,3,1
3668,2,1
3668,12,2
3669,8,2
3669,4,1
3669,6,2
3669,36,2
3670,3,2
3671,23,1
3671,22,1
3671,6,3
3672,0,2
3673,22,2
3673,35,1
3674,26,3
3674,37,1
3674,31,3
3675,34,3
3675,32,2
3675,13,1
3676,14,2
3677,3,2
3677,9,1
3677,7,3
3678,10,2
3678,34,2
3678,0,1
3679,31,3
3679,36,3
3679,10,3
3680,25,1
3680,34,3
3680,24,2
3681,19,2
3681,33,1
3681,25,3
3681,37,1
3682,13,2
3682,31,3
3682,11,1
3683,3,1
3683,20,3
3684,22,2
3684,20,3
3685,7,2
3685,16,3
3685,12,3
3686,12,2
3686,27,1
3687,14,2
3687,11,1
3688,3,3
3688,21,2
3689,32,3
3689,30,1
3689,0,2
3689,29,1
3690,10,1
3690,26,3
3690,5,1
3690,12,1
3691,0,2
3691,22,2
3691,8,2
3692,14,1
3692,6,2
3693,4,1
3694,12,1
3694,9,3
3695,7,1
3696,36,1
3697,13,2
3697,29,2
3697,2,3
3698,15,3
3698,19,1
3699,31,3
3700,6,2
3700,2,3
3701,20,3
3701,26,2
3702,33,2
3703,1,3
3703,28,1
3704,27,3
3705,5,3
3705,22,1
3706,33,3
3706,12,3
3707,15,3
3707,30,3
3707,26,2
3707,12,3
3708,7,2
3709,30,2
3710,17,1
3710,28,3
3710,20,3
3710,27,3
3711,34,3
3711,30,2
3712,22,1
3712,34,1
3712,30,3
3713,38,3
3713,13,3
3714,2,1
3715,9,2
3715,10,3
3715,24,2
3716,28,1
3717,13,2
3717,14,1
3718,29,1
3718,4,2
3719,36,3
3720,27,3
3720,25,3
3720,7,3
3721,35,3
3721,8,3
3722,34,2
3722,32,2
3722,14,2
3723,11,1
3723,0,1
3723,34,3
3724,38,1
3725,29,2
3725,28,3
3725,31,3
3725,8,2
3726,12,2
3727,29,3
3728,17,3
3728,20,1
3728,1,3
3728,31,2
3729,27,3
3729,28,1
3729,18,1
3730,15,1
3731,36,1
3731,22,3
3732,10,2
3733,5,3
3734,2,2
3734,25,2
3735,13,2
3735,33,1
3735,0,1
3736,6,2
3736,29,2
3737,30,2
3737,17,1
3737,31,2
3737,27,3
3738,16,2
3738,8,3
3738,32,3
3739,12,2
3739,20,3
3740,22,3
3741,6,3
3741,32,3
3741,15,2
3742,18,2
3743,14,3
3743,36,2
3744,2,1
3744,19,3
3745,31,1
3745,19,2
3745,16,1
3746,12,3
3746,33,3
3746,22,3
3746,38,3
3747,35,3
3747,38,3
3747,4,1
3748,34,2
3748,11,2
3748,10,1
3748,8,3
3749,0,3
3749,16,1
3749,31,3
3749,11,1
3750,20,1
3750,7,1
3750,4,2
3751,20,1
3751,7,1
3752,33,3
3752,27,3
3752,24,2
3752,28,1
3753,8,1
3754,18,3
3754,10,3
3754,6,2
3755,31,2
3755,26,3
3755,2,1
3756,25,2
3756,37,3
3757,9,3
3757,37,1
3758,26,1
3758,9,2
3759,38,3
3759,18,1
3759,37,2
3760,24,3
3760,22,2
3761,12,3
3761,16,3
3761,9,3
3761,32,2
3762,34,3
3762,28,3
3762,15,2
3762,22,3
3763,10,1
3763,21,2
3763,15,2
3764,12,1
3765,24,1
3765,33,2
3766,9,1
3766,25,2
3766,16,2
3767,20,1
3767,21,2
3767,26,2
3767,25,1
3768,24,1
3768,18,2
3768,4,2
3768,7,2
3769,28,1
3769,7,1
3770,6,1
3771,27,3
3772,6,2
3772,28,3
3773,21,2
3773,33,1
3773,3,1
3773,16,1
3774,19,3
3774,33,1
3774,28,1
3775,38,3
3776,33,1
3776,1,2
3777,18,3
3777,21,1
3777,11,1
3778,22,2
3778,9,1
3778,33,1
3779,4,1
3780,21,3
3780,5,1
3780,29,3
3781,4,2
3781,12,3
3781,5,1
3782,15,1
3782,19,1
3782,5,2
3782,32,3
3783,7,1
3783,24,2
3783,6,2
3783,10,2
3784,32,1
3784,17,3
3784,30,1
3784,28,1
3785,15,2
3785,8,1
3786,6,3
3786,26,1
3786,31,3
3786,3,3
3787,6,1
3787,5,3
3787,25,3
3787,20,3
3788,38,2
3788,23,3
3788,15,2
3789,35,2
3789,1,2
3789,5,2
3790,1,2
3790,37,3
3790,22,2
3791,26,1
3792,4,1
3792,31,2
3793,3,3
3793,25,3
3793,5,1
3794,37,1
3794,33,3
3795,8,2
3795,26,2
3796,15,3
3796,35,2
3797,5,1
3798,28,2
3798,23,1
3798,24,3
3799,1,3
3800,0,1
3800,24,2
3801,36,3
3801,2,2
3802,4,2
3802,9,1
3803,10,3
3803,25,3
3804,7,3
3804,38,3
3805,28,2
3805,27,1
3806,20,2
3806,16,2
3806,31,3
3806,9,1
3807,2,2
3807,37,2
3808,11,3
3808,28,1
3808,30,1
3808,22,3
3809,20,2
3809,5,2
3809,7,2
3810,15,2
3810,2,2
3810,13,1
3811,0,2
3811,8,3
3812,16,3
3813,8,2
3813,23,3
3814,3,3
3814,17,1
3814,14,2
3814,7,2
3815,15,2
3815,20,1
3815,25,2
3816,5,2
3816,19,3
3817,36,1
3817,1,2
3817,23,1
3818,35,1
3819,14,3
3819,21,2
3820,21,1
3821,36,3
3821,28,1
3822,32,2
3822,8,3
3822,27,3
3822,11,2
3823,7,3
3823,20,3
3823,38,2
3823,4,3
3824,30,1
3824,27,2
3824,12,3
3825,34,2
3825,6,3
3826,28,3
3827,12,3
3827,38,1
3828,10,2
3829,8,1
3830,11,2
3830,38,2
3830,17,2
3831,33,1
3831,37,1
3831,36,2
3832,21,2
3832,37,2
3832,38,2
3833,0,2
3833,22,3
3833,24,2
3833,10,2
3834,34,3
3835,19,1
3835,4,1
3835,35,2
3835,28,2
3836,11,3
3837,9,1
3837,7,1
3838,3,3
3839,28,2
3839,24,2
3839,8,3
3840,21,3
3840,36,3
3841,23,2
3842,15,1
3842,23,1
3842,9,3
3843,37,2
3843,10,1
3843,3,1
3843,31,2
3844,26,2
3844,36,2
3845,20,3
3845,36,3
3845,34,1
3846,5,3
3846,4,1
3846,2,2
3846,34,1
3847,3,2
3847,20,2
3847,19,1
3847,33,1
3848,22,1
3848,4,3
3849,30,2
3849,14,2
3849,13,2
3849,12,3
3850,3,1
3850,22,2
3851,21,2
3852,27,3
3852,17,2
3853,15,3
3853,19,2
3853,25,2
3853,21,3
3854,26,1
3855,20,2
3855,21,3
3855,36,3
3855,14,1
3856,36,3
3856,2,1
3857,25,2
3858,21,1
3858,35,1
3859,33,1
3859,1,3
3860,13,2
3860,1,3
3861,15,3
3861,36,1
3861,5,3
3862,7,1
3862,35,1
3862,5,1
3863,34,2
3864,16,3
3864,25,2
3864,24,1
3864,0,3
3865,25,3
3865,8,2
3865,0,2
3866,32,1
3866,3,3
3866,11,2
3867,26,1
3867,5,2
3868,32,1
3868,9,2
3868,23,1
3869,8,3
3869,28,3
3869,17,2
3870,36,3
3870,4,1
3870,26,1
3871,19,2
3871,28,2
3872,35,3
3872,7,3
3872,1,3
3872,23,2
3873,8,2
3873,27,3
3873,31,1
3874,14,2
3874,6,1
3875,11,2
3876,26,2
3876,17,1
3876,20,1
3876,7,1
3877,38,2
3877,18,3
3878,14,3
3878,32,2
3878,7,3
3878,37,1
3879,5,3
3879,8,1
3880,4,3
3880,31,3
3881,14,1
3881,26,1
3881,22,3
3882,15,2
3883,6,2
3883,38,3
3883,18,3
3884,24,1
3884,18,2
3884,10,1
3885,12,3
3885,23,3
3886,0,1
3886,35,2
3886,20,3
3887,4,3
3887,8,3
3888,25,1
3888,12,1
3888,16,3
3888,19,1
3889,21,3
3889,32,3
3889,22,3
3890,38,1
3891,8,3
3891,21,3
3892,32,3
3892,11,3
3892,21,3
3892,33,1
3893,26,1
3893,20,2
3893,3,1
3893,24,3
3894,27,2
3894,28,3
3894,14,3
3895,35,2
3895,3,3
3895,0,3
3895,21,3
3896,28,3
3896,12,2
3896,26,1
3897,35,1
3897,37,2
3897,2,1
3898,27,2
3898,6,1
3898,31,1
3898,1,1
3899,0,3
3899,36,3
3900,28,2
3900,24,1
3901,37,1
3902,24,2
3902,28,2
3902,10,3
3902,25,3
3903,8,1
3904,29,1
3904,2,3
3905,5,2
3905,15,3
3905,11,1
3905,18,2
3906,9,3
3907,36,2
3907,5,2
3907,9,2
3907,1,2
3908,24,2
3908,16,2
3909,1,3
3909,0,2
3909,8,3
3909,5,3
3910,26,3
3911,30,1
3912,5,1
3913,14,3
3913,22,2
3914,33,3
3914,14,1
3915,23,3
3915,1,1
3915,35,3
3915,20,3
3916,12,1
3916,4,2
3916,19,1
3917,35,2
3917,8,3
3917,6,2
3917,31,1
3918,20,3
3918,6,2
3918,5,2
3919,21,1
3919,9,2
3919,18,1
3920,12,1
3920,19,3
3920,30,2
3921,17,1
3921,23,1
3922,31,3
3922,25,2
3922,9,1
3922,30,2
3923,37,3
3923,2,3
3923,24,2
3923,30,3
3924,9,1
3924,5,2
3924,35,2
3924,11,3
3925,6,1
3925,1,3
3926,12,2
3926,11,3
3926,5,2
3926,15,1
3927,2,3
3927,36,3
3927,23,1
3928,19,2
3928,10,3
3929,35,2
3929,29,1
3930,0,2
3931,5,2
3932,8,2
3932,2,2
3932,21,3
3932,22,2
3933,3,1
3933,26,2
3933,27,2
3933,10,2
3934,13,3
3934,16,1
3934,38,2
3935,24,2
3936,1,3
3936,36,1
3936,15,1
3936,35,1
3937,20,3
3938,16,1
3939,5,3
3939,28,3
3940,35,3
3941,12,2
3942,21,1
3942,27,1
3942,29,3
3943,26,1
3943,36,2
3944,27,1
3944,29,1
3945,3,1
3945,4,2
3946,37,2
3947,6,1
3947,20,2
3947,1,3
3947,9,3
3948,26,1
3948,34,3
3948,19,1
3949,2,1
3949,16,1
3949,18,1
3950,14,1
3950,26,1
3950,3,1
3950,15,1
3951,0,2
3951,18,1
3951,4,2
3952,5,1
3952,11,3
3952,12,3
3952,34,1
3953,4,1
3954,16,3
3954,20,2
3955,14,2
3955,5,1
3955,3,1
3956,1,2
3957,33,3
3958,10,2
3958,7,1
3958,38,2
3958,11,1
3959,15,3
3959,12,3
3959,21,3
3959,13,2
3960,25,3
3960,14,2
3960,7,3
3960,34,2
3961,31,1
3961,30,2
3962,5,3
3962,13,3
3962,3,1
3963,8,2
3963,31,1
3964,32,2
3964,10,2
3965,16,3
3965,22,1
3965,31,1
3966,38,2
3966,32,2
3967,3,3
3968,15,3
3968,0,3
3968,16,3
3969,2,2
3969,36,1
3969,34,3
3970,38,3
3971,16,3
3971,12,2
3971,35,3
3972,27,3
3972,36,3
3972,12,1
3972,31,1
3973,20,1
3973,23,1
3974,18,3
3974,30,3
3975,4,3
3975,20,1
3976,12,2
3976,27,3
3977,15,1
3977,19,1
3978,17,1
3978,33,3
3978,18,2
3978,9,3
3979,18,2
3979,37,2
3979,30,2
3979,11,3
3980,23,3
3980,32,1
3981,4,2
3981,13,1
3981,6,1
3981,37,1
3982,33,1
3983,37,2
3983,20,3
3983,5,2
3983,29,2
3984,37,2
3984,7,1
3984,22,2
3984,12,3
3985,31,3
3985,7,1
3985,14,1
3985,27,1
3986,12,3
3986,31,2
3986,23,2
3987,24,2
3987,12,2
3987,17,1
3988,38,2
3988,17,2
3988,2,1
3988,34,1
3989,37,2
3989,14,2
3990,32,3
3990,33,3
3990,18,2
3990,22,3
3991,11,1
3991,1,2
3992,34,3
3992,33,2
3993,6,2
3993,23,2
3994,27,1
3994,12,2
3994,37,3
3995,16,1
3995,36,3
3995,25,1
3996,19,2
3996,13,3
3996,2,1
3996,29,2
3997,22,1
3997,25,1
3997,15,1
3998,35,3
3999,37,3
3999,22,2
4000,3,2
4001,26,2
4001,30,2
4001,6,3
4002,23,3
4003,26,2
4004,7,1
4005,30,1
4006,29,3
4006,36,2
4007,18,3
4007,38,2
4008,18,2
4008,2,3
4008,37,3
4009,15,3
4009,7,3
4009,14,2
4010,21,1
4011,26,2
4011,4,2
4011,25,1
4011,32,1
4012,16,3
4012,25,3
4012,18,2
4013,19,2
4014,23,1
4014,8,1
4014,1,2
4014,22,3
4015,18,3
4015,9,1
4016,28,2
4016,26,2
4017,12,3
4017,2,1
4018,29,3
4019,9,1
4019,22,2
4019,20,3
4020,10,1
4020,29,2
4020,2,2
4021,28,3
4021,18,1
4021,32,1
4022,18,1
4022,20,1
4022,6,1
4022,19,1
4023,19,2
4023,28,3
4023,36,1
4024,8,1
4024,20,1
4025,28,3
4025,18,2
4025,35,1
4025,24,3
4026,21,1
4026,14,1
4026,19,2
4027,27,1
4027,29,1
4028,34,3
4028,0,2
4028,32,2
4028,17,1
4029,12,3
4029,25,1
4029,8,1
4029,6,1
4030,19,2
4030,25,3
4030,16,3
4030,28,3
4031,26,3
4031,16,3
4031,38,2
4031,12,1
4032,2,2
4032,16,3
4032,27,2
4033,18,2
4033,9,3
4033,17,3
4033,2,1
4034,36,2
4034,35,3
4034,1,1
4034,28,3
4035,16,1
4035,13,3
4036,2,2
4037,30,2
4037,36,3
4037,23,2
4037,24,3
4038,24,2
4038,23,2
4038,2,3
4038,15,2
4039,6,1
4040,12,3
4040,35,3
4041,15,1
4042,24,3
4042,14,2
4042,30,3
4043,14,1
4043,12,1
4043,28,2
4044,38,3
4044,35,2
4044,31,2
4044,28,3
4045,31,3
4045,0,1
4046,35,3
4046,15,3
4047,20,1
4047,37,1
4048,8,3
4048,18,2
4049,24,3
4049,6,3
4049,26,1
4049,2,3
4050,24,3
4050,8,3
4050,0,3
4051,8,3
4051,33,2
4052,25,3
4053,25,3
4053,21,2
4053,8,1
4054,9,1
4054,23,3
4055,1,2
4055,7,1
4055,36,2
4055,11,2
4056,16,2
4056,15,1
4057,36,3
4058,35,2
4058,37,2
4058,12,2
4059,13,2
4059,14,2
4059,18,3
4060,26,1
4060,5,3
4060,7,3
4060,1,1
4061,1,3
4061,8,2
4062,17,2
4062,4,1
4062,9,3
4063,20,3
4064,7,2
4064,19,3
4065,11,1
4065,7,1
4065,9,3
4066,38,1
4066,33,2
4066,4,2
4066,17,1
4067,22,3
4068,11,1
4069,26,2
4069,4,1
4070,26,3
4071,27,3
4072,22,2
4072,28,1
4072,29,3
4072,24,1
4073,17,2
4073,15,3
4074,35,1
4075,32,3
4076,33,2
4076,28,2
4076,17,2
4076,22,2
4077,21,3
4077,16,3
4077,20,2
4078,17,2
4078,0,1
4078,15,3
4079,9,2
4079,13,3
4079,12,1
4079,27,1
4080,8,3
4080,35,3
4080,37,2
4080,38,1
4081,11,1
4082,22,2
4082,34,1
4082,21,1
4083,21,2
4084,11,3
4084,12,1
4085,22,3
4085,27,3
4085,37,1
4086,20,2
4086,31,3
4086,32,3
4087,25,2
4087,33,1
4087,15,2
4088,2,2
4088,37,1
4089,38,2
4089,3,3
4089,18,3
4089,11,2
4090,18,1
4090,37,3
4090,12,1
4091,17,3
4092,12,3
4092,3,2
4092,16,2
4092,8,2
4093,9,3
4094,34,2
4095,31,2
4096,12,1
4096,17,1
4097,15,3
4097,35,3
4098,37,3
4098,29,2
4098,30,3
4099,18,3
4100,17,2
4101,3,1
4101,6,3
4101,31,3
4102,19,3
4102,36,3
4102,11,3
4102,30,2
4103,22,1
4103,13,1
4103,31,1
4103,11,2
4104,31,3
4104,24,3
4104,21,2
4105,33,3
4105,31,2
4105,19,3
4105,22,3
4106,28,1
4107,1,1
4108,4,3
4108,27,2
4109,34,2
4109,36,2
4109,16,2
4110,29,1
4110,2,1
4110,6,3
4111,14,1
4111,0,1
4111,18,1
4111,30,3
4112,34,2
4112,10,1
4112,24,3
4113,16,3
4113,25,3
4114,18,1
4115,19,2
4115,26,3
4115,10,2
4116,2,1
4116,9,3
4116,20,1
4116,25,1
4117,36,2
4118,28,1
4118,29,2
4118,34,2
4119,13,1
4119,32,1
4119,10,3
4120,25,3
4120,30,2
4121,12,2
4121,7,2
4121,10,3
4121,33,2
4122,16,3
4123,30,2
4123,33,2
4124,30,1
4124,25,1
4124,24,1
4124,2,2
4125,16,2
4125,4,3
4125,32,3
4125,13,2
4126,3,2
4126,38,3
4126,17,2
4126,33,3
4127,31,1
4127,18,3
4127,17,3
4127,8,3
4128,35,2
4128,10,2
4128,20,3
4128,34,3
4129,36,2
4129,28,3
4130,22,3
4130,35,3
4131,0,1
4131,33,2
4131,18,3
4131,6,2
4132,31,1
4132,29,3
4133,27,2
4134,35,1
4135,28,3
4135,29,1
4136,7,1
4136,11,2
4136,23,1
4137,7,3
4137,2,1
4137,6,2
4138,8,1
4138,23,2
4139,14,1
4139,26,1
4140,7,1
4141,38,1
4141,13,2
4141,26,3
4141,14,2
4142,33,2
4142,36,3
4143,1,3
4143,34,1
4144,33,2
4145,17,3
4145,38,2
4146,16,1
4146,37,2
4147,19,3
4148,5,3
4148,28,2
4148,24,2
4149,11,1
4149,28,1
4149,30,2
4149,1,2
4150,35,3
4151,1,2
4152,19,2
4152,37,3
4152,10,2
4153,14,1
4154,14,2
4154,21,2
4155,26,2
4156,9,3
4156,12,1
4157,3,2
4157,18,1
4157,25,3
4157,22,2
4158,19,3
4158,35,2
4158,4,3
4159,2,1
4159,22,1
4160,37,1
4161,24,3
4161,27,2
4161,9,2
4162,6,3
4162,8,3
4162,14,1
4162,36,3
4163,27,1
4163,4,3
4164,13,1
4164,35,3
4165,8,2
4165,31,1
4165,33,2
4165,4,1
4166,6,2
4166,26,3
4167,9,2
4167,37,2
4167,20,2
4168,3,1
4168,38,1
4168,20,3
4168,31,2
4169,30,2
4169,17,3
4169,20,1
4169,33,3
4170,14,1
4170,32,1
4170,35,1
4170,7,2
4171,21,2
4172,34,3
4172,36,3
4173,36,2
4174,13,2
4175,33,3
4175,3,2
4176,15,1
4176,1,1
4176,21,2
4177,6,2
4177,26,1
4178,15,3
4178,7,3
4178,14,1
4179,2,1
4180,4,3
4181,22,3
4181,29,3
4182,34,2
4183,24,2
4184,9,2
4184,0,2
4184,35,2
4185,29,1
4185,27,2
4185,21,3
4186,8,3
4186,21,1
4187,24,2
4187,4,3
4188,38,3
4188,30,1
4188,2,2
4188,9,1
4189,0,1
4189,18,2
4190,10,1
4190,38,2
4191,16,1
4191,29,1
4192,24,1
4192,25,2
4193,2,3
4193,30,2
4193,32,1
4194,13,3
4194,15,3
4194,5,3
4194,32,3
4195,31,1
4196,18,2
4197,32,2
4198,10,1
4198,30,3
4198,6,1
4199,26,3
4200,8,1
4200,32,3
4200,4,1
4200,30,3
4201,24,1
4201,20,3
4201,33,1
4202,33,1
4202,21,2
4202,10,3
4203,27,2
4203,22,2
4204,38,3
4204,13,2
4204,27,3
4205,11,1
4205,21,3
4206,6,3
4206,32,2
4206,1,1
4207,35,2
4207,3,3
4207,10,1
4207,32,1
4208,25,2
4208,0,2
4208,29,2
4208,18,1
4209,28,1
4209,5,2
4209,35,2
4210,12,2
4210,23,2
4210,14,1
4210,28,1
4211,26,3
4211,23,1
4211,12,2
4212,12,3
4212,31,2
4212,37,3
4213,7,1
4213,1,1
4213,16,3
4213,32,1
4214,9,1
4214,2,2
4214,18,3
4214,26,2
4215,27,3
4215,29,1
4215,13,1
4216,9,2
4216,33,2
4216,11,3
4216,29,3
4217,3,3
4217,21,1
4218,12,2
4218,29,3
4218,26,2
4219,37,3
4219,9,1
4219,21,3
4220,17,1
4221,35,3
4221,14,1
4221,28,3
4222,27,3
4223,8,1
4223,4,2
4224,2,3
4225,21,1
4225,31,1
4225,13,3
4225,36,2
4226,15,3
4227,19,1
4227,0,3
4227,5,1
4227,24,2
4228,20,1
4228,2,1
4228,31,1
4229,18,1
4230,23,2
4230,2,2
4230,32,3
4230,4,1
4231,14,2
4231,21,1
4231,9,1
4231,6,2
4232,10,2
4232,11,3
4232,18,1
4232,3,3
4233,37,3
4233,24,1
4233,18,1
4233,33,3
4234,3,3
4234,37,2
4235,31,1
4236,24,1
4236,9,1
4236,21,1
4236,13,1
4237,37,3
4237,1,3
4238,1,2
4239,29,2
4239,34,2
4240,9,3
4240,16,2
4241,32,3
4241,20,1
4242,29,2
4243,31,1
4243,32,1
4243,3,2
4244,13,3
4244,38,2
4245,37,3
4245,3,3
4245,32,1
4245,10,2
4246,21,1
4246,30,1
4247,8,1
4248,15,3
4249,24,2
4249,16,1
4249,1,3
4249,12,1
4250,18,1
4250,8,1
4250,4,3
4250,10,1
4251,6,3
4252,24,2
4252,6,3
4253,17,2
4253,36,1
4253,26,2
4253,30,2
4254,12,3
4255,3,1
4255,27,3
4256,26,1
4256,19,2
4257,32,1
4257,23,1
4258,2,3
4258,32,2
4258,37,3
4259,6,2
4259,31,2
4259,9,3
4259,13,2
4260,32,1
4260,7,2
4261,24,3
4262,36,2
4262,10,1
4263,1,2
4264,7,2
4264,23,1
4265,32,2
4265,8,2
4265,31,1
4265,20,2
4266,0,3
4267,11,3
4267,25,1
4267,9,2
4268,0,2
4268,35,2
4268,25,3
4268,2,1
4269,3,3
4269,16,3
4270,7,1
4270,13,3
4271,27,2
4271,33,3
4272,2,3
4272,3,1
4272,20,2
4272,15,2
4273,3,2
4273,33,1
4273,2,2
4274,33,1
4275,36,2
4275,26,1
4275,7,3
4275,0,2
4276,16,3
4276,13,1
4277,34,1
4277,30,2
4278,29,1
4278,18,2
4278,31,3
4279,10,1
4279,33,3
4279,23,2
4279,5,1
4280,11,1
4281,4,1
4281,20,3
4282,32,3
4282,12,1
4282,1,2
4283,38,2
4283,17,2
4283,37,1
4284,26,3
4284,21,2
4284,33,3
4285,19,3
4285,9,1
4285,24,2
4285,0,3
4286,25,3
4286,23,2
4287,34,2
4288,11,3
4288,18,3
4289,24,1
4289,29,2
4289,4,1
4289,27,3
4290,1,1
4290,27,2
4290,4,2
4291,36,3
4291,24,3
4292,33,2
4292,10,3
4292,5,1
4292,17,3
4293,20,3
4293,11,3
4293,38,3
4294,19,3
4294,22,1
4295,22,3
4295,4,1
4295,33,2
4295,28,2
4296,14,1
4296,37,2
4296,5,3
4296,20,2
4297,2,3
4297,27,1
4297,1,1
4297,8,1
4298,32,1
4299,23,2
4299,2,2
4299,26,2
4299,8,2
4300,5,2
4301,18,2
4302,36,1
4302,2,2
4302,34,2
4302,1,1
4303,13,1
4304,30,1
4304,27,3
4304,20,1
4304,21,1
4305,12,1
4306,27,1
4306,14,1
4307,17,3
4307,34,2
4307,5,2
4308,20,3
4309,10,1
4309,16,2
4309,13,1
4310,6,3
4311,23,2
4312,18,2
4312,31,3
4313,23,2
4313,24,2
4313,18,3
4313,11,2
4314,28,2
4315,3,1
4316,3,2
4316,0,3
4316,12,2
4316,20,3
4317,10,1
4317,16,3
4317,30,1
4317,2,2
4318,2,3
4318,11,3
4319,3,2
4319,7,2
4319,4,1
4320,30,2
4320,38,2
4321,19,2
4321,28,3
4322,23,2
4323,29,3
4323,20,1
4323,1,1
4323,3,1
4324,3,3
4324,9,3
4324,0,3
4325,10,3
4326,13,3
4327,10,3
4328,34,3
4328,11,2
4328,13,2
4329,9,2
4329,8,2
4329,6,3
4330,14,1
4331,7,3
4331,20,1
4331,36,3
4332,37,1
4332,31,2
4332,1,3
4333,36,3
4333,27,2
4334,8,1
4334,34,2
4335,19,3
4336,37,1
4336,32,3
4336,29,3
4336,16,3
4337,3,1
4337,31,1
4337,36,3
4338,13,2
4338,16,3
4338,1,3
4338,5,2
4339,32,1
4339,25,2
4339,20,3
4340,30,3
4340,4,2
4341,13,1
4342,7,1
4342,15,1
4342,29,3
4343,13,3
4343,30,2
4343,28,2
4343,8,1
4344,3,3
4344,4,1
4345,15,1
4346,21,1
4346,7,2
4346,14,3
4346,38,2
4347,36,3
4347,37,1
4347,15,2
4348,31,2
4348,15,3
4349,8,1
4349,21,2
4350,33,3
4351,1,2
4352,16,1
4352,34,1
4352,11,3
4352,35,1
4353,16,1
4354,19,1
4354,10,3
4354,3,3
4354,14,2
4355,8,2
4355,11,1
4355,34,3
4356,12,1
4357,26,3
4357,22,3
4357,28,2
4358,6,1
4358,18,2
4358,26,1
4359,20,1
4360,6,3
4361,33,1
4362,30,1
4363,23,3
4363,6,3
4364,31,2
4364,38,1
4364,15,3
4364,11,3
4365,28,1
4365,4,3
4365,25,3
4365,0,2
4366,17,1
4367,3,3
4367,15,3
4367,30,3
4367,31,3
4368,8,1
4368,1,1
4368,14,2
4369,25,3
4369,34,2
4370,8,1
4370,10,3
4371,14,2
4371,13,1
4371,24,1
4372,13,1
4373,12,3
4373,38,1
4373,13,1
4374,31,1
4374,10,1
4375,20,2
4375,28,2
4375,9,3
4376,15,3
4376,21,2
4377,34,3
4377,21,2
4378,2,1
4378,0,1
4379,24,2
4379,3,3
4380,27,3
4380,9,3
4380,23,2
4380,38,2
4381,5,2
4382,29,3
4382,13,1
4382,26,1
4382,23,1
4383,37,2
4384,1,3
4384,17,2
4384,0,3
4384,4,3
4385,12,2
4385,17,1
4385,9,3
4385,18,1
4386,14,2
4386,3,1
4386,15,2
4387,3,2
4387,9,2
4387,25,1
4387,31,2
4388,1,1
4388,11,1
4389,24,2
4390,21,1
4390,33,3
4390,16,1
4390,10,2
4391,28,3
4392,9,1
4392,0,1
4392,4,2
4392,2,2
4393,0,1
4393,25,3
4393,33,2
4394,8,2
4395,8,1
4396,7,3
4396,34,2
4396,19,3
4397,11,2
4398,33,2
4398,13,1
4398,22,3
4398,23,1
4399,27,1
4399,14,1
4399,33,1
4400,31,3
4400,38,3
4401,29,1
4401,2,1
4401,21,1
4401,27,3
4402,29,1
4402,8,1
4403,0,3
4403,10,2
4403,25,1
4403,28,2
4404,22,1
4404,11,3
4405,11,1
4405,31,2
4405,24,2
4405,23,2
4406,2,2
4406,3,3
4406,18,1
4406,35,2
4407,21,1
4407,31,2
4407,25,2
4407,13,2
4408,0,3
4408,21,1
4408,38,3
4409,13,1
4409,28,3
4409,8,3
4410,17,1
4411,23,1
4411,27,1
4412,34,2
4412,17,3
4412,18,3
4413,13,1
4413,0,3
4413,35,2
4413,11,1
4414,38,3
4415,4,1
4416,1,1
4417,5,1
4417,1,3
4417,25,3
4418,17,1
4418,2,1
4418,30,1
4419,4,2
4419,25,3
4419,1,1
4419,21,3
4420,13,2
4421,5,1
4421,3,3
4422,11,1
4422,23,3
4422,29,2
4422,15,2
4423,30,2
4423,26,1
4424,23,3
4424,30,2
4424,28,3
4424,9,1
4425,28,1
4425,6,2
4426,29,1
4426,24,2
4426,16,3
4427,22,1
4427,26,2
4428,13,1
4429,8,2
4429,17,1
4429,33,2
4429,32,2
4430,35,3
4430,2,2
4430,17,3
4431,31,2
4432,1,1
4432,27,1
4432,29,3
4433,27,3
4433,33,1
4434,12,1
4435,28,1
4435,31,1
4435,33,2
4435,4,1
4436,7,2
4436,12,1
4437,33,3
4437,28,3
4437,37,2
4438,17,2
4438,18,1
4439,9,2
4439,25,2
4439,0,1
4439,6,1
4440,8,3
4440,15,1
4440,20,2
4440,18,1
4441,0,1
4442,22,2
4442,4,3
4442,31,1
4442,5,1
4443,11,3
4443,34,1
4444,5,3
4444,20,2
4445,14,2
4445,24,2
4445,30,1
4445,27,3
4446,11,3
4447,1,1
4447,24,2
4447,30,2
4448,0,3
4448,34,3
4448,24,1
4449,14,1
4449,26,3
4450,27,1
4450,34,3
4451,4,3
4452,2,1
4453,7,1
4453,9,1
4454,15,2
4454,32,3
4455,1,3
4455,34,1
4455,16,2
4456,35,1
4457,2,2
4457,26,1
4458,13,1
4459,6,1
4459,30,3
4460,32,1
4460,1,2
4460,29,2
4460,9,1
4461,10,3
4461,34,1
4461,28,2
4462,32,2
4462,36,2
4462,3,2
4463,10,3
4463,5,3
4463,16,1
4464,24,1
4464,18,1
4464,22,3
4465,12,3
4465,19,2
4465,4,2
4466,24,1
4466,35,2
4466,20,3
4466,13,2
4467,2,1
4467,35,3
4468,5,1
4468,28,3
4469,12,1
4469,13,3
4469,18,2
4469,2,2
4470,24,3
4471,34,2
4472,14,2
4472,28,3
4472,16,1
4473,12,1
4474,12,2
4475,21,2
4476,38,1
4476,10,2
4476,22,1
4477,36,1
4477,34,3
4478,20,2
4478,10,3
4478,34,2
4478,5,3
4479,20,3
4479,17,1
4479,3,1
4479,21,3
4480,0,2
4480,26,2
4480,33,2
4481,15,1
4481,32,3
4482,1,3
4483,25,2
4483,24,2
4483,38,1
4484,23,1
4484,0,1
4485,2,2
4485,12,1
4485,17,3
4486,8,2
4486,33,3
4486,20,2
4487,32,1
4488,12,2
4488,10,2
4489,34,2
4489,20,2
4489,30,3
4489,7,2
4490,29,3
4490,6,2
4491,24,3
4492,36,3
4492,35,2
4492,1,3
4493,35,1
4494,8,2
4494,12,1
4495,14,3
4495,10,3
4495,28,2
4496,35,3
4497,3,1
4498,10,1
4499,31,2
4500,1,1
4500,33,3
4501,25,3
4501,2,3
4501,16,1
4502,35,1
4502,6,1
4502,28,2
4503,13,1
4503,24,1
4504,17,2
4504,10,1
4504,18,1
4504,19,2
4505,38,1
4505,33,1
4506,15,3
4506,37,1
4506,11,1
4506,8,2
4507,13,1
4507,27,2
4507,20,3
4508,34,1
4508,8,1
4508,3,2
4509,24,3
4510,14,1
4510,35,1
4511,3,1
4512,20,2
4512,10,2
4512,14,1
4513,25,1
4514,5,3
4514,36,3
4514,38,3
4514,13,2
4515,11,2
4515,38,2
4515,18,1
4516,28,1
4516,30,2
4517,34,2
4518,15,3
4518,25,1
4519,6,3
4519,24,1
4519,14,1
4519,9,1
4520,25,1
4520,19,1
4520,6,1
4521,27,1
4521,26,3
4521,12,3
4521,7,2
4522,8,2
4522,11,3
4522,35,1
4522,23,2
4523,16,2
4524,10,1
4525,3,2
4525,35,2
4525,14,2
4526,21,1
4526,24,1
4527,17,3
4527,31,3
4527,0,2
4527,18,2
4528,17,2
4528,26,2
4528,34,1
4529,26,3
4529,25,3
4530,38,2
4531,34,1
4532,2,2
4532,38,3
4532,22,1
4533,4,3
4533,26,2
4533,14,1
4533,1,2
4534,17,3
4534,37,1
4534,13,3
4534,1,2
4535,30,2
4535,28,2
4535,31,2
4536,38,3
4536,33,2
4536,26,2
4537,11,3
4537,37,2
4538,7,3
4539,17,1
4539,38,3
4539,35,3
4540,20,1
4540,33,3
4540,11,1
4541,35,1
4542,16,1
4542,30,3
4543,26,3
4543,16,3
4543,2,1
4544,20,3
4545,38,3
4545,20,1
4546,6,1
4546,8,2
4546,14,1
4546,13,3
4547,31,2
4547,5,3
4547,11,1
4548,22,2
4549,37,1
4550,25,3
4550,27,3
4550,12,1
4551,13,2
4551,2,2
4551,10,2
4551,28,3
4552,38,1
4552,21,2
4552,26,1
4552,18,3
4553,27,1
4553,4,1
4553,31,1
4554,35,3
4554,23,3
4554,24,1
4554,32,3
4555,15,3
4555,38,1
4555,9,1
4555,7,2
4556,15,3
4557,29,2
4557,17,1
4557,33,3
4557,22,3
4558,18,3
4558,16,1
4558,33,3
4558,36,2
4559,26,2
4559,25,1
4560,4,1
4560,5,2
4561,19,1
4562,4,3
4562,11,1
4562,34,3
4562,37,2
4563,9,3
4564,2,2
4564,32,3
4564,3,1
4565,5,1
4565,0,2
4565,2,1
4566,17,2
4567,25,3
4567,13,2
4568,37,3
4569,6,2
4569,32,3
4569,10,2
4570,35,1
4570,33,3
4570,13,3
4571,30,1
4572,27,1
4572,0,1
4573,5,2
4573,28,1
4573,16,1
4573,3,3
4574,37,2
4574,23,1
4575,2,3
4575,37,1
4575,11,1
4575,35,3
4576,17,3
4577,6,1
4578,15,1
4579,35,2
4579,11,3
4580,9,3
4580,6,2
4580,1,2
4580,7,1
4581,4,1
4581,2,3
4581,21,1
4581,3,1
4582,3,1
4582,19,2
4582,21,3
4582,9,2
4583,18,2
4583,20,1
4583,34,2
4584,4,1
4585,31,3
4585,0,2
4585,1,3
4585,28,1
4586,17,2
4586,3,1
4587,34,1
4587,12,3
4587,5,3
4588,5,3
4588,29,1
4588,6,2
4589,16,3
4589,35,1
4590,7,2
4590,19,1
4590,1,1
4590,11,3
4591,27,2
4592,0,1
4592,13,2
4592,17,2
4592,1,3
4593,17,2
4593,34,1
4593,35,1
4594,31,3
4594,36,1
4594,16,1
4595,33,3
4595,28,1
4596,28,3
4596,19,1
4596,11,1
4597,24,1
4597,15,3
4597,9,2
4598,38,1
4598,24,2
4598,21,3
4598,2,2
4599,29,2
4599,30,3
4600,26,3
4600,31,3
4600,3,3
4601,29,1
4601,14,3
4602,20,1
4602,17,2
4603,32,2
4603,37,3
4604,17,1
4605,19,3
4605,24,2
4605,28,2
4605,5,1
4606,6,2
4607,33,3
4607,30,1
4607,21,3
4608,15,2
4609,23,3
4610,21,1
4610,33,1
4611,4,3
4611,13,3
4612,4,1
4612,0,1
4613,3,3
4613,8,1
4614,15,2
4614,28,2
4615,8,2
4615,2,3
4615,5,3
4616,4,2
4617,12,3
4618,28,2
4618,33,3
4618,26,1
4619,28,1
4619,34,3
4620,8,2
4620,15,3
4620,36,3
4620,13,3
4621,14,2
4621,18,2
4622,15,3
4622,23,3
4622,1,1
4623,17,1
4623,30,3
4623,37,1
4624,14,3
4624,7,2
4625,32,3
4625,13,1
4625,1,3
4626,30,3
4626,14,3
4626,8,1
4626,17,2
4627,18,2
4627,29,3
4627,1,1
4627,16,2
4628,8,1
4629,9,3
4630,19,1
4630,31,3
4630,36,2
4631,8,2
4631,9,2
4631,14,1
4632,5,3
4633,24,1
4633,2,1
4634,22,1
4634,13,1
4635,18,3
4635,1,3
4636,12,1
4636,0,1
4636,2,2
4637,11,1
4637,6,3
4638,30,3
4638,13,1
4638,21,3
4638,17,1
4639,12,2
4640,10,2
4640,8,2
4641,9,1
4642,22,2
4642,26,3
4643,3,3
4643,7,1
4644,10,2
4644,33,3
4644,17,2
4645,17,3
4646,25,1
4646,36,1
4646,24,1
4647,4,1
4647,27,3
4647,10,1
4647,18,1
4648,14,1
4648,32,3
4648,0,2
4648,3,3
4649,7,1
4649,14,1
4649,38,1
4650,31,2
4651,16,2
4651,5,3
4652,5,3
4652,36,2
4652,30,1
4653,5,3
4653,30,1
4653,36,2
4653,6,1
4654,16,3
4654,38,2
4654,23,2
4654,3,3
4655,35,3
4655,3,1
4655,29,1
4656,31,1
4657,17,1
4657,35,2
4657,21,1
4657,14,1
4658,37,1
4659,33,1
4659,5,2
4659,37,1
4659,22,2
4660,20,3
4660,15,3
4661,37,3
4661,13,1
4661,5,2
4661,1,2
4662,24,1
4662,8,3
4662,18,1
4662,28,1
4663,29,2
4663,27,3
4664,21,3
4664,35,1
4664,16,1
4664,2,3
4665,6,3
4666,25,1
4666,4,1
4667,18,1
4667,4,3
4668,14,2
4668,35,1
4669,18,1
4669,12,2
4670,16,2
4670,20,3
4670,32,2
4671,8,1
4671,20,1
4672,32,2
4672,2,3
4672,20,1
4673,22,3
4673,17,1
4674,28,2
4674,36,3
4674,20,2
4674,5,1
4675,37,1
4676,0,1
4677,27,2
4677,20,2
4678,9,1
4678,38,1
4678,34,3
4679,24,2
4679,21,3
4679,34,1
4679,20,1
4680,20,3
4681,24,2
4682,32,3
4682,10,3
4682,3,3
4683,14,3
4683,13,3
4683,17,3
4684,26,2
4684,15,1
4684,25,2
4684,17,1
4685,25,2
4685,18,2
4685,22,1
4686,35,1
4686,30,1
4687,22,3
4688,16,1
4688,38,1
4689,6,3
4689,14,3
4689,8,1
4690,10,2
4691,27,3
4691,18,1
4692,19,1
4693,36,1
4693,6,3
4694,24,2
4695,10,3
4696,8,2
4696,30,1
4696,37,1
4697,10,2
4698,27,2
4698,36,3
4698,13,3
4699,8,2
4699,27,1
4699,26,3
4699,10,3
4700,7,2
4700,18,2
4701,37,1
4701,1,3
4702,25,3
4702,31,3
4702,3,2
4702,15,3
4703,33,1
4703,8,2
4704,18,3
4704,8,3
4704,29,3
4705,37,2
4705,6,2
4705,10,1
4706,1,3
4706,12,1
4706,6,1
4707,3,3
4707,12,2
4707,26,2
4707,16,3
4708,27,3
4708,22,3
4709,12,3
4710,2,3
4710,5,2
4710,1,2
4711,25,2
4711,5,3
4712,22,3
4712,20,1
4712,3,2
4712,28,1
4713,27,2
4713,28,2
4713,37,1
4713,0,1
4714,12,1
4715,0,1
4715,33,2
4716,2,3
4716,23,3
4716,16,3
4717,14,2
4717,2,1
4718,0,3
4718,18,3
4719,24,2
4720,29,3
4720,9,1
4721,22,2
4722,14,1
4722,38,1
4722,0,2
4723,4,1
4723,10,1
4723,29,3
4724,13,3
4724,2,1
4725,16,2
4725,30,2
4726,27,2
4727,13,2
4727,24,3
4727,16,1
4727,26,3
4728,34,2
4728,18,2
4729,30,1
4729,17,3
4729,18,3
4729,34,3
4730,23,2
4730,38,2
4731,0,3
4731,13,3
4731,8,3
4731,21,3
4732,1,2
4732,17,2
4733,10,3
4734,28,1
4734,10,2
4734,38,2
4734,19,1
4735,19,3
4735,8,2
4735,18,1
4735,12,1
4736,30,2
4736,37,3
4736,8,3
4737,22,1
4737,4,2
4738,32,3
4738,23,1
4739,22,1
4740,3,3
4740,31,2
4740,20,3
4741,8,2
4741,36,3
4741,30,1
4742,24,1
4742,14,3
4742,11,2
4742,35,1
4743,34,2
4743,8,3
4743,15,2
4743,0,2
4744,36,2
4744,37,1
4745,32,2
4745,11,2
4746,16,2
4746,4,3
4746,9,3
4747,31,1
4747,22,2
4747,16,2
4747,11,1
4748,18,2
4749,0,1
4749,4,2
4749,24,1
4750,28,2
4750,21,3
4751,31,2
4751,24,3
4751,6,3
4751,10,2
4752,17,3
4752,33,1
4752,11,2
4753,7,1
4753,24,3
4754,36,2
4754,19,3
4755,36,1
4756,36,1
4757,23,2
4757,5,1
4757,24,2
4757,38,1
4758,37,2
4758,29,3
4759,29,3
4759,25,2
4760,26,2
4761,4,2
4761,20,1
4761,28,3
4761,32,1
4762,32,2
4763,4,1
4763,27,3
4764,20,1
4764,25,1
4764,23,2
4765,10,3
4766,5,1
4766,1,3
4766,35,3
4766,25,3
4767,21,1
4767,37,2
4767,12,2
4767,1,1
4768,21,1
4768,29,2
4768,12,1
4768,2,3
4769,32,2
4769,38,1
4769,4,1
4769,2,3
4770,37,1
4771,34,1
4772,17,2
4773,37,3
4774,6,2
4774,1,1
4775,35,1
4775,32,1
4775,7,2
4775,0,3
4776,33,1
4776,36,1
4776,17,1
4776,24,2
4777,10,1
4778,25,1
4778,16,1
4778,6,1
4779,2,3
4779,38,3
4779,18,1
4780,1,3
4780,23,2
4780,28,2
4780,8,3
4781,10,2
4781,21,3
4781,17,1
4782,8,1
4782,7,3
4782,10,2
4782,0,1
4783,37,2
4784,8,2
4784,35,2
4785,17,1
4785,9,2
4785,10,1
4785,36,1
4786,37,3
4786,1,3
4786,26,1
4786,16,1
4787,7,2
4788,0,3
4788,31,2
4789,10,1
4789,20,3
4789,1,3
4789,23,3
4790,16,1
4790,3,2
4790,26,2
4790,32,3
4791,28,1
4791,27,1
4791,26,2
4792,4,1
4792,2,2
4792,16,2
4792,13,2
4793,5,3
4793,38,3
4793,31,3
4793,15,1
4794,6,2
4794,18,1
4794,15,3
4795,16,1
4795,22,1
4796,15,1
4796,26,1
4796,3,3
4796,23,3
4797,26,2
4797,36,2
4797,38,3
4798,10,3
4798,37,3
4798,11,2
4799,20,1
4799,9,3
4800,25,3
4800,37,1
4800,6,2
4800,16,3
4801,5,1
4801,36,3
4801,35,3
4802,11,3
4802,32,2
4802,21,3
4803,8,3
4804,1,2
4805,19,2
4805,35,2
4806,18,1
4806,19,1
4806,14,3
4807,1,3
4807,5,2
4807,7,3
4807,34,1
4808,17,3
4809,0,3
4809,11,1
4809,8,1
4809,34,2
4810,13,3
4811,22,2
4811,16,2
4812,30,3
4812,24,1
4812,20,3
4813,16,1
4813,15,3
4814,26,2
4815,12,2
4815,30,2
4815,27,3
4816,21,3
4816,23,3
4817,14,1
4817,37,2
4818,30,3
4818,37,2
4818,11,2
4818,12,1
4819,4,2
4820,36,3
4820,34,1
4820,14,2
4820,13,1
4821,10,2
4821,12,3
4822,10,1
4823,19,1
4823,1,1
4824,34,2
4824,32,3
4825,9,3
4825,37,3
4825,35,2
4825,30,2
4826,7,3
4827,1,3
4827,4,1
4827,33,3
4827,25,3
4828,5,2
4828,30,3
4829,27,1
4829,31,2
4830,18,3
4830,9,2
4830,25,3
4830,14,1
4831,13,3
4831,15,2
4832,11,1
4832,7,1
4832,38,2
4833,8,2
4833,29,3
4833,38,2
4834,16,1
4835,31,2
4835,24,1
4836,37,2
4836,7,3
4837,17,3
4837,9,1
4838,8,3
4838,33,1
4838,5,2
4838,37,3
4839,29,3
4839,0,1
4840,2,1
4840,35,3
4840,34,1
4840,26,2
4841,21,3
4841,12,2
4842,37,3
4842,22,2
4842,16,1
4843,35,2
4843,27,3
4844,32,3
4844,0,1
4845,2,3
4845,24,1
4845,30,2
4845,14,1
4846,25,3
4846,5,1
4847,2,2
4848,28,3
4848,8,3
4848,6,3
4848,32,2
4849,13,3
4849,18,1
4849,30,1
4849,29,1
4850,36,1
4851,14,2
4851,33,3
4851,3,3
4852,26,2
4852,36,3
4852,19,2
4852,2,3
4853,0,3
4853,36,2
4854,27,3
4854,8,2
4854,7,2
4855,21,3
4855,12,2
4856,22,1
4856,24,3
4857,4,2
4857,8,3
4857,34,1
4857,31,2
4858,13,3
4859,20,2
4859,10,2
4860,20,2
4860,8,1
4860,34,1
4860,19,1
4861,20,1
4861,35,1
4861,27,3
4862,21,1
4862,31,2
4862,18,1
4862,20,2
4863,25,1
4863,24,2
4863,14,3
4864,30,2
4864,29,1
4864,16,1
4865,36,1
4865,29,3
4866,33,2
4866,37,2
4866,23,3
4867,19,2
4867,24,2
4868,11,2
4868,30,2
4868,15,1
4868,5,2
4869,33,2
4870,13,1
4870,1,3
4871,17,3
4872,36,2
4872,9,2
4872,3,2
4872,25,2
4873,36,1
4874,11,2
4874,21,3
4874,32,3
4875,4,2
4876,6,2
4877,17,2
4877,37,2
4877,36,1
4878,8,2
4878,6,3
4878,20,2
4879,33,2
4880,23,2
4880,19,3
4880,25,1
4881,3,1
4881,28,3
4881,15,3
4882,22,3
4883,38,2
4884,32,2
4884,16,1
4885,36,1
4885,32,2
4886,17,3
4886,32,2
4886,3,3
4887,20,3
4887,1,2
4887,22,2
4888,24,1
4888,20,3
4888,25,1
4889,3,3
4889,11,2
4889,22,1
4889,2,1
4890,17,2
4890,34,3
4890,20,2
4890,31,3
4891,8,2
4891,20,1
4891,5,1
4891,4,2
4892,5,1
4892,28,2
4892,6,3
4893,13,3
4893,16,1
4893,34,2
4894,2,1
4894,8,2
4895,7,1
4895,19,1
4896,21,1
4896,17,3
4896,25,3
4896,2,2
4897,30,1
4897,19,3
4897,26,1
4898,22,3
4898,19,2
4899,37,2
4900,22,1
4900,37,1
4901,24,2
4902,9,2
4902,12,3
4903,23,2
4903,34,1
4904,27,3
4904,37,2
4905,35,2
4905,20,2
4905,12,1
4906,13,3
4906,19,2
4906,2,1
4907,36,1
4907,24,3
4907,38,2
4908,15,3
4908,14,1
4909,15,3
4909,13,3
4909,21,1
4909,3,1
4910,1,2
4910,4,3
4910,29,1
4910,32,2
4911,13,2
4911,28,1
4911,9,2
4912,3,3
4912,0,2
4912,15,2
4913,6,3
4913,33,1
4913,34,3
4914,37,1
4914,21,2
4914,9,3
4915,21,2
4916,26,3
4916,11,3
4916,35,1
4916,14,2
4917,28,3
4918,26,3
4919,7,2
4919,34,1
4920,28,3
4920,29,1
4920,24,3
4920,17,1
4921,15,3
4922,35,3
4922,34,1
4922,10,1
4923,8,2
4923,19,1
4923,7,1
4923,13,3
4924,37,3
4925,16,1
4925,33,1
4926,17,3
4926,8,3
4926,7,2
4927,37,2
4927,20,1
4928,21,2
4928,38,1
4928,36,1
4929,18,2
4929,38,3
4929,17,3
4929,33,1
4930,16,3
4930,21,2
4930,28,2
4930,33,3
4931,20,1
4931,27,2
4931,34,1
4931,13,3
4932,19,2
4932,10,2
4933,27,3
4933,11,2
4933,13,3
4934,36,2
4934,18,1
4935,26,2
4935,0,3
4936,0,2
4936,6,3
4936,21,1
4937,3,1
4938,22,1
4938,5,1
4938,37,3
4939,5,1
4939,14,3
4940,23,3
4940,3,3
4940,10,1
4941,10,3
4942,34,2
4943,37,2
4944,21,3
4944,15,1
4945,11,3
4945,14,2
4946,29,1
4946,16,2
4946,12,1
4947,9,1
4947,1,3
4948,17,2
4948,38,1
4948,29,1
4949,11,2
4949,5,3
4949,12,1
4949,3,2
4950,13,1
4950,29,1
4950,36,2
4950,31,1
4951,7,1
4951,28,2
4951,22,1
4951,24,2
4952,17,3
4953,4,3
4953,35,1
4953,38,3
4953,19,2
4954,5,1
4955,31,1
4955,0,2
4955,15,3
4955,7,3
4956,33,3
4956,24,2
4956,15,2
4957,0,1
4957,6,1
4958,19,2
4959,19,1
4959,37,1
4959,35,1
4959,36,2
4960,20,3
4960,2,2
4961,12,3
4961,6,2
4962,29,3
4962,13,1
4962,23,2
4963,21,3
4964,11,3
4964,30,1
4964,29,1
4965,20,1
4965,21,3
4966,18,1
4966,32,1
4967,16,1
4968,14,3
4968,1,3
4968,23,3
4968,13,2
4969,4,3
4969,18,3
4969,35,1
4969,17,3
4970,23,2
4971,38,1
4971,5,1
4971,4,2
4972,29,3
4972,12,3
4973,1,1
4973,36,1
4973,29,3
4973,32,1
4974,28,2
4974,9,3
4974,32,1
4974,26,1
4975,11,3
4975,17,3
4975,29,1
4975,23,2
4976,19,3
4976,16,3
4976,3,2
4977,29,2
4977,15,1
4977,9,1
4977,16,3
4978,36,3
4978,19,3
4978,4,2
4979,7,3
4979,20,2
4980,6,3
4981,11,2
4982,17,1
4982,12,1
4983,8,1
4983,21,1
4983,10,2
4983,4,1
4984,6,3
4984,31,3
4985,6,3
4985,35,3
4985,2,3
4986,14,1
4986,21,3
4986,15,2
4986,20,2
4987,13,2
4988,37,1
4988,27,3
4988,34,3
4988,23,1
4989,23,1
4989,20,2
4989,33,2
4989,13,2
4990,36,2
4991,21,1
4991,12,1
4991,36,2
4992,32,2
4992,27,2
4992,30,2
4992,15,1
4993,4,1
4993,9,2
4994,37,2
4994,14,3
4994,0,2
4994,8,1
4995,3,3
4996,36,1
4996,2,3
4996,7,1
4997,33,3
4997,11,2
4997,3,3
4998,3,2
4998,17,2
4999,21,1
5000,9,1
5001,24,3
5001,14,1
5001,3,2
5001,15,1
5002,8,1
5002,12,2
5002,11,1
5002,0,2
5003,35,1
5003,29,2
5003,10,2
5003,1,1
5004,34,2
5004,25,2
5004,30,3
5004,3,1
5005,2,1
5005,19,3
5006,3,1
5006,19,1
5006,16,1
5007,14,3
5007,9,1
5008,36,2
5008,6,2
5009,35,2
5010,31,2
5010,34,3
5010,15,2
5011,37,2
5011,28,2
5012,32,1
5012,18,3
5013,10,2
5013,22,1
5014,26,1
5014,18,1
5014,6,1
5014,20,2
5015,34,2
5015,33,1
5015,31,3
5015,28,3
5016,20,3
5016,22,2
5017,6,1
5018,1,2
5018,15,2
5018,9,1
5018,19,2
5019,1,2
5020,33,3
5020,8,1
5021,24,1
5022,14,3
5022,4,3
5022,2,1
5022,7,1
5023,15,2
5023,20,1
5024,20,1
5024,1,1
5024,10,2
5025,9,2
5025,12,1
5026,35,1
5027,28,2
5028,5,2
5028,31,2
5029,20,2
5029,12,1
5029,31,2
5029,30,1
5030,38,1
5030,30,2
5031,13,2
5031,0,3
5032,28,2
5032,21,1
5033,34,3
5034,36,1
5034,29,2
5035,33,3
5035,29,1
5035,13,3
5036,19,2
5036,12,3
5037,24,3
5037,19,1
5038,18,3
5038,13,1
5038,17,1
5039,25,1
5039,0,3
5040,4,1
5040,3,3
5040,27,2
5041,32,3
5041,6,1
5042,36,3
5042,25,3
5042,5,1
5042,34,1
5043,32,2
5043,21,2
5043,36,3
5043,7,3
5044,2,2
5045,6,2
5046,16,1
5047,9,1
5047,11,3
5047,24,1
5048,6,1
5048,28,1
5048,4,2
5049,8,1
5049,38,3
5050,21,3
5050,35,3
5050,36,2
5050,9,2
5051,25,3
5051,22,1
5051,27,3
5051,1,3
5052,23,3
5052,9,2
5052,27,1
5053,9,1
5053,0,3
5053,4,1
5054,10,2
5054,26,3
5055,37,2
5056,1,2
5056,4,3
5056,12,3
5056,16,3
5057,16,3
5057,18,2
5058,8,1
5058,4,1
5058,16,1
5058,26,2
5059,26,2
5059,6,3
5059,8,3
5059,16,1
5060,6,1
5060,38,3
5060,31,3
5060,18,3
5061,34,2
5061,38,1
5061,19,1
5062,29,3
5063,27,1
5063,38,1
5063,29,2
5063,34,3
5064,23,2
5064,33,1
5064,9,1
5064,20,3
5065,29,2
5065,16,2
5065,6,3
5065,18,1
5066,32,3
5066,1,2
5066,15,2
5067,35,3
5067,8,2
5067,21,3
5068,38,1
5069,6,3
5069,30,3
5069,35,1
5070,35,1
5070,16,1
5071,29,3
5071,14,1
5072,4,1
5073,1,3
5073,37,1
5073,27,1
5074,28,2
5074,21,2
5074,31,1
5074,2,3
5075,2,3
5076,30,1
5077,38,1
5077,28,1
5078,9,2
5078,26,1
5078,11,1
5079,25,3
5080,24,1
5080,33,2
5080,36,3
5080,20,3
5081,34,2
5081,3,2
5082,32,1
5082,3,3
5082,30,1
5083,13,1
5083,24,1
5083,35,3
5084,5,1
5084,26,3
5084,29,1
5085,35,1
5085,34,1
5086,23,1
5087,5,3
5087,11,2
5087,15,1
5088,33,1
5088,5,3
5088,22,2
5088,17,3
5089,12,1
5089,30,2
5089,8,1
5089,34,3
5090,37,3
5090,8,2
5091,8,2
5091,26,3
5091,18,2
5092,29,3
5093,27,3
5093,33,1
5093,11,3
5093,31,1
5094,4,2
5094,21,2
5094,17,3
5094,24,3
5095,21,2
5095,5,3
5096,0,1
5096,9,3
5096,35,3
5097,7,2
5098,9,2
5098,14,2
5099,27,2
5099,12,1
5099,23,1
5100,3,1
5100,19,3
5100,38,1
5101,19,2
5101,4,2
5102,1,1
5102,0,2
5103,8,3
5103,2,2
5103,10,2
5104,29,3
5105,16,1
5106,10,2
5106,33,2
5106,22,1
5106,29,2
5107,34,1
5108,27,2
5108,30,3
5108,31,2
5109,22,3
5109,12,3
5110,29,2
5110,36,1
5110,35,2
5111,33,2
5111,15,1
5111,37,1
5111,30,3
5112,5,1
5112,9,2
5113,17,1
5114,4,3
5115,34,1
5115,33,2
5115,37,3
5116,6,2
5116,15,2
5116,3,3
5117,38,3
5118,13,2
5118,36,2
5119,17,2
5119,24,3
5119,21,2
5119,18,2
5120,10,1
5120,32,3
5120,1,3
5121,0,1
5122,14,3
5122,33,3
5122,30,3
5122,20,1
5123,8,1
5123,32,1
5123,20,1
5123,23,3
5124,28,1
5124,25,3
5124,7,2
5125,22,1
5126,37,2
5127,25,3
5127,9,1
5127,4,1
5128,31,2
5128,2,2
5129,4,1
5130,32,3
5130,16,1
5130,8,1
5131,5,3
5131,11,1
5131,8,3
5132,10,3
5132,7,1
5132,4,1
5132,11,2
5133,10,1
5133,26,3
5134,16,2
5134,32,2
5134,22,1
5134,29,1
5135,10,2
5135,27,2
5136,36,2
5136,38,3
5136,2,1
5136,16,3
5137,3,2
5138,17,2
5138,35,3
5138,2,3
5139,38,2
5139,35,2
5140,2,1
5141,35,1
5141,21,3
5141,6,2
5142,38,1
5142,11,1
5143,14,2
5143,27,2
5144,38,2
5145,29,2
5146,13,3
5146,27,2
5146,17,2
5146,25,1
5147,28,1
5147,34,2
5147,11,1
5147,36,1
5148,23,2
5148,18,2
5148,0,2
5149,35,1
5149,14,1
5149,18,1
5149,10,1
5150,16,3
5151,34,1
5151,38,3
5152,31,2
5152,24,3
5152,33,1
5152,36,1
5153,20,2
5154,23,1
5154,8,2
5154,4,3
5155,36,2
5155,14,1
5156,16,2
5156,14,1
5156,9,2
5156,23,1
5157,23,3
5158,3,3
5159,7,2
5159,11,2
5160,31,2
5160,3,2
5160,1,2
5161,0,2
5161,29,1
5162,20,3
5162,26,3
5162,21,2
5162,33,1
5163,21,2
5164,7,2
5164,22,3
5165,35,2
5165,38,1
5165,0,3
5165,7,2
5166,27,3
5167,17,3
5167,31,2
5168,38,2
5168,36,1
5168,31,2
5169,19,2
5170,2,1
5170,26,3
5171,34,2
5171,7,2
5171,28,1
5172,26,1
5172,1,2
5173,30,1
5174,25,3
5174,38,2
5174,9,1
5174,8,2
5175,12,1
5176,8,3
5177,9,1
5177,4,2
5177,34,3
5178,36,2
5179,25,1
5179,34,2
5179,9,2
5180,32,3
5180,19,3
5180,34,3
5180,25,1
5181,4,1
5181,27,2
5181,22,1
5182,11,1
5183,36,3
5184,38,2
5184,35,3
5184,1,3
5184,34,3
5185,33,1
5185,21,3
5185,18,2
5186,18,1
5186,26,2
5186,25,2
5186,14,1
5187,8,3
5187,11,1
5187,10,1
5188,16,2
5188,13,2
5188,18,1
5188,36,3
5189,32,2
5190,6,2
5191,25,1
5191,22,3
5191,23,3
5191,33,1
5192,15,1
5193,32,1
5193,16,3
5194,15,1
5194,10,3
5195,29,3
5195,4,3
5195,5,3
5195,33,3
5196,10,1
5196,27,1
5196,37,2
5196,14,1
5197,24,1
5197,35,3
5197,11,3
5198,7,1
5198,9,2
5198,33,1
5199,35,3
5199,36,2
5200,22,2
5200,5,3
5200,15,3
5201,4,3
5202,22,1
5202,29,3
5202,12,3
5203,33,1
5203,9,1
5204,5,2
5205,33,3
5206,11,2
5207,15,1
5207,22,1
5207,9,3
5208,21,3
5208,24,3
5209,4,1
5209,1,3
5209,13,2
5210,30,2
5211,16,1
5211,38,2
5211,31,2
5211,0,1
5212,20,3
5213,0,1
5213,29,3
5213,22,1
5214,7,2
5214,18,3
5214,33,2
5214,16,3
5215,34,2
5215,31,1
5215,11,2
5215,23,3
5216,11,3
5216,31,2
5216,21,1
5217,33,3
5217,17,3
5217,22,2
5218,33,2
5218,25,1
5219,37,2
5219,5,3
5219,3,3
5219,4,2
5220,24,3
5220,31,1
5220,38,3
5221,37,1
5222,38,1
5223,17,2
5223,9,2
5223,37,3
5224,5,3
5224,19,2
5225,34,3
5225,14,2
5226,18,3
5227,10,1
5228,0,3
5228,20,3
5229,23,2
5230,26,3
5231,29,1
5232,12,1
5233,13,2
5234,11,2
5234,2,2
5234,12,1
5234,32,3
5235,8,1
5235,38,2
5236,19,2
5237,1,2
5237,29,2
5238,24,2
5238,6,3
5239,7,2
5240,16,3
5240,11,2
5240,2,1
5241,3,1
5241,10,1
5241,25,2
5241,24,2
5242,7,3
5242,27,3
5242,29,3
5243,6,2
5243,11,3
5243,10,1
5243,9,3
5244,29,3
5244,18,2
5245,13,1
5246,4,3
5246,29,1
5246,24,3
5247,16,1
5247,37,2
5247,13,1
5248,35,1
5248,26,3
5249,24,2
5249,28,3
5249,34,2
5250,24,1
5250,34,3
5250,2,3
5250,23,1
5251,36,2
5251,31,2
5252,32,3
5252,21,3
5252,1,1
5252,30,2
5253,11,1
5253,13,2
5254,4,3
5254,27,2
5254,18,2
5255,36,2
5255,22,3
5255,32,3
5255,5,3
5256,7,3
5257,14,1
5257,20,2
5257,3,2
5257,32,1
5258,32,3
5258,2,2
5258,26,1
5258,7,2
5259,38,1
5259,15,1
5259,24,2
5259,18,2
5260,22,2
5260,17,1
5261,18,1
5262,3,1
5262,14,3
5262,10,2
5263,27,1
5263,36,2
5263,1,1
5264,26,2
5265,35,2
5265,28,2
5265,17,3
5266,3,3
5267,20,1
5268,5,2
5268,22,2
5269,14,3
5269,21,1
5269,15,2
5269,19,2
5270,10,3
5271,6,1
5271,20,1
5271,31,3
5271,12,3
5272,36,3
5272,33,2
5273,5,3
5273,3,1
5274,35,2
5274,2,3
5275,10,3
5275,35,1
5275,11,1
5276,14,3
5277,38,2
5277,23,2
5278,4,2
5278,17,2
5278,9,3
5278,7,1
5279,35,3
5279,15,3
5280,26,3
5280,0,1
5281,8,3
5281,37,3
5281,38,1
5281,9,1
5282,1,3
5282,24,1
5282,28,3
5282,32,1
5283,19,1
5283,4,2
5284,2,3
5285,29,3
5285,27,2
5285,31,1
5285,8,1
5286,38,1
5286,31,3
5287,25,1
5287,0,3
5288,26,1
5289,24,3
5289,4,2
5289,1,2
5289,36,2
5290,2,1
5290,8,2
5291,15,3
5291,26,2
5291,27,1
5292,37,1
5292,7,1
5292,26,3
5292,33,2
5293,16,1
5293,28,1
5293,10,3
5294,11,3
5295,33,1
5296,23,2
5296,35,1
5297,0,2
5297,30,3
5297,32,2
5297,38,1
5298,17,3
5298,27,1
5298,8,1
5298,5,1
5299,25,1
5299,19,2
5300,6,2
5301,13,1
5302,19,3
5302,7,1
5303,36,3
5303,24,1
5303,4,2
5303,26,3
5304,11,1
5304,16,2
5305,20,3
5305,36,3
5306,3,1
5306,33,1
5307,32,1
5308,29,2
5308,3,3
5308,9,2
5309,16,3
5310,11,2
5310,17,1
5310,29,2
5310,3,3
5311,11,3
5311,7,1
5312,8,2
5312,14,3
5312,24,1
5312,27,1
5313,12,1
5313,35,2
5313,4,1
5314,1,3
5314,12,3
5314,15,2
5315,14,1
5316,22,3
5316,16,1
5316,13,1
5317,10,1
5317,28,3
5318,28,3
5318,12,3
5318,1,3
5318,22,3
5319,28,2
5320,30,1
5320,25,1
5320,14,1
5321,9,3
5321,6,3
5321,13,3
5322,37,1
5323,3,2
5323,21,1
5323,6,3
5324,8,2
5324,11,3
5324,19,1
5325,11,3
5325,38,3
5325,16,3
5326,23,2
5326,17,3
5326,21,3
5327,2,2
5327,28,1
5327,11,1
5328,38,1
5329,27,1
5329,28,1
5329,10,3
5329,37,3
5330,18,2
5330,35,2
5331,12,3
5331,11,1
5331,34,1
5332,8,3
5333,28,3
5333,6,2
5333,13,2
5334,23,1
5334,20,3
5334,28,3
5335,14,2
5336,6,1
5336,18,2
5336,1,3
5336,3,2
5337,17,1
5337,1,3
5337,28,1
5338,19,3
5338,16,2
5339,20,2
5340,27,3
5340,17,1
5341,22,3
5342,10,1
5342,12,3
5343,20,1
5343,36,2
5344,35,1
5344,19,1
5344,36,1
5344,26,1
5345,11,2
5345,7,2
5346,17,1
5346,29,1
5346,36,3
5347,24,1
5348,1,2
5348,34,1
5349,25,2
5349,2,1
5349,24,2
5350,20,1
5350,12,3
5351,19,3
5352,10,3
5352,33,3
5352,6,3
5353,35,1
5354,1,3
5354,27,3
5354,18,3
5354,0,3
5355,38,3
5356,25,1
5356,36,2
5357,7,3
5357,33,2
5357,37,1
5358,17,2
5358,1,2
5358,22,1
5358,24,2
5359,1,3
5359,9,1
5359,36,3
5359,13,1
5360,34,2
5361,24,3
5361,23,3
5362,8,1
5363,24,2
5363,33,2
5363,0,2
5364,38,1
5364,15,3
5365,2,3
5365,10,2
5365,14,1
5366,33,2
5367,38,1
5367,13,3
5367,29,3
5367,34,2
5368,2,3
5368,26,1
5369,7,1
5369,29,2
5369,15,3
5370,33,3
5370,36,2
5370,6,3
5371,16,2
5372,7,3
5372,35,1
5373,5,1
5374,19,1
5375,9,3
5375,35,3
5375,4,2
5376,23,2
5376,30,2
5376,6,1
5377,5,3
5377,9,2
5377,1,3
5378,34,3
5379,35,1
5379,11,2
5379,22,3
5379,16,2
5380,5,3
5381,0,2
5382,5,1
5383,29,3
5383,35,2
5383,30,2
5384,28,1
5384,18,2
5385,13,1
5385,30,3
5386,16,3
5386,29,2
5387,4,2
5388,34,3
5388,29,1
5388,6,2
5389,34,2
5389,14,3
5389,15,1
5389,24,3
5390,9,1
5390,22,2
5390,33,1
5390,24,1
5391,38,2
5391,2,1
5391,29,2
5391,19,2
5392,1,3
5393,30,2
5393,27,3
5394,28,1
5394,5,1
5395,30,1
5395,2,3
5395,21,2
5395,8,1
5396,37,3
5396,36,1
5397,18,2
5397,0,3
5397,7,2
5398,31,2
5399,23,1
5399,12,1
5399,38,2
5399,30,2
5400,2,2
5400,20,1
5400,5,2
5401,21,3
5401,25,1
5402,25,1
5403,29,2
5403,11,1
5403,26,3
5403,31,3
5404,10,3
5405,14,2
5405,30,3
5405,29,2
5405,33,3
5406,7,3
5406,35,2
5406,13,2
5406,5,2
5407,10,1
5407,11,3
5407,36,3
5407,3,2
5408,37,3
5408,12,3
5408,23,1
5408,36,2
5409,24,3
5409,15,3
5409,4,3
5410,26,3
5410,11,1
5411,33,2
5411,4,2
5412,16,2
5412,30,3
5412,0,1
5412,14,3
5413,35,1
5414,10,1
5414,30,1
5414,17,1
5415,14,3
5415,8,2
5416,24,2
5417,0,1
5417,3,3
5417,34,3
5417,13,2
5418,5,2
5418,29,3
5419,20,2
5420,13,3
5420,16,1
5421,29,1
5421,17,1
5421,11,3
5421,27,3
5422,23,3
5422,2,1
5422,35,2
5423,12,2
5423,29,3
5423,36,2
5423,34,3
5424,6,3
5424,11,2
5424,37,3
5424,5,3
5425,19,1
5426,13,2
5427,34,3
5427,7,3
5427,20,3
5428,4,2
5428,34,3
5429,35,3
5430,15,1
5431,34,3
5431,10,2
5431,7,1
5432,26,3
5432,34,3
5433,2,2
5433,17,2
5433,19,2
5434,20,3
5434,3,2
5435,16,2
5435,18,2
5436,9,1
5436,23,3
5437,36,3
5437,19,2
5438,27,3
5438,30,3
5438,12,2
5438,1,3
5439,2,1
5440,7,3
5440,18,3
5441,9,3
5442,9,2
5442,36,1
5442,24,3
5443,13,3
5443,31,3
5443,10,2
5444,11,1
5445,6,3
5445,23,2
5445,25,3
5446,19,3
5447,1,3
5447,4,1
5447,32,2
5448,21,1
5448,6,2
5448,3,3
5448,14,3
5449,31,3
5449,2,3
5450,25,1
5450,33,2
5450,2,2
5451,13,2
5452,27,3
5452,5,1
5453,31,3
5454,36,1
5454,34,2
5455,37,3
5455,29,1
5455,32,2
5456,15,2
5456,12,1
5456,8,3
5456,11,1
5457,27,2
5457,9,2
5457,38,1
5457,19,3
5458,38,3
5458,10,2
5458,37,3
5459,25,3
5459,31,3
5459,28,2
5459,6,3
5460,4,3
5460,23,1
5460,12,3
5461,33,3
5461,38,2
5461,5,2
5462,17,3
5462,22,3
5462,4,1
5462,7,1
5463,27,3
5463,37,3
5463,12,1
5463,10,2
5464,1,1
5464,10,2
5464,5,1
5465,16,3
5465,0,3
5465,6,3
5466,21,2
5466,38,2
5467,8,3
5467,20,3
5467,28,3
5467,37,2
5468,8,3
5468,5,2
5468,15,3
5468,37,2
5469,33,1
5469,6,1
5469,0,2
5469,16,2
5470,20,1
5471,11,3
5471,14,1
5471,17,3
5472,26,2
5473,29,2
5473,18,2
5473,6,3
5474,1,1
5474,23,1
5474,25,2
5474,20,1
5475,30,3
5475,28,3
5475,21,3
5475,24,1
5476,29,2
5476,5,3
5477,16,2
5477,27,1
5477,21,3
5477,12,3
5478,32,3
5478,28,3
5478,0,3
5479,8,3
5479,1,2
5480,36,1
5481,4,1
5481,27,3
5482,28,2
5483,30,1
5483,34,2
5483,17,3
5484,2,1
5485,27,1
5485,33,1
5486,22,1
5486,34,1
5486,19,1
5487,13,2
5487,9,2
5487,10,3
5488,33,2
5488,28,1
5488,4,1
5488,16,3
5489,1,2
5489,6,3
5489,10,3
5489,3,1
5490,23,2
5490,33,1
5491,18,2
5491,29,3
5491,3,2
5492,19,2
5492,5,3
5492,1,1
5493,31,1
5493,27,1
5494,10,3
5495,15,3
5496,30,3
5496,17,3
5496,24,2
5496,38,1
5497,34,3
5498,21,3
5498,29,2
5498,5,2
5499,17,2
5499,37,2
5499,38,1
5500,12,2
5500,6,3
5500,36,2
5500,28,3
5501,0,3
5501,11,3
5501,15,3
5501,26,1
5502,23,1
5503,11,3
5504,26,2
5504,21,2
5505,18,2
5505,3,2
5505,7,3
5506,5,3
5506,25,1
5506,1,2
5507,6,3
5508,5,2
5508,9,1
5508,3,1
5508,31,3
5509,5,3
5509,35,1
5510,21,3
5510,14,2
5511,36,3
5512,35,3
5512,7,3
5512,10,3
5513,35,3
5513,32,2
5513,17,2
5514,34,1
5514,7,1
5515,23,2
5516,21,2
5516,7,3
5516,24,2
5517,34,3
5517,6,1
5517,22,2
5517,18,2
5518,17,3
5518,8,3
5518,34,3
5518,20,2
5519,21,3
5519,28,1
5519,0,1
5520,25,1
5520,31,3
5520,23,3
5520,3,2
5521,30,1
5522,23,2
5522,29,3
5522,15,2
5522,27,1
5523,18,1
5523,29,1
5524,33,2
5524,29,3
5524,3,1
5525,4,1
5525,26,3
5526,22,3
5526,19,2
5527,10,1
5527,15,3
5528,29,3
5529,5,2
5529,25,3
5530,28,3
5530,20,3
5531,7,1
5531,15,1
5531,12,3
5532,20,2
5532,13,3
5532,16,1
5533,34,1
5533,33,2
5533,13,2
5534,23,2
5535,15,2
5535,32,3
5536,28,3
5536,7,3
5536,14,1
5536,22,3
5537,29,3
5538,32,1
5538,15,2
5538,38,1
5539,14,2
5539,24,2
5540,32,3
5540,12,2
5540,31,2
5541,34,3
5541,0,1
5541,9,2
5541,13,3
5542,4,2
5542,31,3
5543,27,3
5544,27,2
5544,24,2
5544,30,1
5545,5,3
5545,27,3
5545,22,1
5545,34,3
5546,21,2
5547,36,3
5547,16,3
5547,14,1
5547,3,1
5548,6,2
5548,13,2
5548,1,2
5549,19,1
5549,9,1
5549,14,2
5550,7,2
5551,0,2
5552,30,1
5553,1,3
5554,38,2
5554,37,1
5555,38,3
5555,17,3
5556,19,1
5557,30,2
5557,17,3
5557,38,2
5557,24,1
5558,2,2
5558,5,3
5559,10,2
5559,18,2
5559,20,2
5559,16,2
5560,32,1
5561,14,2
5561,10,3
5561,17,3
5562,33,3
5562,14,1
5562,36,3
5563,26,3
5563,16,3
5563,24,2
5564,37,1
5565,28,2
5565,15,2
5566,10,3
5566,8,2
5566,34,2
5567,27,3
5567,34,1
5568,32,3
5568,3,3
5569,34,3
5569,27,2
5569,19,3
5569,5,3
5570,31,1
5570,1,1
5570,29,1
5571,27,3
5571,26,3
5571,12,2
5572,18,2
5572,35,1
5573,25,3
5574,22,3
5574,38,1
5575,10,1
5576,29,1
5576,21,3
5576,15,3
5577,28,2
5577,32,2
5578,24,2
5578,1,3
5578,13,3
5578,7,3
5579,26,3
5579,35,3
5580,36,1
5580,30,3
5580,37,3
5580,6,2
5581,6,1
5581,3,2
5581,2,3
5582,34,1
5583,16,2
5583,29,1
5583,30,2
5583,14,2
5584,5,1
5585,8,1
5586,9,1
5587,2,2
5588,0,1
5588,23,3
5588,30,2
5589,22,3
5590,26,3
5590,24,2
5590,0,1
5590,20,3
5591,4,3
5591,23,1
5591,5,1
5591,17,2
5592,24,3
5592,16,1
5593,16,2
5593,37,3
5593,34,2
5594,10,1
5594,21,3
5594,16,3
5595,0,3
5595,22,3
5596,15,3
5596,20,3
5597,29,3
5598,35,1
5598,27,1
5598,36,3
5599,3,1
5599,32,3
5600,18,1
5600,15,3
5600,24,1
5601,13,1
5601,0,1
5601,35,1
5601,28,3
5602,6,2
5602,8,3
5602,27,2
5603,25,1
5603,4,3
5604,30,1
5604,20,3
5604,22,3
5604,12,2
5605,2,1
5606,33,1
5606,9,1
5606,14,1
5606,0,1
5607,7,1
5607,6,2
5607,26,3
5607,38,1
5608,5,3
5608,9,1
5608,28,3
5608,4,3
5609,0,1
5609,11,3
5609,10,2
5609,38,3
5610,7,1
5610,21,1
5610,24,2
5610,19,2
5611,27,2
5612,18,3
5613,18,3
5614,13,1
5614,33,3
5614,9,3
5614,37,2
5615,31,1
5615,5,1
5616,16,3
5617,19,2
5618,24,2
5618,17,2
5618,0,1
5618,20,3
5619,26,1
5619,12,2
5619,18,3
5619,34,2
5620,31,2
5620,9,1
5620,21,2
5620,16,2
5621,17,3
5621,16,1
5621,11,3
5622,31,1
5622,36,3
5622,16,2
5622,34,1
5623,16,1
5623,30,2
5623,6,1
5624,32,3
5624,9,2
5625,5,2
5625,25,1
5626,31,3
5626,19,3
5626,1,3
5626,22,1
5627,30,2
5627,5,2
5628,22,1
5628,33,2
5628,11,3
5629,1,1
5629,16,3
5630,15,1
5630,5,3
5631,16,1
5631,35,1
5631,26,2
5631,33,1
5632,15,1
5632,20,2
5632,4,2
5633,18,2
5634,23,3
5634,4,1
5635,17,3
5635,23,1
5635,21,3
5635,2,1
5636,23,3
5636,25,3
5636,2,2
5637,5,2
5637,21,2
5638,21,1
5638,32,1
5638,37,2
5639,38,1
5639,34,2
5640,17,2
5640,31,3
5641,24,1
5641,8,1
5642,8,3
5643,1,1
5643,22,1
5643,33,3
5644,11,2
5644,36,1
5644,5,1
5645,30,1
5646,5,3
5646,31,2
5646,11,1
5647,36,3
5648,35,2
5649,7,1
5649,10,1
5649,20,1
5649,4,3
5650,20,3
5650,16,2
5651,7,2
5651,36,2
5651,28,1
5652,29,2
5652,35,1
5653,38,3
5653,9,1
5653,14,3
5654,36,2
5655,34,1
5655,15,3
5655,38,3
5656,14,3
5656,33,2
5656,18,2
5656,32,1
5657,28,1
5657,9,3
5657,18,3
5658,23,1
5659,3,2
5659,32,3
5659,17,1
5660,14,1
5660,12,3
5661,6,1
5661,12,1
5661,8,2
5662,17,1
5662,35,1
5663,15,1
5663,21,3
5664,3,3
5664,14,2
5664,0,1
5664,7,2
5665,4,3
5665,10,2
5665,33,2
5665,30,2
5666,2,2
5666,17,1
5667,12,3
5667,0,2
5668,9,1
5669,35,1
5669,31,2
5669,6,2
5670,5,1
5670,23,2
5671,10,1
5671,0,2
5671,16,2
5671,26,1
5672,5,1
5673,25,2
5673,38,3
5673,37,2
5674,0,1
5674,15,3
5675,35,2
5675,25,2
5676,37,1
5677,6,2
5677,33,1
5677,4,1
5677,18,2
5678,21,3
5678,1,2
5678,8,2
5678,32,2
5679,4,2
5679,11,2
5679,10,1
5680,8,1
5680,12,2
5680,22,2
5681,19,3
5682,11,1
5682,38,3
5683,12,2
5683,23,1
5683,17,1
5684,7,3
5684,30,3
5685,21,2
5685,12,1
5685,30,1
5686,1,2
5686,37,1
5686,12,1
5686,5,1
5687,19,3
5687,17,1
5687,27,2
5687,3,2
5688,21,3
5688,19,3
5688,33,1
5688,32,3
5689,26,1
5690,7,2
5690,25,3
5690,17,1
5691,8,3
5691,0,3
5692,7,3
5692,29,1
5692,15,2
5692,17,3
5693,33,1
5694,6,2
5694,19,1
5694,34,3
5694,4,1
5695,27,3
5696,18,1
5697,22,2
5698,38,2
5699,36,2
5699,20,2
5700,6,2
5700,8,3
5700,18,1
5700,13,2
5701,37,1
5701,19,1
5702,19,2
5703,12,3
5704,6,1
5704,32,2
5705,38,3
5706,27,1
5707,22,2
5707,6,1
5708,18,2
5708,35,3
5708,21,3
5708,32,2
5709,10,3
5709,37,3
5709,36,3
5709,8,2
5710,4,2
5710,32,3
5711,36,1
5711,28,3
5711,16,3
5711,32,3
5712,2,3
5712,24,3
5713,19,3
5713,23,2
5713,5,1
5713,32,3
5714,1,1
5715,24,2
5716,0,1
5716,29,1
5717,7,3
5717,38,3
5718,24,1
5718,33,1
5719,13,3
5719,30,2
5720,10,2
5720,7,3
5720,23,1
5720,21,2
5721,7,2
5721,6,3
5721,3,3
5721,32,3
5722,13,2
5722,1,3
5722,37,2
5723,33,3
5723,26,2
5724,24,2
5725,32,2
5726,13,3
5727,16,1
5727,2,2
5727,26,1
5728,10,1
5728,37,1
5728,17,2
5728,20,1
5729,35,3
5730,1,2
5731,15,1
5731,1,1
5732,0,1
5733,25,2
5733,9,1
5733,12,1
5733,31,1
5734,17,1
5734,20,3
5734,31,1
5735,18,1
5736,17,2
5736,26,3
5737,14,2
5738,3,2
5738,32,1
5739,1,2
5739,19,1
5740,38,3
5740,35,2
5741,16,2
5741,29,1
5741,28,2
5741,34,3
5742,31,2
5742,8,3
5742,5,3
5743,37,1
5743,13,1
5744,12,3
5744,21,2
5744,33,1
5744,34,1
5745,8,1
5746,14,2
5746,25,2
5747,21,2
5748,0,3
5748,30,2
5748,31,2
5748,3,1
5749,18,2
5749,1,3
5749,27,3
5749,15,1
5750,5,2
5751,38,3
5751,35,3
5752,36,3
5752,6,1
5752,35,3
5752,1,1
5753,5,3
5753,20,1
5753,9,2
5754,20,2
5754,0,2
5755,14,3
5755,3,2
5755,36,1
5756,25,3
5756,20,3
5756,38,1
5756,6,1
5757,29,3
5757,32,1
5757,2,1
5758,27,1
5758,4,3
5758,21,3
5759,38,1
5759,6,2
5760,22,3
5760,12,1
5761,22,1
5761,26,3
5762,12,3
5762,23,3
5762,0,2
5762,9,3
5763,6,2
5763,31,3
5763,13,1
5763,0,2
5764,22,3
5765,14,2
5765,1,1
5765,12,2
5765,18,1
5766,5,1
5766,19,2
5766,2,1
5767,17,1
5767,12,3
5768,27,2
5768,21,3
5768,1,3
5768,28,1
5769,25,2
5769,35,1
5769,29,1
5769,0,3
5770,4,2
5770,24,1
5771,23,3
5771,12,1
5772,21,3
5772,20,1
5773,35,2
5773,29,1
5773,10,2
5773,4,1
5774,33,3
5774,21,1
5774,36,3
5774,9,1
5775,4,2
5775,27,3
5775,10,1
5775,14,1
5776,38,3
5776,19,3
5777,30,1
5777,35,2
5778,18,2
5778,32,1
5779,13,1
5780,3,2
5780,27,3
5781,11,2
5781,1,1
5782,1,2
5782,3,2
5782,23,2
5782,17,2
5783,26,2
5784,10,2
5784,33,2
5784,23,3
5785,0,3
5785,38,3
5786,17,1
5787,14,2
5788,13,2
5788,7,3
5788,22,2
5789,31,1
5789,38,3
5789,36,3
5790,9,3
5791,6,1
5792,37,3
5792,16,1
5792,34,1
5793,3,3
5793,12,2
5794,3,3
5794,2,2
5794,10,3
5794,9,2
5795,35,2
5795,18,2
5796,36,1
5796,38,3
5796,27,2
5796,18,2
5797,25,3
5798,0,3
5798,2,1
5798,1,1
5799,11,1
5799,23,2
5799,30,2
5800,23,2
5800,7,1
5800,38,2
5800,30,3
5801,2,1
5801,8,3
5801,26,2
5801,33,2
5802,36,3
5802,20,3
5803,22,2
5803,38,3
5803,10,1
5803,3,2
5804,15,3
5804,34,2
5805,29,3
5806,34,3
5806,7,2
5807,15,1
5808,16,1
5808,34,2
5808,10,1
5809,10,2
5810,27,1
5811,23,1
5812,21,2
5812,20,2
5812,34,2
5812,28,2
5813,16,1
5813,32,1
5813,20,3
5813,17,1
5814,24,2
5815,33,2
5816,16,3
5816,30,1
5816,17,3
5817,19,2
5818,1,3
5818,12,2
5819,5,3
5819,34,2
5819,3,3
5820,32,2
5820,8,2
5821,10,1
5821,30,1
5821,16,1
5822,9,1
5823,31,1
5823,32,2
5824,15,3
5824,10,2
5824,8,2
5825,4,3
5825,6,1
5825,30,3
5826,28,2
5826,4,1
5827,26,2
5827,3,1
5828,31,3
5828,22,1
5828,5,3
5829,20,1
5829,9,2
5829,17,3
5830,36,1
5831,0,3
5831,20,1
5832,14,1
5832,35,3
5832,33,1
5833,31,3
5833,8,2
5833,1,1
5834,7,2
5834,3,1
5834,4,3
5835,33,3
5836,13,1
5837,5,1
5837,26,1
5837,2,2
5838,29,2
5838,5,1
5838,27,2
5838,31,1
5839,11,3
5839,33,2
5840,31,1
5840,12,3
5841,16,3
5841,22,1
5842,0,3
5842,27,1
5842,9,2
5842,1,3
5843,8,3
5843,4,1
5843,5,2
5843,37,1
5844,13,1
5844,7,2
5845,17,2
5845,10,2
5845,29,1
5846,12,3
5846,23,1
5847,1,2
5847,8,3
5847,36,3
5847,6,3
5848,26,1
5848,12,2
5848,22,3
5849,27,3
5850,10,2
5850,20,2
5851,5,2
5851,14,3
5851,8,2
5852,24,3
5853,37,3
5854,33,3
5854,19,2
5854,30,1
5854,21,1
5855,0,3
5856,4,2
5856,6,1
5856,37,2
5857,19,3
5857,27,1
5857,9,1
5857,31,1
5858,36,1
5858,34,1
5858,15,1
5859,30,3
5859,28,1
5860,11,3
5860,6,1
5860,35,3
5860,38,3
5861,1,2
5861,33,2
5862,10,3
5863,5,1
5863,37,1
5864,12,1
5865,27,2
5865,38,2
5865,17,3
5866,13,2
5866,28,1
5866,33,1
5866,31,1
5867,1,1
5868,5,2
5869,0,3
5870,21,3
5870,17,3
5871,30,2
5871,33,1
5871,6,1
5871,8,1
5872,29,2
5872,15,2
5872,8,2
5873,10,3
5873,2,3
5873,4,3
5873,25,3
5874,22,3
5875,11,2
5875,19,1
5875,4,2
5876,12,1
5876,5,1
5877,19,2
5878,7,3
5878,14,2
5878,21,2
5879,35,2
5879,25,1
5880,3,1
5881,8,3
5882,35,3
5883,13,2
5883,5,2
5883,22,3
5884,9,2
5884,11,3
5884,4,2
5884,16,1
5885,32,3
5885,11,3
5886,7,2
5886,35,1
5887,19,2
5887,12,3
5887,18,2
5888,31,3
5888,21,2
5888,16,1
5889,5,2
5889,34,3
5890,38,1
5891,28,1
5891,30,2
5891,23,1
5891,6,3
5892,28,3
5892,20,1
5892,37,2
5892,14,1
5893,7,3
5893,19,2
5893,5,2
5894,5,3
5894,32,1
5894,30,1
5894,12,1
5895,36,1
5895,37,1
5896,25,2
5896,11,2
5896,30,3
5896,3,2
5897,34,1
5897,1,2
5897,13,3
5898,5,2
5898,31,2
5898,23,1
5899,31,2
5899,3,2
5899,20,3
5899,38,3
5900,0,3
5900,35,1
5900,2,1
5901,13,2
5901,30,3
5901,12,3
5901,0,2
5902,1,1
5902,12,1
5902,2,2
5902,4,2
5903,21,2
5903,31,3
5904,1,1
5904,25,2
5904,12,1
5904,8,2
5905,16,1
5906,1,2
5906,25,3
5906,5,2
5907,31,1
5908,23,1
5909,7,2
5910,30,1
5911,32,1
5911,3,1
5912,3,2
5912,37,1
5913,38,2
5913,6,1
5914,22,1
5914,19,2
5914,8,1
5914,30,3
5915,24,1
5915,35,2
5916,23,2
5916,35,1
5916,24,3
5917,18,3
5917,13,1
5917,25,2
5917,0,3
5918,15,3
5918,26,1
5918,11,3
5919,30,2
5919,22,2
5920,32,2
5920,2,3
5921,34,2
5921,23,3
5921,29,1
5922,0,3
5922,18,2
5922,19,3
5922,33,1
5923,30,1
5923,7,1
5923,2,1
5923,35,2
5924,9,2
5924,33,3
5924,4,1
5924,21,2
5925,35,3
5926,34,3
5926,16,3
5927,33,3
5927,14,2
5928,6,3
5929,25,3
5929,30,1
5930,16,1
5930,4,1
5931,9,2
5931,31,1
5931,6,2
5931,2,3
5932,4,2
5932,31,3
5932,34,3
5932,21,3
5933,18,2
5933,15,2
5934,38,3
5934,0,2
5934,12,2
5935,13,2
5935,34,2
5935,36,2
5935,5,2
5936,15,2
5936,27,2
5936,18,1
5936,33,2
5937,28,2
5937,16,2
5937,29,3
5937,37,2
5938,21,3
5939,36,1
5940,3,3
5940,9,2
5941,23,2
5941,30,1
5941,26,3
5941,3,3
5942,5,3
5943,10,1
5943,35,2
5944,7,2
5944,25,3
5945,35,1
5946,6,3
5946,8,1
5946,28,3
5947,5,2
5947,28,1
5948,6,2
5948,23,3
5949,30,3
5949,0,1
5949,21,2
5949,12,2
5950,15,2
5950,6,2
5951,27,1
5952,29,1
5953,11,1
5953,27,3
5953,28,3
5953,10,1
5954,5,1
5955,17,3
5955,10,3
5955,32,2
5956,9,3
5956,3,3
5957,35,1
5957,33,2
5958,25,2
5959,20,1
5959,12,2
5959,2,1
5959,22,2
5960,32,1
5960,16,1
5960,24,3
5960,7,1
5961,30,1
5961,6,3
5961,7,3
5962,7,1
5963,37,1
5963,15,1
5963,31,3
5964,25,3
5964,30,2
5964,16,2
5964,17,1
5965,5,2
5966,0,2
5966,35,1
5966,7,1
5967,6,2
5967,34,2
5967,13,1
5968,34,1
5969,4,3
5969,36,2
5969,14,2
5970,9,2
5971,25,2
5972,6,2
5972,4,2
5972,2,3
5973,23,1
5973,17,1
5973,19,1
5973,11,2
5974,15,2
5974,28,2
5975,29,3
5975,25,2
5975,24,3
5976,7,1
5976,6,2
5976,14,3
5976,2,3
5977,5,3
5977,10,2
5977,12,3
5978,33,3
5978,2,1
5979,35,1
5980,9,3
5980,24,3
5981,9,3
5981,32,1
5982,23,1
5982,27,1
5982,26,2
5982,22,3
5983,9,3
5983,18,3
5983,10,1
5984,6,3
5984,9,1
5984,20,1
5984,29,1
5985,15,2
5985,37,3
5985,19,3
5986,4,1
5987,19,1
5987,38,2
5987,31,3
5988,2,1
5988,38,2
5988,10,3
5988,31,2
5989,29,2
5989,31,1
5989,27,2
5990,17,2
5990,25,1
5991,11,3
5991,31,3
5991,20,3
5992,32,3
5992,34,2
5992,3,2
5993,25,3
5993,35,3
5993,24,3
5993,18,2
5994,20,3
5994,10,3
5994,24,1
5995,5,2
5996,13,2
5996,18,3
5996,12,3
5996,1,3
5997,13,3
5997,10,2
5997,32,2
5997,35,1
5998,4,1
5999,10,3
5999,2,2
5999,19,3
5999,12,2
6000,10,2
6000,27,2
6000,6,3
6000,8,2
6001,22,2
6001,26,2
6001,18,2
6001,5,3
6002,37,3
6003,36,2
6003,1,3
6004,16,3
6004,4,1
6005,19,3
6005,29,1
6005,9,1
6005,4,2
6006,26,2
6006,32,2
6007,12,2
6007,34,1
6007,24,1
6008,6,3
6008,4,1
6008,3,1
6009,10,2
6009,28,1
6010,15,3
6010,21,2
6011,15,3
6011,5,1
6011,23,2
6012,22,1
6013,34,2
6014,23,3
6014,5,2
6014,18,1
6015,12,1
6015,34,2
6015,14,2
6016,23,3
6017,28,3
6017,31,2
6018,15,2
6018,6,1
6018,22,3
6018,32,3
6019,7,2
6019,36,1
6019,25,2
6020,12,1
6020,33,3
6021,12,1
6021,25,1
6021,31,3
6021,8,1
6022,1,3
6023,28,3
6023,6,2
6023,12,2
6023,22,1
6024,36,1
6024,32,2
6025,21,3
6025,15,1
6025,26,3
6025,14,2
6026,26,2
6027,14,2
6027,5,1
6027,27,2
6027,18,1
6028,27,1
6028,0,3
6028,25,2
6028,21,2
6029,21,3
6029,31,2
6030,30,2
6030,21,3
6030,4,3
6031,6,3
6031,38,1
6032,33,1
6032,9,1
6032,13,2
6033,9,3
6033,30,3
6034,15,2
6034,22,1
6035,24,1
6036,37,3
6037,16,2
6037,18,2
6037,20,2
6038,11,1
6039,27,2
6040,31,1
6040,37,3
6040,13,3
6040,2,3
6041,19,2
6041,28,2
6041,14,3
6041,6,1
6042,14,3
6042,33,1
6042,18,3
6043,21,1
6044,7,1
6044,22,2
6044,37,3
6044,34,3
6045,27,2
6046,16,1
6046,12,1
6046,10,3
6046,7,1
6047,29,3
6047,13,2
6047,11,3
6048,18,1
6048,23,1
6048,20,1
6049,36,1
6049,8,1
6049,29,2
6049,16,2
6050,5,2
6051,13,3
6052,23,1
6052,7,3
6053,19,1
6054,1,1
6055,11,3
6055,22,3
6055,8,2
6055,29,1
6056,25,2
6056,20,2
6056,0,3
6056,30,3
6057,14,3
6057,10,3
6057,31,2
6057,3,3
6058,4,1
6059,24,3
6059,37,3
6060,29,2
6061,9,3
6062,19,3
6062,34,3
6063,12,2
6063,20,2
6063,29,1
6064,26,1
6064,19,1
6064,29,1
6064,25,1
6065,38,3
6065,7,3
6065,6,1
6065,1,2
6066,25,3
6066,15,3
6066,3,3
6067,21,2
6067,17,2
6068,38,2
6068,34,2
6068,5,1
6069,38,2
6069,31,3
6070,28,2
6070,30,3
6070,36,3
6070,5,3
6071,37,3
6071,23,2
6071,9,3
6071,35,1
6072,20,1
6072,33,3
6072,23,3
6072,18,1
6073,3,1
6074,15,3
6074,6,3
6075,11,1
6075,14,2
6076,11,1
6076,15,1
6076,3,3
6076,32,2
6077,10,1
6077,28,3
6077,22,2
6078,32,3
6078,34,3
6079,19,1
6079,31,2
6079,7,3
6080,1,1
6080,14,3
6081,38,2
6081,23,1
6082,9,1
6082,33,3
6082,19,3
6082,22,2
6083,37,2
6084,4,1
6085,12,3
6085,6,3
6086,32,3
6086,36,1
6086,13,2
6087,20,1
6087,4,2
6087,30,1
6087,15,1
6088,37,3
6088,26,1
6089,28,3
6089,20,3
6089,22,2
6090,17,3
6090,4,3
6090,2,1
6091,25,1
6091,29,3
6092,14,1
6092,30,2
6092,38,1
6093,31,3
6093,22,1
6093,12,1
6093,27,1
6094,30,1
6094,14,1
6094,20,1
6095,35,1
6095,32,3
6095,24,3
6095,15,1
6096,30,1
6096,14,1
6096,7,1
6096,24,2
6097,27,3
6097,30,3
6097,33,1
6097,3,2
6098,29,3
6099,20,3
6099,13,3
6099,4,3
6099,37,2
6100,27,2
6100,14,3
6100,5,2
6101,21,3
6102,8,1
6102,13,2
6102,24,1
6103,35,3
6103,13,1
6103,30,1
6103,37,2
6104,22,2
6105,32,2
6106,33,3
6106,30,1
6107,11,3
6107,10,1
6107,6,1
6107,5,1
6108,35,2
6108,38,3
6109,13,1
6109,16,3
6109,28,1
6109,20,3
6110,24,2
6110,28,1
6111,14,2
6111,23,3
6111,1,2
6111,15,3
6112,8,3
6112,1,2
6113,31,3
6113,4,1
6113,19,3
6114,9,1
6114,21,3
6114,26,1
6114,24,3
6115,7,1
6116,19,1
6116,26,1
6116,0,2
6116,34,2
6117,28,1
6117,11,2
6117,29,1
6117,30,3
6118,36,3
6118,18,2
6119,25,1
6120,19,1
6120,15,2
6120,35,3
6120,2,2
6121,8,1
6121,7,3
6121,34,1
6122,20,1
6122,19,1
6122,13,2
6123,37,2
6124,14,3
6124,2,1
6125,34,3
6125,7,3
6125,18,3
6126,2,1
6126,35,2
6127,21,1
6128,6,3
6128,22,1
6128,5,1
6128,24,2
6129,32,3
6129,7,2
6130,8,2
6130,9,3
6130,2,1
6131,16,2
6131,20,1
6131,36,1
6132,25,1
6133,32,1
6133,23,1
6133,8,1
6133,22,1
6134,0,2
6134,22,2
6134,33,1
6135,9,3
6135,5,3
6136,9,1
6136,14,3
6136,23,2
6137,38,1
6137,28,3
6137,18,1
6138,14,1
6138,15,2
6139,15,3
6139,25,3
6139,23,1
6139,12,2
6140,34,2
6140,4,1
6141,21,3
6141,30,2
6141,15,1
6141,14,2
6142,14,2
6142,4,3
6142,17,3
6142,16,2
6143,12,2
6144,0,2
6144,20,2
6145,17,3
6145,0,3
6145,30,1
6146,30,3
6146,24,1
6147,3,3
6147,28,2
6148,16,1
6149,31,2
6149,12,2
6149,26,2
6150,25,2
6150,38,1
6150,14,1
6150,13,3
6151,3,2
6151,16,2
6151,31,1
6152,4,2
6152,22,3
6152,2,3
6152,34,3
6153,28,2
6153,22,1
6153,5,1
6153,9,2
6154,9,2
6154,0,3
6154,34,1
6155,35,2
6155,30,1
6155,24,3
6155,14,1
6156,19,3
6156,4,3
6156,25,1
6157,32,1
6158,33,2
6158,38,3
6158,2,1
6158,3,1
6159,36,2
6159,10,2
6159,32,1
6159,3,2
6160,13,1
6160,3,1
6160,18,2
6161,8,3
6161,35,3
6161,11,3
6161,27,2
6162,29,2
6162,12,2
6163,35,2
6163,9,1
6163,37,2
6164,6,1
6165,19,1
6165,36,3
6165,5,1
6166,36,3
6166,26,3
6167,27,3
6167,19,3
6167,1,2
6168,22,3
6169,17,2
6169,36,3
6170,3,2
6170,33,3
6170,32,1
6171,5,2
6172,32,3
6172,21,1
6172,31,3
6172,37,1
6173,3,2
6174,16,2
6174,24,2
6175,9,3
6175,24,3
6175,35,3
6176,32,2
6176,0,1
6176,4,2
6177,36,1
6177,30,3
6177,26,3
6177,35,3
6178,15,3
6178,21,1
6178,12,2
6178,11,3
6179,16,3
6179,4,1
6179,31,3
6180,38,3
6181,11,1
6181,19,3
6181,14,3
6181,3,2
6182,20,2
6182,21,1
6182,17,1
6183,18,1
6183,33,2
6184,32,1
6185,28,1
6185,30,3
6185,29,2
6186,22,3
6186,6,2
6186,29,1
6186,28,1
6187,16,1
6187,6,3
6187,14,2
6187,32,2
6188,8,2
6188,30,1
6188,3,1
6189,23,2
6189,8,1
6190,4,2
6191,12,3
6191,3,1
6191,33,1
6191,25,3
6192,37,3
6192,1,2
6192,31,3
6192,23,3
6193,0,1
6193,16,1
6193,4,2
6194,31,1
6194,33,1
6194,19,3
6194,3,3
6195,32,2
6195,20,2
6195,1,1
6196,2,1
6196,37,2
6197,35,1
6197,15,2
6197,11,2
6198,35,3
6198,4,2
6199,22,1
6199,28,3
6199,34,2
6199,10,2
6200,16,2
6200,21,1
6201,2,3
6201,0,2
6201,23,3
6201,30,2
6202,26,2
6203,28,2
6203,24,1
6203,10,2
6203,5,1
6204,37,1
6204,24,1
6204,17,3
6204,34,1
6205,36,2
6205,22,2
6205,14,2
6205,31,1
6206,33,3
6207,35,3
6207,37,2
6207,18,3
6207,22,1
6208,13,3
6208,9,3
6208,29,3
6209,30,2
6209,33,1
6209,29,1
6209,1,1
6210,3,2
6210,8,1
6210,29,1
6210,2,3
6211,37,1
6211,24,2
6212,15,2
6212,34,3
6212,5,1
6213,31,2
6213,9,2
6214,21,1
6214,18,3
6215,22,2
6215,38,1
6215,3,2
6215,14,2
6216,5,2
6217,7,2
6217,2,3
6217,34,3
6218,2,2
6218,34,1
6218,8,3
6218,23,1
6219,10,2
6219,31,2
6219,27,1
6220,12,2
6221,18,2
6221,24,2
6221,13,1
6222,25,2
6222,20,3
6223,33,3
6223,8,1
6223,30,3
6224,10,3
6224,36,3
6225,38,3
6226,35,2
6226,4,1
6227,0,1
6227,29,3
6227,35,2
6227,32,3
6228,30,1
6228,8,3
6228,28,2
6228,29,2
6229,34,1
6230,7,1
6230,33,1
6230,17,1
6231,24,2
6231,21,1
6232,28,1
6232,15,2
6232,9,2
6232,34,3
6233,30,1
6233,0,1
6233,14,1
6233,11,2
6234,23,2
6234,6,1
6235,26,1
6235,38,2
6235,31,2
6235,33,3
6236,12,3
6236,27,1
6237,7,3
6237,12,1
6237,15,2
6238,17,1
6238,38,2
6238,10,2
6238,33,2
6239,26,1
6240,21,2
6240,9,1
6240,22,1
6240,26,2
6241,4,3
6242,13,3
6242,17,2
6243,13,2
6244,37,1
6244,7,3
6244,33,3
6244,31,2
6245,35,1
6245,12,2
6245,4,3
6246,25,3
6246,30,3
6247,14,3
6247,10,1
6247,24,3
6247,6,3
6248,27,3
6248,23,1
6248,24,2
6249,24,1
6249,6,1
6249,0,3
6249,11,3
6250,17,2
6251,26,3
6251,33,2
6251,9,2
6252,12,1
6253,2,3
6253,12,2
6253,36,1
6254,6,1
6254,12,1
6255,9,3
6255,32,1
6256,33,3
6256,6,1
6256,19,3
6256,34,1
6257,32,3
6257,14,3
6258,16,2
6258,24,3
6258,28,1
6259,38,2
6259,18,3
6259,4,2
6259,29,3
6260,26,1
6260,8,1
6261,9,3
6261,17,1
6262,7,3
6263,3,3
6264,28,1
6265,16,1
6265,21,2
6265,34,1
6266,16,3
6266,8,1
6267,2,2
6268,32,1
6268,1,1
6269,16,3
6270,37,3
6271,33,2
6271,17,3
6272,23,3
6272,26,1
6272,29,1
6272,22,3
6273,35,3
6273,22,1
6273,29,2
6273,32,1
6274,12,3
6274,29,3
6274,27,2
6275,33,3
6276,32,1
6276,2,2
6276,13,3
6277,34,2
6277,12,2
6278,1,3
6278,34,2
6278,23,2
6279,12,3
6279,18,2
6279,3,1
6280,35,1
6280,29,2
6280,21,1
6280,25,3
6281,22,3
6281,31,3
6281,5,3
6282,31,2
6282,10,2
6283,32,2
6283,15,1
6284,27,1
6285,21,1
6285,32,1
6285,34,1
6286,9,2
6286,33,3
6287,33,3
6287,9,1
6287,17,3
6288,17,2
6288,36,3
6288,20,2
6288,18,2
6289,4,3
6289,1,1
6289,15,3
6289,16,1
6290,25,3
6290,7,3
6291,18,1
6292,22,1
6292,32,3
6292,9,3
6293,2,2
6293,20,1
6294,29,2
6294,33,2
6294,38,1
6294,10,2
6295,21,3
6295,31,3
6296,22,3
6296,15,1
6296,2,2
6297,31,1
6297,17,2
6297,16,2
6298,10,2
6298,37,2
6299,5,1
6299,21,2
6299,38,1
6300,20,1
6300,35,2
6301,19,2
6302,19,1
6302,2,1
6302,6,3
6303,17,1
6303,22,2
6303,36,1
6303,20,2
6304,36,2
6305,37,1
6305,0,1
6306,19,2
6306,0,2
6307,21,2
6307,24,3
6307,28,2
6307,9,1
6308,36,1
6309,2,3
6310,17,1
6310,23,3
6310,20,1
6311,29,3
6311,4,2
6311,5,2
6311,14,3
6312,14,2
6312,15,2
6313,35,3
6313,18,1
6313,26,2
6313,32,2
6314,7,2
6314,14,1
6314,15,1
6314,34,3
6315,6,1
6316,33,3
6316,30,3
6317,9,1
6317,24,2
6317,4,3
6317,19,2
6318,34,3
6318,20,1
6319,17,1
6319,5,2
6319,16,1
6320,35,3
6320,18,2
6321,31,2
6322,15,3
6322,14,1
6322,10,3
6323,35,3
6323,27,3
6323,24,3
6324,38,2
6325,27,2
6325,7,3
6325,9,3
6326,9,3
6326,19,1
6327,23,3
6327,24,3
6328,31,1
6328,2,3
6328,9,3
6328,17,3
6329,20,1
6329,38,2
6329,7,1
6329,6,1
6330,26,3
6330,15,1
6330,16,2
6331,20,3
6331,25,1
6331,5,2
6332,9,1
6332,18,1
6332,24,2
6333,23,3
6333,15,1
6333,26,3
6334,11,2
6334,32,2
6334,14,2
6335,27,3
6336,16,2
6336,10,2
6336,19,3
6337,9,1
6338,13,1
6338,20,1
6338,21,3
6339,36,1
6339,30,1
6339,14,3
6339,16,1
6340,5,2
6340,16,2
6340,21,2
6341,24,2
6342,6,2
6342,34,3
6342,24,2
6342,37,2
6343,34,2
6344,38,2
6345,25,1
6345,19,1
6345,14,1
6346,38,3
6346,27,1
6346,24,2
6347,4,1
6347,33,3
6347,9,3
6347,16,3
6348,32,2
6349,3,2
6349,27,2
6350,24,2
6350,36,1
6351,1,1
6351,19,2
6351,9,2
6351,35,2
6352,30,3
6352,33,3
6352,29,2
6352,37,1
6353,33,1
6353,21,1
6353,27,3
6353,28,3
6354,23,1
6354,22,1
6354,16,3
6354,31,3
6355,30,3
6356,26,3
6356,24,1
6356,3,3
6357,31,3
6357,23,2
6358,27,2
6358,29,2
6358,2,1
6359,8,2
6359,32,1
6359,38,3
6359,12,1
6360,12,1
6361,0,2
6361,3,1
6361,33,3
6362,21,3
6363,3,1
6363,15,2
6363,11,2
6363,2,3
6364,7,2
6364,0,1
6365,11,3
6366,25,3
6366,17,3
6366,6,1
6366,36,2
6367,37,1
6367,14,3
6367,36,2
6367,15,1
6368,20,1
6368,36,1
6369,2,3
6370,36,2
6370,37,1
6370,24,2
6370,7,1
6371,20,2
6371,27,1
6372,19,3
6372,38,3
6372,22,3
6373,35,3
6373,27,2
6374,37,3
6375,18,3
6375,8,1
6375,23,2
6376,36,1
6376,7,1
6376,10,3
6376,34,2
6377,37,2
6377,17,3
6377,36,1
6378,24,1
6379,27,3
6379,20,3
6380,22,3
6380,4,1
6381,22,3
6382,17,2
6382,7,1
6383,26,2
6384,36,3
6384,15,1
6385,37,1
6385,17,3
6385,9,1
6385,32,2
6386,8,2
6386,26,2
6386,0,1
6386,33,2
6387,34,1
6387,26,3
6387,11,2
6388,3,2
6388,34,3
6388,8,3
6389,8,3
6389,2,2
6390,20,2
6390,23,1
6390,30,2
6391,8,3
6391,29,3
6391,1,3
6391,38,2
6392,12,2
6393,8,2
6393,22,1
6394,36,1
6394,24,2
6395,1,1
6395,37,3
6395,35,3
6396,38,1
6397,33,1
6397,26,1
6397,32,1
6397,24,3
6398,13,3
6398,31,3
6398,12,2
6399,24,3
6399,1,2
6399,2,2
6399,19,1
6400,27,1
6400,31,1
6400,35,2
6400,14,1
6401,23,2
6401,37,2
6402,5,1
6402,28,1
6402,16,3
6403,15,2
6404,26,2
6405,2,2
6406,5,3
6406,6,3
6406,32,2
6407,37,2
6407,28,2
6407,22,2
6407,2,1
6408,7,2
6408,37,1
6408,21,1
6409,12,3
6409,20,3
6409,11,1
6410,35,2
6410,11,2
6410,37,2
6411,23,2
6411,20,3
6412,9,3
6412,10,2
6412,18,2
6413,34,2
6413,1,3
6413,5,1
6413,25,2
6414,12,1
6414,24,1
6414,0,3
6414,28,3
6415,20,2
6416,28,2
6417,16,2
6418,22,2
6419,10,2
6419,4,3
6419,34,1
6419,0,3
6420,37,1
6420,0,1
6421,38,3
6421,31,1
6421,28,3
6422,38,1
6423,22,3
6423,24,3
6423,23,2
6423,25,2
6424,26,3
6424,34,1
6424,25,2
6424,32,3
6425,4,3
6425,19,3
6425,1,2
6426,22,2
6426,14,1
6426,10,1
6426,11,1
6427,19,1
6428,1,2
6428,2,3
6428,37,2
6429,15,3
6430,9,3
6430,15,1
6431,8,2
6431,33,3
6431,27,3
6432,5,1
6433,12,1
6433,2,2
6433,7,3
6433,31,2
6434,27,2
6434,34,3
6434,28,1
6434,13,2
6435,26,3
6435,6,2
6435,28,3
6436,4,1
6436,6,2
6436,21,1
6436,34,2
6437,27,2
6437,20,3
6438,12,2
6438,31,3
6439,26,2
6439,8,1
6439,30,3
6440,11,3
6440,15,1
6441,2,3
6441,23,1
6441,28,2
6442,27,3
6442,31,1
6442,16,2
6443,5,2
6443,4,2
6444,30,1
6445,13,1
6446,28,2
6447,11,2
6447,36,2
6447,8,2
6447,24,2
6448,33,3
6448,15,3
6448,26,1
6449,10,1
6449,0,1
6449,6,3
6450,29,2
6451,3,2
6451,20,3
6451,19,2
6451,23,1
6452,5,2
6453,23,1
6453,15,3
6453,17,1
6453,22,2
6454,32,3
6454,25,3
6455,29,2
6456,34,3
6456,30,2
6457,14,3
6457,1,1
6457,7,3
6458,13,3
6458,9,3
6458,29,2
6459,11,1
6460,36,1
6460,30,1
6460,7,2
6460,8,1
6461,0,1
6462,13,1
6462,35,3
6463,37,3
6464,21,3
6464,19,1
6464,35,3
6465,30,2
6465,17,2
6466,3,1
6467,34,1
6467,30,3
6467,5,3
6468,35,3
6468,18,2
6468,27,3
6468,36,2
6469,8,3
6470,18,3
6470,17,1
6470,16,1
6470,14,1
6471,7,3
6471,0,2
6471,9,1
6472,34,2
6473,37,1
6474,36,1
6474,15,2
6474,9,2
6475,14,1
6475,38,3
6475,3,3
6475,12,2
6476,2,3
6477,8,3
6477,14,2
6477,37,1
6477,2,1
6478,9,2
6478,33,3
6478,14,1
6478,38,3
6479,13,1
6479,0,3
6479,20,2
6480,15,2
6480,20,2
6480,14,3
6481,35,1
6481,25,1
6481,38,2
6482,10,2
6483,13,2
6483,17,2
6483,5,2
6483,31,2
6484,20,3
6485,33,2
6486,14,1
6487,22,3
6488,17,1
6488,2,3
6488,0,3
6488,19,1
6489,15,1
6489,16,1
6489,29,3
6489,37,1
6490,5,3
6491,7,1
6491,25,1
6491,1,1
6491,17,3
6492,20,2
6492,34,3
6492,9,1
6493,37,2
6493,22,2
6493,6,1
6494,16,2
6495,8,2
6495,6,2
6495,36,1
6496,19,1
6497,35,2
6497,2,2
6497,11,1
6498,20,1
6498,36,1
6498,33,2
6499,24,1
6499,38,2
6500,27,1
6500,3,1
6500,17,3
6500,6,2
6501,10,2
6501,7,2
6501,36,3
6501,5,1
6502,25,1
6502,15,2
6502,24,1
6503,2,2
6504,9,3
6504,2,1
6504,20,1
6505,21,1
6505,35,3
6506,4,1
6506,37,3
6506,10,3
6507,35,1
6507,22,2
6508,34,1
6508,21,1
6508,31,2
6509,27,3
6509,8,3
6509,10,2
6510,20,2
6510,26,2
6510,6,3
6511,9,2
6511,0,1
6511,2,1
6512,24,3
6513,13,1
6513,14,2
6513,1,3
6514,33,2
6514,1,2
6514,38,2
6514,18,2
6515,23,1
6516,11,3
6516,32,1
6516,8,1
6516,12,2
6517,29,2
6517,18,1
6518,30,3
6518,10,2
6518,20,2
6518,21,2
6519,34,1
6519,30,2
6520,7,2
6520,31,2
6520,34,3
6521,24,1
6521,7,3
6521,6,2
6522,28,1
6523,5,2
6523,36,3
6523,17,1
6524,33,1
6525,24,3
6525,9,2
6526,16,2
6526,19,2
6526,1,2
6526,32,3
6527,27,1
6528,14,2
6529,32,2
6529,19,2
6529,20,3
6530,19,3
6531,5,1
6532,26,2
6533,36,2
6533,0,1
6533,33,3
6533,29,3
6534,0,2
6534,19,1
6534,5,1
6534,15,2
6535,1,3
6535,25,2
6536,34,3
6536,19,2
6536,1,1
6537,17,1
6537,36,2
6537,13,3
6537,21,3
6538,18,2
6539,10,1
6539,16,2
6539,33,1
6539,13,2
6540,6,1
6541,5,2
6542,14,1
6543,29,3
6543,20,1
6544,6,3
6544,5,2
6544,7,1
6545,0,1
6545,30,3
6545,38,1
6545,27,3
6546,10,1
6546,29,2
6546,36,3
6546,26,1
6547,6,2
6548,26,2
6548,35,1
6549,7,2
6549,11,1
6550,16,2
6550,14,3
6550,25,2
6551,35,1
6551,13,2
6551,18,3
6552,18,2
6552,1,2
6552,31,1
6552,38,3
6553,35,3
6553,18,2
6554,5,2
6554,13,1
6554,30,3
6555,15,1
6556,6,3
6556,22,1
6556,31,3
6556,26,3
6557,19,1
6557,12,3
6557,20,2
6557,21,3
6558,19,2
6558,25,1
6559,9,1
6559,11,3
6559,29,1
6560,25,1
6561,37,3
6562,17,1
6563,34,2
6563,23,1
6564,35,2
6565,18,3
6565,6,3
6565,1,3
6565,14,3
6566,33,1
6566,28,1
6566,18,1
6567,10,3
6567,29,3
6567,34,1
6568,9,3
6568,12,2
6568,26,2
6569,25,2
6569,35,2
6569,22,3
6569,6,3
6570,22,3
6570,9,3
6570,18,2
6571,35,2
6571,10,1
6571,1,2
6571,23,3
6572,9,1
6572,31,3
6573,10,2
6573,8,1
6573,16,1
6573,33,2
6574,35,1
6575,14,3
6576,13,1
6576,12,1
6577,10,1
6577,28,1
6577,8,1
6577,16,2
6578,9,2
6578,12,1
6579,18,2
6579,23,1
6579,20,3
6579,17,1
6580,36,3
6580,10,2
6580,12,3
6580,24,1
6581,7,1
6581,19,1
6581,8,1
6582,25,2
6582,35,1
6582,38,3
6582,19,1
6583,34,2
6584,32,3
6584,1,2
6584,36,3
6585,11,2
6586,4,2
6586,32,1
6586,2,1
6587,16,2
6587,14,2
6588,14,1
6589,30,1
6589,1,1
6589,3,2
6589,29,2
6590,31,3
6590,9,3
6591,19,2
6592,26,2
6593,29,3
6593,2,2
6593,10,3
6594,19,3
6594,27,1
6594,35,2
6595,30,1
6595,17,1
6595,38,1
6596,1,3
6596,2,2
6596,13,3
6597,33,2
6597,4,2
6598,10,3
6598,37,2
6598,15,1
6598,32,3
6599,30,1
6599,23,3
6599,9,1
6600,19,3
6600,0,2
6601,33,1
6602,36,1
6603,5,1
6603,13,3
6604,24,1
6604,3,3
6604,36,3
6605,22,3
6605,8,2
6606,13,1
6606,23,2
6606,16,1
6606,25,1
6607,30,3
6607,1,2
6607,17,2
6607,16,3
6608,3,2
6608,36,3
6608,35,3
6608,26,1
6609,6,1
6609,25,1
6610,34,2
6610,7,2
6610,23,1
6611,14,2
6611,7,2
6612,13,2
6612,3,3
6612,25,1
6612,29,2
6613,1,2
6614,5,3
6614,31,3
6614,36,2
6615,12,3
6616,9,2
6616,16,2
6617,24,3
6618,8,1
6618,31,1
6618,16,3
6618,22,2
6619,9,2
6619,25,3
6620,29,2
6621,35,3
6622,17,3
6622,9,1
6622,26,2
6622,28,3
6623,16,2
6623,10,2
6623,14,2
6623,20,3
6624,38,2
6624,28,3
6624,7,1
6625,2,2
6625,34,3
6626,23,1
6626,21,3
6627,28,2
6627,11,1
6627,4,3
6628,13,2
6628,24,3
6628,11,3
6629,25,2
6629,21,2
6629,5,3
6630,16,1
6630,12,2
6630,3,3
6631,38,2
6632,35,1
6632,19,3
6633,38,1
6633,23,1
6633,4,2
6633,36,3
6634,1,1
6634,32,1
6634,8,3
6635,22,3
6635,6,2
6635,8,3
6636,18,1
6636,13,2
6636,16,3
6637,34,1
6638,34,1
6638,29,2
6638,36,2
6638,4,2
6639,35,2
6640,4,2
6640,7,1
6641,20,3
6641,14,3
6641,10,3
6641,11,2
6642,23,1
6642,10,2
6643,2,3
6643,31,1
6643,23,3
6644,23,1
6645,28,3
6645,14,2
6645,7,2
6645,26,1
6646,30,2
6647,1,1
6647,34,1
6648,18,3
6649,1,3
6650,20,3
6650,29,1
6650,13,2
6651,14,3
6651,11,3
6651,16,2
6652,33,3
6652,35,1
6652,16,1
6652,5,2
6653,26,2
6653,3,1
6654,35,3
6654,25,3
6654,13,2
6655,24,1
6655,18,1
6655,23,1
6656,29,3
6656,11,2
6656,21,3
6656,18,2
6657,5,3
6657,17,3
6657,18,1
6657,16,2
6658,10,3
6658,19,3
6659,28,2
6659,13,3
6659,20,3
6659,12,2
6660,37,2
6660,31,3
6660,27,1
6661,37,2
6661,32,3
6661,31,3
6662,8,3
6663,34,3
6663,11,2
6663,33,3
6663,30,2
6664,31,1
6664,9,1
6664,8,3
6664,19,2
6665,9,3
6665,3,3
6665,11,2
6666,22,3
6666,17,3
6667,17,3
6667,26,3
6667,12,1
6667,3,1
6668,5,1
6668,31,1
6669,19,1
6670,23,2
6671,27,2
6671,30,3
6671,8,3
6672,6,1
6672,32,3
6672,18,3
6672,17,2
6673,1,3
6673,9,2
6673,3,1
6674,21,1
6674,14,3
6675,3,2
6675,27,2
6675,15,1
6676,2,1
6676,8,3
6677,3,2
6677,27,2
6677,1,1
6677,35,2
6678,18,1
6678,7,2
6679,19,3
6680,31,1
6681,36,1
6681,4,1
6682,23,1
6682,34,2
6682,32,1
6683,22,2
6684,4,3
6684,14,1
6684,13,1
6685,8,3
6685,11,2
6685,16,2
6686,24,3
6686,20,3
6686,33,3
6687,37,1
6687,16,3
6687,36,3
6688,25,1
6688,4,2
6688,30,2
6688,36,2
6689,11,3
6689,0,1
6689,19,1
6690,32,2
6690,1,2
6690,34,3
6690,17,1
6691,16,2
6691,6,2
6691,11,3
6692,34,2
6692,17,1
6692,28,2
6693,35,2
6693,13,2
6693,14,2
6694,6,1
6695,31,2
6695,21,1
6696,17,3
6696,19,3
6697,38,3
6698,33,1
6698,17,3
6699,13,1
6699,23,2
6699,8,1
6699,24,1
6700,5,1
6700,36,3
6700,14,3
6701,20,2
6701,1,2
6701,34,3
6701,22,1
6702,4,3
6702,6,3
6703,0,2
6703,31,3
6703,30,3
6703,14,1
6704,6,1
6704,2,2
6705,15,3
6705,34,2
6705,0,3
6705,22,2
6706,30,3
6707,11,1
6707,26,1
6708,29,3
6708,11,1
6708,4,3
6709,31,2
6709,7,2
6709,1,3
6709,0,1
6710,22,3
6711,14,1
6711,37,2
6711,26,2
6712,30,2
6713,1,1
6713,30,1
6714,1,3
6714,15,1
6714,10,1
6714,33,2
6715,18,1
6716,11,3
6716,34,1
6717,19,1
6718,24,1
6719,20,3
6719,15,1
6720,19,1
6720,23,1
6720,9,2
6721,7,3
6721,24,3
6722,22,2
6722,7,1
6722,18,1
6722,30,2
6723,14,1
6724,22,3
6724,37,2
6724,35,3
6724,36,3
6725,6,1
6725,35,1
6725,19,1
6726,24,3
6726,25,3
6726,29,1
6726,16,1
6727,18,1
6727,3,3
6727,11,2
6728,14,1
6728,6,1
6728,25,1
6729,19,3
6729,8,2
6729,36,3
6729,13,2
6730,35,1
6730,10,3
6730,12,3
6730,21,2
6731,3,3
6731,13,1
6731,27,3
6732,5,1
6733,15,1
6733,6,2
6734,14,1
6734,28,3
6734,25,1
6735,2,2
6735,24,1
6735,3,2
6735,29,2
6736,22,2
6736,14,3
6736,0,3
6736,36,2
6737,14,1
6737,34,1
6737,38,2
6738,38,2
6738,37,1
6739,19,3
6739,20,3
6740,5,2
6741,15,2
6741,28,2
6742,36,2
6743,29,1
6744,38,1
6744,36,2
6744,7,1
6744,14,3
6745,22,3
6745,2,3
6745,12,2
6745,38,3
6746,4,2
6746,23,2
6746,9,3
6747,33,3
6747,28,3
6747,24,1
6747,1,2
6748,25,3
6748,0,1
6748,3,2
6749,31,2
6750,37,1
6751,7,3
6751,10,1
6752,8,2
6752,32,2
6753,21,1
6753,31,2
6753,20,3
6754,12,3
6754,0,1
6754,28,3
6755,6,3
6755,21,2
6755,35,1
6755,34,2
6756,21,3
6756,4,1
6756,12,3
6756,26,2
6757,32,2
6758,15,1
6758,24,2
6758,28,2
6759,11,1
6759,1,3
6759,15,2
6760,26,1
6760,12,2
6760,13,3
6761,26,2
6761,19,1
6762,33,3
6762,5,1
6762,15,3
6762,30,2
6763,3,2
6763,33,3
6763,26,1
6763,7,3
6764,10,3
6765,7,1
6766,22,3
6767,27,1
6767,16,1
6767,17,1
6767,4,1
6768,19,3
6769,38,3
6769,24,1
6769,23,2
6769,9,2
6770,17,2
6770,1,3
6770,10,1
6771,0,1
6771,30,1
6772,3,2
6773,9,1
6773,1,1
6773,18,1
6773,30,3
6774,5,2
6775,9,1
6775,36,2
6776,24,2
6776,6,2
6777,34,2
6777,12,2
6777,26,3
6778,4,2
6778,20,1
6779,0,3
6780,24,3
6780,26,2
6780,15,1
6781,34,3
6782,14,2
6782,33,2
6783,21,2
6783,33,2
6783,30,1
6783,7,3
6784,30,2
6785,1,2
6785,34,3
6785,17,3
6786,5,3
6786,6,2
6787,29,2
6788,9,1
6789,4,1
6790,33,3
6790,0,3
6790,5,1
6790,24,1
6791,6,1
6792,33,3
6792,16,3
6792,24,3
6793,15,1
6793,24,1
6793,21,3
6794,8,2
6794,25,1
6794,20,1
6794,5,1
6795,1,3
6795,30,1
6795,24,2
6795,38,3
6796,29,1
6797,10,2
6797,27,3
6798,26,3
6798,19,3
6798,33,1
6798,24,2
6799,11,2
6800,20,1
6800,21,2
6800,13,1
6800,8,3
6801,33,2
6801,13,1
6801,37,2
6802,10,3
6802,38,2
6802,0,3
6802,26,1
6803,14,3
6803,35,3
6803,1,2
6803,20,3
6804,24,2
6804,17,1
6805,36,2
6805,33,1
6805,19,1
6806,32,2
6806,24,1
6806,31,1
6807,1,1
6807,9,2
6808,2,1
6809,37,3
6809,26,1
6809,9,3
6809,20,2
6810,36,1
6811,1,2
6811,6,3
6811,13,2
6812,10,3
6812,21,1
6812,32,3
6812,0,1
6813,0,2
6813,4,3
6813,26,3
6813,30,2
6814,19,2
6815,30,1
6815,9,3
6815,29,3
6815,0,1
6816,22,2
6816,5,2
6817,23,2
6817,7,2
6818,31,2
6819,13,3
6820,18,1
6820,1,2
6821,30,1
6821,24,2
6821,12,1
6822,21,2
6822,31,3
6822,38,2
6822,33,2
6823,27,2
6823,6,1
6823,14,3
6823,11,1
6824,35,1
6825,22,1
6826,13,1
6826,35,3
6826,11,2
6827,36,1
6828,1,2
6828,29,3
6829,23,2
6829,19,3
6829,32,2
6830,3,2
6830,26,3
6830,34,2
6831,23,3
6831,9,1
6832,14,1
6833,28,3
6833,7,1
6833,26,1
6834,22,3
6835,33,1
6836,1,3
6837,34,2
6838,10,1
6838,20,3
6838,24,1
6838,37,3
6839,9,3
6840,26,3
6840,23,1
6840,6,1
6840,19,1
6841,6,2
6841,23,2
6842,19,2
6842,15,3
6843,13,1
6843,37,1
6843,9,1
6844,12,3
6844,33,1
6844,15,2
6844,16,1
6845,1,3
6845,26,1
6846,19,3
6846,25,3
6846,6,2
6846,36,1
6847,6,1
6847,3,1
6847,35,3
6848,31,1
6848,7,2
6848,19,1
6848,3,1
6849,0,2
6849,9,3
6850,20,1
6850,35,1
6851,9,1
6851,4,1
6851,26,2
6852,14,3
6852,24,3
6852,37,3
6853,1,2
6853,12,3
6853,25,2
6854,13,1
6854,28,1
6854,26,1
6854,31,1
6855,37,1
6855,2,3
6856,25,1
6856,14,3
6856,29,3
6857,12,1
6857,1,3
6857,32,2
6858,21,2
6858,9,3
6859,4,3
6859,22,3
6859,29,2
6860,26,1
6860,10,2
6861,33,2
6861,19,3
6861,24,1
6861,28,2
6862,11,3
6862,35,2
6862,17,1
6863,10,3
6863,7,1
6864,25,2
6864,34,1
6865,9,1
6866,24,1
6866,8,2
6867,6,3
6867,29,1
6867,32,2
6867,35,2
6868,16,3
6868,24,2
6868,15,1
6868,38,1
6869,11,1
6870,25,1
6870,28,2
6871,24,2
6871,15,1
6871,20,2
6872,1,1
6872,32,2
6873,10,2
6873,0,3
6873,11,2
6874,19,2
6875,2,2
6875,38,3
6876,0,2
6876,9,2
6876,8,3
6876,36,2
6877,36,2
6878,36,1
6878,17,2
6878,7,1
6878,14,3
6879,38,2
6879,27,1
6880,8,1
6881,19,2
6881,3,2
6882,17,1
6882,13,2
6882,32,2
6882,3,1
6883,36,1
6883,32,2
6883,34,3
6883,22,3
6884,35,1
6884,15,2
6884,31,2
6884,2,1
6885,34,3
6885,28,2
6885,9,2
6885,8,1
6886,23,2
6886,6,3
6886,38,2
6887,7,2
6888,9,1
6888,7,3
6888,14,2
6889,28,1
6889,17,3
6889,34,2
6890,38,2
6890,8,2
6890,6,1
6891,17,2
6891,0,3
6891,5,1
6892,3,3
6893,5,3
6893,27,1
6893,10,2
6894,20,3
6895,31,3
6895,9,1
6895,11,2
6896,23,1
6896,37,3
6896,7,2
6896,16,3
6897,0,1
6897,20,2
6897,34,1
6898,16,2
6898,38,2
6898,33,3
6898,15,1
6899,38,2
6899,6,1
6899,19,2
6900,5,1
6900,29,3
6901,3,2
6901,5,2
6901,9,2
6902,28,3
6902,34,3
6902,25,3
6902,17,2
6903,15,1
6904,29,3
6904,30,1
6904,27,1
6904,5,2
6905,18,3
6905,24,1
6905,6,2
6906,33,1
6907,26,1
6907,37,1
6907,1,2
6908,3,3
6908,27,2
6909,35,2
6909,22,3
6909,7,2
6909,6,3
6910,19,3
6910,34,3
6911,22,2
6911,14,1
6911,17,2
6912,37,2
6912,6,3
6912,33,2
6912,32,2
6913,37,2
6913,28,3
6913,8,3
6913,22,2
6914,1,2
6915,36,3
6915,12,1
6916,13,2
6916,27,2
6916,33,1
6916,32,1
6917,3,2
6917,28,1
6917,4,2
6918,26,2
6918,9,3
6918,13,2
6919,34,2
6920,19,2
6920,27,2
6920,15,2
6920,17,1
6921,30,1
6922,22,3
6922,31,3
6922,7,1
6922,23,1
6923,20,2
6923,37,3
6924,9,2
6925,11,2
6925,9,1
6926,38,2
6926,13,3
6926,31,3
6926,37,2
6927,35,3
6928,5,2
6928,36,2
6928,34,1
6929,2,1
6929,17,3
6929,31,3
6930,7,2
6931,9,2
6932,5,3
6933,11,2
6933,18,1
6934,1,2
6934,13,3
6935,19,3
6935,14,1
6936,32,1
6936,4,1
6936,13,3
6937,21,1
6938,28,2
6938,11,3
6939,22,2
6940,11,2
6941,26,1
6941,38,3
6941,11,3
6941,6,3
6942,6,3
6943,0,1
6943,6,3
6944,10,3
6944,20,1
6945,15,1
6945,8,2
6945,36,3
6945,20,3
6946,3,2
6946,13,3
6946,33,2
6946,38,3
6947,22,2
6947,9,1
6948,5,2
6948,6,2
6948,14,3
6948,33,3
6949,20,2
6949,4,2
6949,32,2
6950,25,3
6951,27,3
6951,10,3
6952,18,1
6952,8,3
6952,29,1
6952,32,1
6953,21,2
6953,3,3
6954,35,2
6954,4,2
6954,18,2
6955,37,1
6956,2,3
6957,3,1
6958,13,3
6958,37,1
6959,10,2
6959,18,2
6959,13,1
6960,14,3
6961,9,2
6961,10,2
6961,27,2
6962,8,3
6962,7,1
6963,24,3
6964,13,1
6964,8,3
6964,23,1
6964,34,1
6965,16,1
6965,26,1
6965,37,2
6965,6,1
6966,4,2
6966,35,2
6967,32,1
6967,33,1
6967,3,2
6968,1,1
6969,25,3
6970,13,1
6970,2,3
6970,34,3
6970,1,3
6971,29,3
6971,2,2
6971,5,3
6972,9,3
6972,37,1
6972,25,1
6972,17,2
6973,37,3
6973,20,2
6973,18,3
6973,15,3
6974,0,2
6974,33,1
6974,26,3
6975,8,2
6976,15,2
6976,36,1
6976,32,3
6976,29,2
6977,18,2
6977,30,2
6977,25,3
6978,37,3
6978,19,1
6978,7,1
6978,15,3
6979,8,3
6979,5,2
6979,31,3
6980,0,3
6980,30,2
6980,16,1
6981,0,2
6981,8,2
6982,25,2
6982,22,3
6982,21,1
6982,33,3
6983,2,1
6984,14,3
6984,2,3
6984,37,3
6984,32,2
6985,36,3
6986,29,1
6986,9,3
6987,22,1
6987,16,2
6987,15,2
6987,35,3
6988,25,3
6988,4,2
6989,3,3
6989,6,3
6989,13,2
6989,4,3
6990,3,2
6990,6,1
6990,32,3
6990,35,3
6991,36,2
6992,30,2
6992,6,1
6993,24,1
6993,20,3
6993,37,3
6994,5,2
6994,31,1
6994,19,3
6994,3,2
6995,20,3
6996,11,1
6997,36,3
6997,17,1
6998,19,1
6998,34,1
6998,33,3
6998,32,1
6999,18,1
6999,17,1
6999,5,1
7000,37,3
7000,18,3
7001,13,3
7001,8,2
7002,9,2
7002,14,2
7002,1,3
7003,33,1
7003,37,3
7003,38,2
7004,31,1
7005,34,3
7006,25,3
7006,34,1
7006,1,2
7007,4,2
7007,2,2
7007,17,1
7008,16,1
7008,7,2
7008,3,2
7008,17,1
7009,5,1
7009,9,1
7009,19,1
7010,13,1
7010,2,1
7010,15,2
7010,4,3
7011,12,1
7011,27,2
7011,18,1
7012,6,3
7012,23,1
7012,24,3
7012,13,2
7013,2,2
7013,3,3
7014,7,1
7014,20,2
7015,13,2
7015,29,2
7016,9,1
7016,2,2
7016,6,1
7017,2,2
7017,26,2
7018,0,2
7018,23,2
7018,1,2
7018,5,3
7019,21,1
7019,31,3
7019,30,2
7019,13,2
7020,17,1
7020,12,3
7020,5,2
7020,25,1
7021,12,1
7021,30,1
7022,21,1
7023,4,1
7024,20,3
7024,22,2
7024,32,1
7025,33,2
7026,9,1
7026,7,1
7026,33,3
7027,17,1
7027,19,3
7027,2,2
7028,1,3
7029,16,2
7029,8,1
7030,23,3
7031,20,3
7031,31,1
7032,28,2
7032,2,1
7032,34,1
7033,10,2
7034,28,3
7034,32,2
7035,9,2
7035,38,3
7035,4,1
7036,17,1
7036,16,1
7037,11,1
7037,20,1
7037,8,2
7038,17,3
7038,28,2
7039,28,1
7040,19,2
7041,9,3
7041,29,2
7041,25,2
7042,35,1
7042,2,1
7043,14,2
7043,29,1
7043,26,3
7044,29,3
7045,34,2
7046,19,2
7046,33,2
7046,9,1
7047,17,1
7048,14,1
7049,5,2
7049,31,3
7050,23,2
7050,31,3
7050,12,3
7050,32,2
7051,14,1
7051,19,1
7051,22,2
7051,17,1
7052,15,3
7052,14,2
7052,31,1
7052,34,2
7053,18,1
7053,15,3
7054,38,2
7055,4,1
7055,2,2
7055,14,2
7055,3,1
7056,22,2
7057,20,2
7057,4,2
7057,36,3
7057,25,2
7058,17,2
7058,34,3
7058,25,2
7059,0,3
7059,4,2
7060,16,2
7061,35,3
7061,36,2
7061,37,2
7062,20,3
7062,2,3
7062,0,3
7063,20,1
7064,30,1
7065,31,1
7065,27,2
7066,3,2
7067,10,3
7067,6,1
7067,8,2
7067,29,1
7068,28,1
7068,7,1
7068,11,3
7069,13,1
7069,8,3
7069,19,2
7070,35,3
7071,30,2
7072,3,2
7072,12,3
7072,21,3
7073,23,3
7073,19,3
7073,14,2
7074,25,3
7074,0,2
7074,36,2
7075,6,3
7075,23,1
7075,2,3
7076,10,1
7076,13,3
7076,15,1
7077,28,1
7077,30,2
7077,27,2
7077,25,1
7078,28,1
7079,10,1
7079,35,3
7080,13,1
7080,25,1
7080,32,3
7080,28,3
7081,3,1
7081,12,1
7082,26,3
7083,3,1
7083,23,2
7083,20,3
7083,38,3
7084,8,3
7084,35,1
7084,30,1
7085,14,1
7085,30,2
7086,2,3
7086,11,1
7087,7,3
7087,1,2
7088,30,1
7088,21,2
7088,31,2
7088,10,2
7089,16,1
7090,6,3
7091,32,1
7091,6,1
7092,5,3
7092,26,1
7092,23,3
7092,30,1
7093,28,2
7093,22,3
7093,11,2
7093,0,1
7094,0,2
7094,30,1
7094,19,2
7095,12,1
7096,7,1
7096,26,3
7096,37,1
7096,25,3
7097,8,1
7097,19,3
7097,30,2
7098,2,2
7098,34,3
7098,18,2
7098,15,2
7099,2,1
7099,12,3
7100,9,3
7100,4,3
7101,24,3
7101,19,1
7101,20,2
7101,7,1
7102,10,2
7102,18,1
7102,25,3
7103,28,3
7104,28,1
7104,24,2
7104,9,1
7105,20,3
7105,6,2
7105,19,2
7106,10,3
7106,16,1
7106,34,1
7106,11,1
7107,37,3
7108,36,2
7108,35,2
7109,38,3
7109,19,1
7109,23,1
7109,28,1
7110,6,1
7110,22,3
7111,12,1
7112,14,1
7112,2,2
7113,9,1
7113,4,3
7114,1,1
7114,29,2
7115,3,3
7116,5,3
7116,36,1
7117,10,2
7117,32,1
7117,0,1
7118,8,2
7118,30,2
7118,16,3
7118,17,1
7119,15,3
7120,37,1
7120,0,1
7121,10,1
7121,11,3
7121,25,3
7122,29,1
7123,31,1
7123,24,3
7123,6,3
7124,30,1
7125,34,1
7125,7,1
7126,19,3
7127,4,3
7127,18,1
7127,20,1
7127,19,1
7128,36,2
7128,5,3
7128,22,2
7129,17,3
7130,18,1
7130,5,1
7130,22,3
7130,27,2
7131,15,1
7131,12,1
7131,20,2
7132,36,1
7133,25,1
7134,16,3
7135,27,2
7136,11,3
7136,25,3
7136,9,3
7136,20,1
7137,2,2
7137,23,1
7137,37,2
7138,5,1
7139,24,1
7140,29,3
7140,8,2
7141,8,2
7141,38,2
7141,37,1
7142,20,3
7142,34,3
7142,32,1
7143,19,2
7144,20,2
7145,9,3
7145,28,2
7146,22,2
7146,33,2
7146,6,2
7146,15,3
7147,10,2
7147,12,3
7147,34,1
7148,34,1
7149,19,1
7149,23,2
7149,22,1
7150,5,1
7151,35,1
7152,30,1
7152,19,2
7153,30,3
7153,28,1
7153,25,1
7154,5,2
7154,31,2
7154,23,3
7155,13,1
7156,23,3
7157,37,3
7157,8,3
7158,9,2
7158,29,1
7159,10,3
7160,13,1
7161,38,2
7161,4,1
7162,1,1
7162,15,1
7162,9,3
7163,31,1
7163,22,2
7163,6,1
7163,27,2
7164,27,3
7164,20,1
7164,15,3
7165,1,1
7166,26,1
7166,1,1
7167,0,2
7167,34,3
7168,27,2
7168,33,3
7168,37,1
7169,3,2
7169,35,2
7170,16,2
7170,9,1
7170,2,1
7170,36,2
7171,9,3
7171,33,1
7171,18,1
7172,13,1
7172,31,3
7172,26,2
7173,24,1
7173,2,3
7173,15,2
7173,38,1
7174,37,2
7174,26,1
7174,7,3
7175,10,1
7176,21,1
7176,27,1
7177,36,1
7177,3,3
7177,18,2
7178,17,3
7178,15,3
7179,23,2
7180,32,2
7180,29,1
7181,21,3
7181,31,2
7181,2,3
7181,25,3
7182,1,3
7182,32,3
7182,20,1
7183,15,3
7183,33,3
7183,35,1
7184,30,2
7184,38,2
7184,19,3
7184,10,2
7185,18,1
7186,9,3
7187,8,1
7187,27,3
7188,0,3
7188,28,2
7188,10,3
7188,18,3
7189,33,2
7189,5,3
7189,12,2
7190,33,1
7190,31,3
7190,23,3
7190,8,2
7191,36,1
7191,24,2
7191,11,2
7191,33,1
7192,15,3
7192,26,1
7192,0,1
7192,7,3
7193,20,3
7193,22,3
7193,2,1
7193,31,1
7194,16,1
7194,17,3
7194,4,3
7194,8,3
7195,9,1
7195,36,2
7195,31,1
7196,1,3
7196,28,2
7197,9,3
7197,33,3
7197,17,3
7198,12,1
7198,5,1
7198,26,2
7199,6,1
7199,11,2
7199,38,1
7200,7,1
7201,12,3
7201,20,3
7201,22,2
7201,23,3
7202,13,1
7202,12,3
7202,24,3
7202,33,2
7203,11,2
7203,7,3
7203,16,2
7204,31,1
7204,16,3
7204,4,3
7204,14,3
7205,8,3
7205,37,2
7205,21,3
7206,13,2
7207,28,3
7207,23,1
7208,8,3
7208,14,3
7208,25,2
7208,34,1
7209,28,3
7209,0,3
7210,5,1
7211,33,3
7211,28,2
7211,16,3
7211,9,2
7212,3,3
7212,24,1
7212,16,3
7212,8,3
7213,16,1
7213,29,2
7214,31,2
7214,3,2
7215,5,2
7216,27,1
7216,22,1
7216,34,3
7217,11,3
7218,22,1
7218,25,1
7218,4,2
7218,5,2
7219,34,2
7219,8,3
7220,3,2
7220,17,1
7220,7,3
7221,38,2
7221,24,1
7221,36,3
7221,35,3
7222,15,3
7222,36,2
7223,33,1
7223,35,1
7223,19,2
7223,36,2
7224,16,1
7224,24,3
7224,8,2
7225,11,1
7225,1,2
7225,37,3
7226,9,2
7227,32,3
7228,32,2
7229,28,3
7229,6,2
7229,31,3
7230,23,1
7230,1,3
7230,2,1
7231,22,1
7231,3,1
7232,2,1
7232,15,1
7232,32,3
7232,16,1
7233,12,2
7233,1,2
7234,18,2
7234,24,3
7234,8,2
7235,16,1
7235,38,1
7235,21,3
7235,30,2
7236,7,2
7236,0,3
7237,19,2
7238,3,2
7238,35,1
7239,4,3
7240,26,3
7240,1,2
7240,15,1
7240,34,3
7241,3,1
7241,37,2
7241,24,2
7241,22,3
7242,29,3
7242,23,3
7242,31,3
7242,8,3
7243,16,2
7243,5,1
7243,19,3
7244,34,2
7244,37,3
7245,19,1
7245,11,3
7245,10,1
7245,34,1
7246,37,1
7246,9,3
7246,31,2
7247,18,3
7247,12,1
7247,17,3
7248,12,2
7248,8,3
7248,14,2
7249,6,2
7249,22,3
7249,3,2
7249,9,2
7250,26,3
7250,38,1
7250,9,1
7250,37,2
7251,12,1
7251,22,3
7251,9,2
7252,26,2
7252,3,2
7252,9,1
7253,37,1
7253,26,1
7253,24,1
7253,12,1
7254,14,1
7254,35,1
7254,9,3
7255,5,3
7255,14,2
7256,7,1
7256,33,3
7256,26,1
7256,8,3
7257,32,3
7257,36,1
7257,20,1
7258,2,2
7258,18,3
7258,37,1
7259,16,3
7260,25,1
7260,24,1
7261,0,3
7261,5,3
7262,26,3
7263,9,3
7264,27,2
7265,29,3
7265,22,2
7265,26,3
7265,16,1
7266,34,2
7266,38,1
7267,10,2
7268,27,3
7269,2,1
7269,34,1
7270,37,2
7271,5,1
7271,29,2
7272,13,1
7272,21,3
7272,15,1
7273,29,3
7274,28,3
7274,37,3
7275,10,3
7275,24,2
7276,23,2
7277,11,2
7277,27,2
7278,35,1
7278,27,1
7278,16,2
7279,27,3
7280,36,1
7280,28,2
7281,7,1
7282,22,1
7283,22,2
7284,27,1
7285,37,3
7285,4,3
7286,21,1
7286,4,1
7286,23,2
7287,30,3
7288,11,1
7289,26,2
7289,22,1
7289,29,2
7290,11,1
7290,7,1
7290,30,1
7290,1,3
7291,30,1
7291,1,3
7291,11,2
7291,24,1
7292,34,2
7293,8,2
7294,29,2
7294,0,1
7294,7,3
7295,22,1
7295,30,1
7296,34,2
7296,22,3
7297,13,2
7297,27,1
7297,15,1
7297,36,2
7298,19,3
7299,12,2
7299,0,3
7300,20,2
7300,29,2
7300,0,2
7301,14,3
7301,9,3
7301,32,1
7302,20,3
7302,6,1
7303,13,2
7303,16,1
7303,22,2
7304,34,2
7304,27,2
7304,28,3
7305,19,2
7306,24,3
7306,36,3
7306,33,3
7307,37,1
7308,22,2
7308,20,2
7308,7,3
7309,25,2
7310,21,1
7310,20,2
7310,23,3
7311,2,1
7311,5,3
7312,34,2
7312,18,2
7312,3,3
7313,33,1
7313,22,2
7313,4,3
7314,25,3
7315,8,3
7315,18,2
7316,27,3
7317,11,1
7318,31,2
7318,38,1
7319,3,2
7319,21,3
7319,4,3
7320,26,2
7320,5,3
7320,2,2
7321,12,3
7322,38,1
7322,28,3
7323,0,3
7324,28,1
7324,37,1
7324,10,1
7324,20,3
7325,1,3
7325,28,3
7325,3,1
7326,30,1
7326,26,2
7326,2,2
7327,7,1
7327,30,3
7327,3,2
7328,9,3
7328,38,1
7328,20,2
7328,35,3
7329,12,3
7329,17,1
7330,22,2
7331,4,1
7331,10,2
7331,23,1
7332,20,1
7332,8,1
7332,26,3
7332,22,3
7333,35,1
7333,7,3
7334,37,3
7334,13,1
7334,10,1
7335,9,2
7335,4,1
7335,19,2
7336,20,3
7336,17,2
7336,11,1
7337,12,3
7338,29,3
7338,22,1
7338,21,1
7338,10,1
7339,13,1
7339,15,3
7339,18,2
7339,0,3
7340,6,2
7340,27,2
7341,2,1
7341,25,2
7341,30,3
7342,20,2
7342,33,1
7342,1,3
7343,2,3
7343,29,2
7343,14,2
7343,13,1
7344,21,2
7345,17,1
7345,27,3
7346,30,3
7346,18,3
7346,12,3
7346,17,2
7347,26,1
7347,2,1
7347,11,2
7348,30,1
7348,1,2
7348,0,3
7349,14,3
7350,3,1
7350,18,3
7350,5,2
7350,22,2
7351,0,1
7351,29,2
7351,19,3
7352,8,3
7352,27,1
7352,38,3
7352,20,3
7353,29,3
7353,0,1
7353,17,1
7353,21,3
7354,30,2
7354,26,3
7354,5,3
7355,16,2
7355,28,1
7355,26,1
7355,25,2
7356,36,3
7356,34,3
7356,15,1
7357,11,1
7357,35,1
7357,28,3
7357,27,3
7358,23,2
7358,30,3
7358,17,1
7358,34,3
7359,37,3
7359,32,1
7359,23,1
7360,30,2
7360,11,1
7361,36,3
7361,20,2
7361,6,2
7362,21,2
7362,20,3
7362,12,3
7362,35,1
7363,11,2
7363,20,3
7364,29,3
7364,5,3
7365,13,3
7365,2,1
7366,17,2
7366,20,3
7366,4,1
7366,26,1
7367,1,1
7367,31,1
7367,10,2
7368,19,1
7369,35,2
7370,35,1
7370,1,3
7371,0,3
7372,29,3
7372,3,1
7372,33,1
7373,8,3
7373,28,1
7373,17,3
7373,35,3
7374,21,2
7375,24,3
7375,7,1
7376,5,3
7376,10,2
7377,1,3
7377,22,3
7377,36,1
7377,5,1
7378,28,3
7378,6,2
7378,27,2
7378,34,2
7379,22,1
7379,25,3
7379,34,3
7379,37,1
7380,38,2
7380,5,1
7380,24,2
7381,33,1
7381,8,2
7382,21,3
7382,29,2
7383,13,2
7383,33,3
7384,25,3
7384,11,3
7385,14,1
7386,6,3
7386,36,3
7386,20,3
7387,11,3
7387,19,3
7388,21,2
7388,33,2
7389,12,3
7389,18,1
7389,22,1
7389,5,1
7390,36,2
7391,5,3
7392,26,2
7392,17,3
7393,25,1
7393,5,2
7393,35,2
7394,5,3
7394,32,1
7394,29,2
7395,3,3
7395,37,2
7395,30,3
7395,13,1
7396,4,2
7396,9,1
7396,21,2
7396,16,2
7397,38,2
7397,37,1
7397,32,2
7398,29,1
7399,8,3
7400,6,3
7400,14,2
7401,32,2
7401,16,3
7402,8,3
7402,27,3
7403,28,1
7403,5,1
7403,3,2
7403,23,1
7404,7,2
7404,5,1
7404,3,3
7404,34,2
7405,36,3
7406,7,3
7406,26,3
7406,24,3
7406,34,3
7407,30,3
7407,2,1
7408,27,2
7408,25,2
7409,33,3
7409,10,2
7410,11,3
7410,8,3
7410,15,2
7410,30,1
7411,25,1
7411,9,1
7411,36,3
7411,34,3
7412,30,3
7412,23,1
7412,28,3
7412,5,2
7413,21,3
7413,15,2
7413,18,3
7413,24,3
7414,1,2
7414,31,3
7414,9,1
7414,12,3
7415,1,1
7415,8,3
7416,0,2
7416,11,1
7417,27,1
7417,4,2
7417,2,3
7417,38,1
7418,33,1
7418,35,1
7418,7,1
7418,13,1
7419,36,2
7420,26,2
7420,4,1
7421,28,2
7421,37,2
7422,1,1
7422,34,1
7422,37,3
7423,18,2
7424,7,3
7424,34,1
7424,10,2
7425,24,1
7425,29,2
7425,18,2
7425,12,1
7426,4,2
7426,25,2
7426,38,1
7427,15,1
7428,11,1
7429,6,3
7430,15,3
7430,29,3
7430,1,3
7430,21,1
7431,20,2
7432,15,3
7433,18,3
7433,1,2
7433,0,3
7434,16,1
7435,4,3
7435,1,2
7435,37,1
7435,6,3
7436,1,1
7436,4,3
7436,20,1
7437,1,1
7437,33,1
7437,5,3
7438,33,2
7438,3,1
7438,11,1
7439,33,2
7439,11,3
7440,18,2
7440,28,3
7440,25,3
7440,14,3
7441,18,1
7442,10,1
7443,8,1
7444,1,2
7445,32,3
7446,23,1
7446,12,1
7446,38,1
7447,1,2
7447,4,1
7447,31,2
7447,35,2
7448,29,3
7448,31,2
7448,21,2
7448,0,1
7449,33,1
7449,1,1
7449,31,2
7450,23,1
7450,37,1
7450,2,1
7450,30,1
7451,37,3
7451,31,2
7451,10,3
7452,27,2
7452,17,2
7452,2,3
7453,5,2
7454,2,3
7454,3,1
7455,38,2
7455,25,2
7456,18,1
7456,9,3
7457,18,1
7458,25,3
7458,12,3
7458,18,2
7459,23,1
7459,26,3
7459,24,2
7460,17,3
7460,20,1
7460,18,2
7461,12,2
7461,35,2
7461,6,3
7462,21,3
7463,32,3
7463,21,1
7464,13,2
7464,16,3
7464,24,3
7465,19,3
7465,22,1
7465,38,1
7465,37,3
7466,22,3
7467,15,3
7467,33,1
7467,17,1
7468,22,1
7469,11,1
7469,8,2
7469,16,1
7469,35,1
7470,33,1
7471,7,2
7471,26,1
7472,22,2
7472,37,1
7472,4,2
7472,10,2
7473,1,2
7473,3,3
7473,5,1
7473,11,1
7474,9,3
7474,24,2
7474,6,2
7475,26,1
7475,3,1
7475,35,2
7475,11,2
7476,4,3
7477,16,2
7477,8,3
7477,30,3
7477,5,2
7478,26,1
7478,25,1
7478,24,1
7479,36,1
7480,16,1
7480,18,2
7481,11,2
7481,7,2
7481,25,2
7481,30,2
7482,17,3
7482,4,1
7482,7,2
7483,22,2
7483,31,1
7483,24,1
7484,35,2
7485,38,1
7486,25,2
7486,6,2
7486,19,3
7486,22,2
7487,13,3
7488,10,1
7488,22,3
7488,25,2
7489,3,2
7489,30,3
7489,34,2
7490,35,1
7491,34,1
7491,7,1
7492,29,1
7493,19,3
7493,26,3
7493,12,2
7493,8,1
7494,14,3
7494,29,1
7495,10,3
7496,5,3
7497,26,2
7498,26,1
7498,8,2
7498,35,1
7499,25,2
7500,9,2
7500,23,1
7500,22,1
7501,0,2
7501,4,2
7502,23,1
7503,10,1
7503,21,3
7503,8,3
7504,34,3
7504,15,1
7504,24,3
7504,11,3
7505,30,3
7505,19,2
7506,13,1
7506,10,1
7507,18,2
7507,22,2
7508,23,1
7508,8,3
7509,10,3
7509,1,3
7509,27,1
7510,23,2
7511,29,2
7511,20,2
7511,18,3
7511,23,2
7512,14,1
7513,36,2
7514,32,3
7514,4,1
7515,13,3
7516,14,2
7517,5,1
7517,22,2
7517,3,2
7518,2,1
7518,28,1
7518,20,3
7518,38,1
7519,33,3
7519,16,1
7519,38,1
7519,29,2
7520,27,2
7521,24,1
7521,5,3
7521,13,1
7521,0,3
7522,30,2
7522,19,2
7522,15,2
7523,31,2
7523,24,2
7524,13,3
7524,8,1
7524,15,2
7525,9,3
7525,37,1
7525,30,3
7525,17,3
7526,26,2
7526,10,2
7526,30,2
7527,34,2
7527,0,3
7528,26,3
7528,19,3
7528,3,2
7528,29,2
7529,17,2
7529,14,3
7530,8,2
7530,7,3
7531,18,3
7531,19,1
7531,36,3
7531,5,2
7532,4,3
7532,9,3
7532,31,3
7533,24,2
7533,16,1
7533,2,3
7533,14,3
7534,19,1
7534,14,3
7534,36,1
7534,28,2
7535,18,1
7535,1,2
7536,25,2
7536,22,1
7536,29,1
7537,19,3
7538,3,2
7539,2,1
7539,33,1
7539,11,3
7540,13,3
7540,8,3
7541,5,3
7541,22,3
7541,37,3
7541,10,2
7542,31,2
7542,25,3
7543,33,3
7543,21,3
7543,35,1
7543,26,3
7544,2,2
7544,36,3
7544,16,2
7544,13,2
7545,24,1
7545,10,3
7545,2,2
7546,23,3
7547,25,2
7548,9,1
7548,34,3
7548,7,1
7548,18,2
7549,33,1
7549,18,2
7549,36,3
7549,37,3
7550,20,3
7550,17,1
7551,6,1
7552,9,3
7553,26,3
7553,16,1
7553,18,2
7553,11,1
7554,20,2
7554,27,2
7555,22,1
7555,18,2
7555,12,3
7555,14,3
7556,31,1
7557,26,1
7557,35,3
7557,34,2
7558,14,3
7559,11,3
7559,28,1
7559,20,1
7559,30,3
7560,18,2
7560,0,2
7560,7,2
7561,20,2
7561,35,3
7561,19,1
7561,16,1
7562,23,1
7562,12,1
7562,1,1
7562,38,1
7563,35,1
7563,4,2
7563,19,1
7564,10,2
7565,16,3
7565,33,2
7566,13,2
7566,28,2
7567,5,3
7567,19,1
7567,13,2
7568,17,2
7568,16,1
7568,25,1
7569,27,2
7569,15,3
7570,12,2
7570,18,2
7570,27,3
7570,23,3
7571,19,2
7571,15,3
7572,32,2
7572,13,3
7572,14,1
7573,38,3
7574,38,1
7574,18,1
7574,36,2
7574,31,2
7575,37,3
7575,4,2
7575,28,1
7576,2,3
7576,28,3
7577,12,1
7578,31,2
7578,17,1
7578,16,1
7579,3,3
7579,5,2
7579,0,3
7579,8,3
7580,11,1
7580,1,1
7580,8,1
7580,20,2
7581,3,3
7581,37,2
7581,31,2
7582,29,2
7582,10,1
7583,20,2
7583,38,2
7583,16,1
7584,30,2
7584,0,2
7585,3,3
7585,15,3
7586,37,1
7586,23,2
7586,11,3
7587,9,3
7587,13,3
7587,7,1
7587,36,1
7588,21,1
7588,16,2
7588,7,2
7588,32,1
7589,11,3
7590,8,2
7590,14,3
7590,15,1
7591,23,3
7591,6,1
7592,28,1
7592,26,3
7592,14,2
7592,9,1
7593,32,3
7593,25,1
7594,11,1
7594,19,3
7594,30,3
7594,14,2
7595,3,2
7595,0,3
7595,17,1
7596,17,2
7596,16,3
7596,37,2
7596,9,1
7597,4,3
7597,5,2
7597,29,2
7597,7,2
7598,3,1
7598,15,2
7599,5,2
7599,20,3
7599,26,1
7599,38,2
7600,38,3
7600,32,1
7600,4,3
7601,7,3
7601,6,3
7601,27,3
7601,20,2
7602,2,3
7602,38,1
7603,3,2
7604,14,1
7604,31,1
7604,30,1
7605,4,2
7606,18,1
7606,11,2
7606,10,1
7606,9,3
7607,35,3
7607,7,1
7607,21,2
7608,2,1
7608,25,2
7609,24,1
7610,26,1
7610,33,3
7610,0,2
7610,3,3
7611,35,1
7612,36,1
7612,21,1
7612,12,2
7612,0,2
7613,3,1
7613,28,2
7614,10,1
7614,37,2
7615,25,1
7615,35,3
7615,7,3
7616,10,1
7616,3,1
7616,13,1
7616,6,2
7617,11,2
7617,19,3
7617,38,2
7617,22,2
7618,38,3
7618,37,3
7619,10,2
7620,14,2
7620,37,1
7620,22,1
7621,25,1
7622,36,1
7622,23,3
7622,0,3
7623,11,3
7623,37,2
7623,7,1
7624,18,1
7624,1,1
7624,13,2
7624,4,3
7625,27,2
7625,4,1
7625,30,1
7626,20,2
7626,30,1
7626,13,2
7627,6,3
7627,11,3
7627,16,1
7628,6,2
7629,9,3
7629,2,1
7630,13,3
7631,4,1
7631,35,1
7631,1,3
7632,13,3
7632,30,3
7632,5,3
7632,33,2
7633,35,1
7634,20,3
7635,27,1
7636,29,1
7636,18,2
7636,14,1
7637,33,1
7637,31,2
7637,22,2
7638,34,2
7638,37,1
7639,3,1
7639,27,1
7640,30,3
7640,35,2
7640,26,2
7640,27,3
7641,28,1
7641,23,3
7642,25,1
7642,27,1
7643,31,1
7643,33,1
7643,25,1
7644,27,3
7644,4,2
7645,9,1
7645,3,2
7645,18,3
7645,1,2
7646,4,1
7647,25,1
7648,29,3
7648,37,2
7648,2,3
7648,20,2
7649,17,3
7649,1,1
7649,31,1
7650,3,2
7650,24,1
7651,28,2
7651,4,2
7651,14,2
7652,25,2
7652,30,3
7652,11,1
7652,19,1
7653,10,1
7653,22,1
7653,32,2
7654,29,3
7654,14,1
7655,0,2
7656,2,3
7657,16,1
7657,20,3
7657,0,3
7658,8,2
7658,38,3
7658,13,1
7659,10,3
7660,17,1
7661,17,2
7661,2,2
7661,12,1
7662,8,2
7662,20,2
7663,29,2
7663,37,1
7663,16,2
7664,1,1
7664,33,1
7664,25,3
7665,20,3
7666,35,1
7666,7,3
7667,23,3
7667,37,3
7667,21,2
7667,13,1
7668,5,3
7668,15,3
7668,22,3
7669,8,2
7669,18,1
7669,28,3
7669,3,3
7670,13,2
7670,23,2
7670,34,2
7670,12,3
7671,22,1
7671,28,1
7671,6,1
7672,31,3
7672,12,1
7672,37,1
7673,12,2
7673,18,3
7674,10,1
7674,17,2
7675,26,3
7675,32,2
7675,15,1
7675,21,2
7676,8,3
7677,23,3
7677,3,2
7677,36,3
7677,33,2
7678,38,3
7678,20,1
7678,13,1
7678,4,1
7679,3,1
7679,26,3
7680,18,2
7680,14,1
7680,31,2
7680,3,3
7681,29,3
7682,22,2
7682,1,1
7682,21,1
7682,27,1
7683,29,2
7684,16,3
7685,7,3
7685,4,3
7685,14,3
7686,37,3
7686,21,2
7687,0,3
7687,13,3
7687,5,1
7688,37,2
7688,14,1
7688,25,3
7689,14,2
7689,12,1
7689,22,1
7689,4,1
7690,4,3
7691,14,3
7691,22,3
7691,1,1
7691,21,3
7692,32,1
7692,29,2
7692,28,2
7693,30,2
7693,35,2
7693,5,1
7694,24,1
7694,28,3
7694,37,2
7694,30,2
7695,6,3
7695,11,1
7695,14,2
7695,17,3
7696,36,1
7696,17,1
7696,15,2
7697,18,2
7697,26,2
7698,12,2
7698,30,2
7698,20,1
7698,16,3
7699,0,2
7699,33,3
7700,7,1
7700,36,1
7700,25,1
7700,8,3
7701,31,3
7701,37,3
7701,28,1
7701,36,3
7702,27,2
7702,6,2
7702,26,3
7702,25,1
7703,14,3
7703,8,3
7704,8,3
7705,7,3
7705,4,3
7705,21,2
7705,26,2
7706,30,2
7706,5,3
7706,37,1
7706,26,2
7707,2,2
7707,19,1
7707,16,3
7707,20,2
7708,23,1
7709,5,1
7709,32,1
7710,32,2
7710,5,2
7710,38,3
7711,5,3
7711,1,2
7711,27,1
7712,8,1
7713,36,2
7714,4,2
7714,23,3
7714,8,3
7714,30,1
7715,37,1
7715,2,1
7716,11,1
7716,10,1
7716,18,2
7717,6,2
7717,3,2
7718,9,2
7718,31,3
7718,27,2
7718,16,1
7719,12,3
7719,38,3
7719,35,1
7720,18,3
7720,25,3
7721,4,1
7721,27,2
7722,8,1
7722,34,1
7723,20,2
7723,12,3
7724,22,2
7725,16,1
7725,8,2
7725,36,3
7725,13,1
7726,22,3
7726,15,1
7726,28,3
7727,1,2
7727,24,2
7727,0,2
7727,6,3
7728,28,1
7729,13,2
7729,35,3
7729,2,1
7730,17,3
7731,15,3
7731,7,3
7731,23,2
7731,37,2
7732,16,3
7732,34,2
7733,32,1
7733,14,2
7733,12,1
7733,6,2
7734,33,2
7735,20,3
7735,28,1
7736,23,1
7736,1,2
7736,24,2
7737,20,3
7737,36,3
7738,4,1
7739,25,3
7739,22,2
7739,7,3
7740,8,2
7740,5,3
7740,29,2
7740,1,2
7741,25,2
7742,13,1
7742,12,3
7742,18,1
7743,15,3
7743,28,2
7744,6,3
7744,2,2
7744,9,1
7745,3,1
7745,24,2
7745,14,3
7746,26,2
7746,18,1
7746,2,2
7746,4,2
7747,10,1
7747,23,2
7748,16,3
7748,15,2
7748,18,2
7748,29,2
7749,23,3
7749,26,2
7749,0,3
7750,33,2
7750,29,1
7750,17,2
7750,21,3
7751,12,3
7751,5,1
7751,23,1
7752,7,3
7752,8,3
7752,18,2
7752,9,3
7753,25,1
7753,23,1
7753,35,1
7753,3,1
7754,20,1
7754,8,2
7754,14,1
7755,33,3
7755,16,1
7756,13,3
7756,1,2
7756,23,3
7756,25,3
7757,22,2
7758,24,1
7758,18,2
7758,6,2
7759,5,3
7759,30,2
7759,22,1
7759,9,2
7760,14,1
7760,36,2
7761,17,2
7761,23,1
7762,24,1
7762,22,1
7762,12,3
7763,1,3
7763,15,3
7764,31,3
7764,38,3
7764,37,3
7764,13,1
7765,13,2
7765,3,3
7765,33,2
7766,4,3
7767,20,1
7767,10,1
7768,18,2
7768,35,3
7768,12,2
7769,30,1
7769,28,1
7769,15,3
7769,4,2
7770,0,2
7770,16,1
7770,1,2
7771,38,1
7771,24,3
7772,2,3
7772,20,2
7773,15,1
7773,13,3
7773,17,2
7774,34,3
7774,31,2
7774,11,1
7774,35,1
7775,3,2
7775,10,1
7775,36,3
7776,17,2
7776,18,2
7776,10,3
7776,21,2
7777,31,1
7778,38,2
7778,28,1
7779,26,2
7780,33,3
7780,22,1
7780,20,3
7780,34,2
7781,36,2
7782,32,2
7782,33,3
7783,27,2
7783,30,2
7784,32,3
7785,30,1
7785,4,1
7785,13,3
7786,38,3
7786,14,1
7786,31,1
7787,1,2
7787,30,1
7787,6,3
7788,19,2
7788,18,3
7788,3,1
7788,17,3
7789,16,2
7789,0,2
7789,32,2
7789,24,2
7790,12,3
7790,24,3
7790,28,2
7790,26,3
7791,13,2
7791,31,1
7791,35,2
7791,38,2
7792,25,3
7792,2,3
7793,8,3
7794,17,2
7794,37,1
7794,33,2
7795,31,2
7795,17,2
7796,20,3
7796,21,2
7796,31,1
7796,34,3
7797,12,3
7797,21,2
7797,14,1
7797,28,3
7798,12,3
7798,16,1
7798,7,2
7798,33,3
7799,1,2
7799,6,1
7800,1,2
7800,3,2
7800,36,3
7801,28,2
7801,24,3
7801,18,1
7801,0,2
7802,12,1
7802,1,1
7802,30,3
7802,38,1
7803,35,1
7804,0,2
7804,26,3
7804,27,1
7805,33,1
7806,0,3
7806,17,1
7806,13,1
7806,5,1
7807,37,2
7807,10,1
7807,13,3
7808,13,1
7808,11,3
7808,10,2
7809,0,2
7809,1,1
7810,10,1
7810,5,3
7811,7,3
7811,11,1
7812,13,2
7812,30,3
7812,21,2
7812,2,3
7813,2,3
7813,25,3
7814,30,3
7814,6,2
7815,35,3
7815,33,2
7815,1,2
7816,35,1
7816,2,3
7816,32,1
7817,20,1
7817,14,1
7817,17,3
7817,2,2
7818,26,1
7818,16,2
7819,10,3
7819,5,3
7820,4,3
7820,11,3
7820,23,1
7820,34,3
7821,17,3
7821,15,2
7821,34,2
7822,32,2
7822,28,2
7822,11,2
7823,8,2
7824,2,1
7825,13,2
7825,36,2
7825,31,1
7825,15,2
7826,1,1
7827,7,3
7828,4,3
7829,18,3
7829,37,1
7829,35,2
7829,30,1
7830,18,1
7830,17,3
7830,5,2
7830,30,2
7831,16,1
7832,36,2
7832,0,1
7832,23,1
7833,2,3
7833,8,2
7834,4,3
7834,33,2
7834,20,3
7835,35,2
7835,23,2
7835,7,3
7836,5,2
7836,31,1
7837,22,3
7837,13,3
7838,23,2
7838,11,3
7838,3,1
7839,27,3
7839,1,3
7840,2,2
7840,17,3
7841,29,1
7841,3,1
7841,11,2
7841,22,3
7842,35,1
7842,2,2
7843,14,2
7843,27,3
7844,38,3
7844,0,1
7845,13,2
7845,30,3
7845,6,2
7845,23,2
7846,17,1
7846,0,2
7846,32,1
7846,15,1
7847,6,1
7847,19,2
7847,18,2
7848,23,3
7849,10,2
7850,21,3
7850,20,3
7850,2,2
7850,1,3
7851,34,1
7851,32,3
7851,33,2
7851,8,2
7852,5,1
7852,35,3
7852,38,3
7852,27,3
7853,18,1
7854,25,2
7854,38,3
7854,17,1
7855,12,3
7856,16,1
7856,4,3
7856,32,1
7856,23,1
7857,25,2
7857,15,1
7857,23,1
7857,24,2
7858,32,3
7858,33,3
7858,1,3
7859,4,3
7859,16,3
7859,36,2
7859,12,1
7860,36,2
7861,36,1
7861,29,2
7861,6,1
7861,7,1
7862,32,1
7862,16,3
7862,11,2
7863,5,2
7864,10,2
7864,26,1
7864,16,1
7865,21,2
7865,20,2
7866,35,2
7867,15,1
7867,5,1
7867,9,3
7867,26,1
7868,5,3
7868,33,2
7869,20,3
7870,2,1
7870,29,3
7871,25,1
7871,34,1
7871,5,2
7871,8,2
7872,9,2
7872,36,3
7873,14,1
7873,23,3
7873,18,2
7874,20,2
7875,31,2
7875,13,2
7876,23,3
7876,20,1
7876,34,2
7877,38,3
7877,12,1
7878,27,3
7878,15,2
7878,0,3
7879,3,3
7879,15,1
7880,2,3
7881,13,2
7881,12,3
7881,38,1
7882,8,3
7883,33,3
7883,15,1
7883,31,2
7884,30,1
7884,3,3
7885,31,1
7886,33,3
7886,32,2
7887,22,2
7888,24,2
7888,9,3
7889,10,1
7889,15,3
7890,32,2
7890,16,1
7890,3,2
7890,2,2
7891,34,1
7891,29,2
7892,6,3
7892,36,3
7892,32,2
7893,15,1
7893,3,2
7893,25,1
7893,2,1
7894,18,1
7894,33,1
7894,36,2
7895,8,3
7896,5,2
7896,35,3
7896,18,3
7897,4,1
7897,37,3
7898,4,3
7898,38,1
7898,25,3
7898,23,3
7899,12,1
7899,36,3
7900,28,2
7900,34,3
7900,36,3
7901,33,3
7901,18,2
7901,5,2
7901,4,3
7902,26,1
7903,34,2
7903,21,1
7904,0,3
7904,4,3
7905,12,3
7905,1,1
7905,10,2
7906,10,2
7906,34,2
7906,24,2
7907,33,3
7908,5,3
7908,15,3
7909,31,3
7909,24,2
7909,4,3
7909,34,3
7910,29,2
7910,5,1
7910,24,1
7910,30,2
7911,8,1
7911,28,1
7911,1,2
7911,22,1
7912,21,2
7912,1,1
7912,33,3
7912,28,3
7913,23,3
7914,12,1
7914,21,3
7915,13,3
7915,17,2
7916,14,1
7916,21,3
7916,11,3
7916,8,3
7917,16,1
7917,25,2
7917,7,1
7917,14,3
7918,27,2
7918,36,3
7918,11,2
7918,14,3
7919,5,2
7919,1,1
7919,26,1
7919,20,1
7920,24,2
7921,1,3
7921,29,2
7922,27,1
7922,18,3
7923,34,1
7923,9,3
7923,6,2
7924,36,2
7924,23,2
7925,10,3
7926,32,1
7926,3,1
7926,29,1
7926,10,1
7927,20,2
7927,22,1
7927,31,2
7928,19,1
7928,11,2
7928,7,2
7928,22,2
7929,19,2
7930,29,2
7930,9,1
7931,33,3
7932,15,1
7932,8,2
7932,14,2
7932,1,3
7933,25,2
7933,33,3
7933,34,1
7933,1,1
7934,0,3
7934,37,2
7935,31,1
7935,36,1
7935,34,2
7935,24,3
7936,17,2
7937,32,1
7937,14,3
7937,15,3
7937,7,3
7938,36,3
7939,6,1
7939,9,3
7939,33,2
7939,3,3
7940,37,2
7941,3,2
7941,7,3
7942,1,3
7942,31,2
7942,10,3
7942,14,1
7943,7,3
7943,21,3
7943,14,1
7943,16,3
7944,19,2
7944,5,3
7944,30,3
7944,29,3
7945,2,1
7945,1,2
7945,36,2
7946,26,1
7947,35,3
7947,13,3
7948,28,2
7948,1,2
7949,19,2
7950,8,2
7951,4,1
7951,10,3
7952,38,3
7952,30,3
7952,15,3
7952,37,2
7953,9,1
7953,0,3
7953,29,3
7953,12,2
7954,31,1
7954,9,2
7954,34,1
7955,1,3
7955,2,3
7955,25,2
7955,13,1
7956,16,2
7956,20,3
7956,29,2
7956,9,3
7957,13,3
7957,25,1
7958,35,2
7959,38,3
7959,10,3
7959,30,2
7960,1,2
7960,3,3
7960,21,1
7961,19,1
7961,29,2
7961,6,3
7961,37,2
7962,28,3
7963,11,3
7963,6,2
7963,38,3
7963,23,1
7964,26,3
7964,33,2
7964,1,1
7965,15,1
7965,20,3
7965,11,1
7965,29,2
7966,18,2
7966,10,3
7966,11,1
7966,8,1
7967,33,1
7967,28,3
7968,32,1
7969,3,2
7969,4,1
7970,32,2
7970,15,1
7970,31,1
7971,15,3
7971,9,1
7972,28,1
7973,18,3
7973,33,2
7973,28,1
7973,27,2
7974,11,2
7974,10,2
7974,24,1
7974,26,3
7975,7,1
7975,15,1
7975,22,3
7975,24,3
7976,26,1
7977,38,1
7977,34,1
7978,34,1
7979,35,2
7980,5,1
7980,7,3
7980,11,1
7980,21,3
7981,4,3
7982,28,2
7982,21,2
7983,2,1
7983,27,2
7983,25,1
7984,24,1
7984,6,1
7985,38,2
7985,10,2
7985,13,2
7985,21,1
7986,5,3
7986,1,3
7986,25,2
7987,28,1
7987,7,1
7987,26,3
7988,14,2
7989,38,3
7989,34,2
7989,22,2
7989,12,2
7990,33,2
7991,10,1
7992,30,3
7992,23,1
7992,18,3
7992,25,3
7993,36,1
7993,8,1
7993,3,2
7994,20,2
7994,1,1
7994,23,1
7995,3,2
7995,10,3
7995,21,2
7996,19,1
7996,3,1
7996,8,3
7997,1,2
7997,30,1
7997,38,1
7997,34,2
7998,2,2
7998,7,1
7998,12,2
7998,29,3
7999,21,1
7999,15,2
7999,35,2
8000,10,2
8000,1,1
8001,16,1
8001,20,3
8001,15,2
8001,37,2
8002,18,2
8003,11,2
8003,30,2
8003,26,2
8004,38,2
8004,25,1
8004,30,3
8004,5,1
8005,12,2
8005,36,1
8006,19,2
8007,9,3
8008,4,1
8009,17,2
8009,28,1
8009,4,2
8009,16,1
8010,6,1
8010,22,3
8011,33,3
8012,2,1
8013,5,3
8013,23,3
8013,4,3
8013,17,3
8014,14,2
8014,21,2
8015,15,3
8015,9,1
8015,37,1
8015,25,2
8016,16,3
8017,35,2
8017,33,2
8018,2,1
8018,18,3
8018,16,3
8018,28,3
8019,33,3
8019,38,1
8019,30,2
8019,18,2
8020,0,1
8020,31,2
8021,0,1
8022,26,2
8022,10,1
8022,36,1
8023,1,1
8023,27,1
8023,23,2
8024,35,3
8024,34,2
8024,32,3
8024,11,2
8025,33,1
8025,36,2
8025,8,2
8026,35,3
8026,12,1
8026,10,2
8026,15,2
8027,20,1
8027,6,1
8028,12,3
8028,2,1
8029,2,2
8029,38,2
8029,12,1
8029,5,2
8030,23,3
8030,30,1
8030,7,2
8031,12,3
8031,25,2
8032,37,2
8032,14,1
8032,6,2
8032,38,1
8033,15,1
8033,3,1
8033,28,2
8033,26,3
8034,28,2
8034,31,2
8034,32,1
8035,32,2
8036,37,3
8036,33,2
8036,21,1
8037,22,3
8037,21,3
8037,3,3
8037,2,1
8038,37,2
8038,23,1
8039,32,2
8039,15,2
8039,16,2
8039,12,2
8040,24,3
8040,22,3
8040,37,1
8041,9,2
8041,10,1
8041,37,2
8042,24,3
8042,7,3
8042,25,2
8043,26,3
8044,15,1
8044,35,3
8044,18,3
8044,20,1
8045,28,2
8045,22,3
8045,26,1
8045,37,1
8046,15,1
8047,29,2
8048,9,3
8049,2,2
8050,9,2
8051,13,2
8051,5,1
8052,6,3
8053,8,1
8053,24,2
8053,18,1
8053,33,1
8054,33,1
8054,3,2
8054,25,1
8054,2,2
8055,25,2
8055,6,1
8055,12,3
8056,36,2
8056,33,1
8056,0,1
8056,24,2
8057,36,2
8057,19,3
8058,27,2
8058,16,3
8058,33,1
8058,9,2
8059,3,1
8059,12,3
8060,38,3
8060,36,1
8060,25,2
8060,11,2
8061,31,3
8062,15,3
8062,9,2
8062,10,1
8062,28,3
8063,3,2
8063,35,1
8063,34,2
8064,25,1
8065,25,3
8066,34,3
8066,11,1
8067,29,2
8067,35,2
8068,10,2
8069,16,3
8069,9,3
8069,5,1
8070,1,2
8070,14,3
8071,38,2
8071,17,1
8071,23,2
8072,14,3
8072,22,3
8072,1,2
8073,24,2
8074,25,2
8074,32,3
8074,18,3
8075,23,3
8076,35,2
8076,24,3
8076,23,2
8076,0,3
8077,28,2
8077,26,1
8077,6,3
8077,12,3
8078,20,1
8079,11,1
8079,15,1
8079,3,3
8079,9,2
8080,9,1
8080,16,3
8081,19,3
8081,29,1
8082,7,3
8083,23,2
8083,20,2
8083,12,3
8084,22,2
8084,20,1
8084,5,1
8084,17,3
8085,19,1
8085,36,2
8085,34,3
8085,16,2
8086,20,1
8086,29,3
8086,9,2
8086,11,1
8087,27,1
8087,32,2
8088,27,2
8088,8,1
8088,36,1
8088,1,3
8089,30,3
8090,1,2
8091,35,3
8091,6,3
8091,1,2
8092,29,3
8092,19,3
8092,28,2
8092,22,2
8093,2,2
8093,23,3
8094,35,1
8094,24,1
8094,13,3
8094,11,2
8095,29,2
8095,32,2
8095,8,1
8095,13,2
8096,31,3
8096,27,3
8096,28,2
8097,10,3
8097,29,2
8097,17,2
8098,28,1
8098,29,2
8098,0,2
8098,37,2
8099,27,1
8100,15,1
8100,25,1
8100,17,1
8101,13,3
8101,27,2
8101,5,2
8102,22,3
8102,32,1
8102,6,2
8103,21,1
8103,2,2
8103,29,2
8103,9,2
8104,25,3
8104,36,1
8104,9,2
8104,4,2
8105,32,2
8105,34,1
8105,20,1
8105,25,1
8106,6,2
8106,24,2
8107,12,3
8107,21,1
8107,10,1
8107,38,3
8108,1,3
8109,22,1
8109,35,2
8109,30,2
8110,1,1
8111,22,1
8111,25,3
8112,24,1
8112,5,2
8112,30,3
8113,17,2
8113,10,1
8114,25,1
8114,8,1
8114,15,2
8114,9,1
8115,32,2
8115,36,3
8116,36,1
8116,24,3
8116,27,1
8117,26,2
8117,3,2
8117,21,1
8117,9,1
8118,16,2
8119,0,3
8119,38,1
8120,30,1
8120,15,3
8120,20,2
8120,3,1
8121,32,1
8121,18,2
8122,27,3
8122,2,1
8122,37,2
8122,19,3
8123,28,3
8123,21,1
8123,7,1
8123,0,3
8124,5,3
8124,38,2
8124,12,2
8125,27,2
8125,17,1
8126,27,1
8127,23,3
8128,2,3
8129,14,2
8129,23,1
8130,17,2
8131,13,2
8131,34,2
8131,33,3
8131,28,2
8132,36,1
8132,6,3
8132,27,3
8133,5,3
8133,6,2
8133,13,3
8134,31,1
8135,31,1
8136,25,2
8137,23,2
8137,6,1
8137,33,1
8138,28,3
8138,15,2
8138,35,2
8139,10,1
8139,2,2
8140,23,2
8141,3,3
8141,5,2
8141,33,1
8142,5,2
8142,22,3
8142,12,1
8142,16,1
8143,9,2
8143,19,1
8144,9,3
8144,7,3
8145,24,3
8145,32,2
8145,5,1
8145,28,2
8146,28,3
8146,36,1
8146,20,1
8147,30,1
8148,36,3
8148,24,1
8148,11,3
8149,21,1
8149,30,2
8150,29,2
8150,32,2
8150,10,1
8151,33,1
8151,30,1
8151,35,2
8152,12,2
8152,29,1
8153,13,2
8154,22,3
8154,13,2
8155,1,1
8155,24,2
8156,36,2
8156,14,2
8156,0,1
8156,37,2
8157,16,1
8157,33,1
8157,13,2
8157,3,2
8158,4,2
8159,15,3
8159,0,1
8159,26,1
8160,21,1
8160,33,1
8160,34,1
8160,27,3
8161,34,3
8161,36,1
8161,15,2
8162,32,2
8162,26,3
8163,12,2
8163,16,1
8163,32,1
8164,29,1
8164,23,1
8164,32,3
8165,37,3
8165,0,3
8166,10,1
8166,18,2
8167,34,1
8167,14,3
8167,4,2
8167,28,1
8168,12,1
8168,29,2
8168,32,1
8168,4,2
8169,14,1
8170,9,2
8170,10,3
8170,11,2
8170,19,1
8171,14,1
8172,24,1
8172,27,2
8173,3,3
8174,24,2
8175,16,2
8175,21,3
8175,30,3
8175,6,3
8176,14,2
8177,34,3
8177,35,2
8178,30,3
8179,14,2
8179,16,2
8179,23,1
8179,3,1
8180,37,3
8181,29,3
8181,26,2
8181,19,3
8181,22,3
8182,15,1
8183,23,2
8183,6,2
8183,18,3
8184,18,3
8184,27,3
8184,4,3
8184,17,1
8185,14,1
8185,5,1
8185,22,1
8186,24,1
8187,37,3
8188,25,2
8188,0,1
8189,28,1
8190,37,1
8190,27,2
8190,26,3
8191,5,3
8191,14,2
8192,32,2
8192,7,1
8193,4,1
8193,16,2
8194,30,3
8194,23,2
8194,36,1
8194,8,2
8195,37,1
8195,9,1
8195,11,2
8196,28,2
8196,8,3
8196,38,1
8197,2,1
8198,10,2
8199,7,2
8200,19,3
8200,1,2
8200,29,1
8201,23,2
8201,32,1
8201,2,1
8202,20,3
8202,8,1
8203,18,1
8203,25,3
8203,34,2
8203,35,2
8204,33,2
8204,6,3
8205,13,1
8205,8,1
8205,5,3
8205,24,3
8206,2,2
8207,37,1
8207,27,1
8207,20,1
8208,24,3
8209,2,2
8209,18,3
8209,34,2
8210,26,2
8210,8,3
8210,30,1
8210,6,1
8211,33,3
8211,22,2
8211,20,3
8212,1,1
8212,11,1
8212,23,3
8212,13,3
8213,30,1
8213,26,3
8213,24,1
8214,15,1
8214,7,3
8215,34,1
8215,23,3
8215,25,2
8215,17,3
8216,28,3
8217,13,3
8217,8,2
8217,36,1
8217,19,1
8218,6,1
8218,7,3
8219,13,2
8219,10,2
8219,0,1
8220,38,1
8220,10,1
8220,25,2
8220,13,1
8221,21,3
8221,38,3
8221,32,1
8221,15,1
8222,22,2
8222,5,1
8222,31,1
8222,1,1
8223,29,1
8223,28,1
8223,33,2
8223,31,1
8224,30,1
8224,18,2
8224,9,1
8225,38,1
8225,34,2
8225,36,3
8226,28,3
8226,36,1
8226,32,3
8226,4,3
8227,18,3
8228,10,1
8228,9,2
8228,24,3
8229,23,1
8230,1,3
8230,21,2
8230,28,3
8230,38,1
8231,11,3
8231,34,1
8232,26,3
8233,35,2
8234,34,2
8234,37,2
8235,37,2
8235,26,2
8235,11,2
8235,9,1
8236,7,2
8236,29,1
8236,21,1
8237,16,1
8237,34,2
8238,2,1
8238,22,3
8239,23,1
8239,37,2
8239,2,1
8239,26,2
8240,4,3
8240,7,2
8240,27,3
8240,18,3
8241,32,3
8241,26,2
8242,35,1
8242,19,3
8242,22,3
8243,24,1
8243,32,2
8244,36,3
8244,4,1
8244,27,2
8244,38,2
8245,14,3
8245,22,3
8245,23,3
8246,34,2
8246,28,2
8246,17,1
8246,32,3
8247,16,3
8247,1,3
8248,20,2
8248,14,1
8248,10,1
8248,19,3
8249,26,2
8249,30,3
8249,28,1
8249,23,1
8250,36,3
8250,31,2
8250,22,1
8251,36,1
8252,35,2
8253,38,1
8254,32,2
8254,27,2
8254,18,3
8255,12,1
8255,8,3
8255,16,3
8256,4,1
8256,15,2
8256,3,1
8256,1,2
8257,16,1
8257,35,3
8257,5,3
8258,34,1
8258,0,1
8258,36,3
8259,10,2
8259,0,1
8259,13,1
8260,7,3
8260,36,3
8260,37,3
8261,37,2
8261,38,3
8262,33,2
8262,2,1
8263,15,2
8263,14,1
8263,4,3
8263,27,2
8264,15,2
8265,33,1
8265,6,2
8266,19,2
8266,11,2
8266,20,1
8267,28,2
8267,13,2
8268,1,3
8268,34,1
8268,26,3
8269,12,1
8269,3,3
8270,3,1
8270,28,2
8271,35,2
8271,27,3
8271,22,2
8271,6,2
8272,10,1
8273,12,2
8274,23,1
8274,21,2
8274,12,1
8274,36,1
8275,36,2
8276,20,3
8277,18,2
8277,1,3
8277,16,3
8278,9,2
8279,28,2
8279,24,3
8279,21,1
8279,6,2
8280,20,3
8280,18,3
8280,25,2
8280,33,1
8281,19,2
8281,25,3
8281,34,1
8282,9,2
8283,26,2
8283,15,3
8283,9,2
8284,8,2
8284,17,3
8285,21,1
8285,1,1
8285,17,3
8285,32,2
8286,35,3
8286,28,2
8286,37,3
8286,5,1
8287,25,1
8288,29,3
8289,25,1
8289,17,2
8290,3,2
8290,7,1
8291,5,3
8292,17,1
8292,26,3
8292,4,3
8293,4,1
8294,9,3
8294,16,3
8295,2,3
8295,12,2
8296,32,3
8297,16,3
8298,23,3
8299,24,1
8299,21,2
8299,29,1
8299,37,1
8300,27,2
8300,23,1
8300,16,1
8300,1,2
8301,33,3
8302,17,2
8303,36,3
8304,15,2
8304,20,2
8304,19,1
8304,32,2
8305,0,1
8305,5,3
8305,9,1
8305,19,1
8306,17,1
8307,20,3
8307,4,2
8308,5,2
8309,13,1
8309,9,1
8309,5,2
8309,29,1
8310,17,1
8310,15,1
8310,27,3
8311,25,3
8311,33,1
8311,22,3
8311,27,3
8312,34,3
8312,2,1
8312,6,1
8313,17,2
8313,38,3
8313,34,3
8313,19,3
8314,4,3
8314,28,2
8314,16,2
8315,34,3
8315,22,3
8315,23,2
8315,0,1
8316,0,3
8316,19,3
8316,6,3
8317,12,3
8318,35,2
8318,33,3
8318,20,2
8319,15,2
8319,21,3
8319,9,3
8320,18,3
8320,24,1
8320,26,1
8321,33,1
8321,28,2
8321,1,2
8321,0,2
8322,1,1
8323,8,3
8323,17,1
8323,10,1
8323,30,2
8324,17,1
8324,13,3
8325,6,2
8325,37,1
8326,9,3
8326,25,1
8326,31,1
8326,28,3
8327,31,2
8328,35,1
8329,5,3
8329,29,2
8329,4,2
8329,14,1
8330,3,2
8331,10,3
8331,21,3
8331,15,1
8332,20,3
8333,22,3
8333,38,2
8334,0,2
8335,4,1
8336,10,1
8336,24,2
8336,7,3
8337,38,3
8338,31,3
8338,0,2
8339,18,3
8339,24,1
8339,14,2
8340,23,3
8340,10,2
8341,12,3
8341,20,2
8341,33,3
8341,19,2
8342,20,2
8343,15,2
8343,1,3
8343,11,1
8343,9,3
8344,25,3
8344,14,1
8344,4,3
8344,0,2
8345,36,3
8346,28,1
8347,20,2
8347,24,1
8347,0,2
8348,17,2
8348,4,2
8348,21,1
8348,3,1
8349,18,2
8349,36,3
8349,28,1
8350,36,2
8350,9,2
8350,12,2
8351,14,1
8352,30,3
8352,27,2
8353,29,3
8353,8,3
8354,13,1
8354,12,1
8354,2,2
8354,38,2
8355,13,2
8355,3,3
8356,3,1
8356,12,1
8357,28,2
8358,35,3
8358,23,1
8359,6,3
8359,4,3
8359,10,2
8360,30,1
8360,19,1
8360,34,3
8360,12,1
8361,35,3
8361,37,2
8361,36,1
8362,25,2
8362,14,3
8362,36,3
8362,8,2
8363,25,1
8364,17,3
8364,11,2
8364,7,2
8364,4,1
8365,23,2
8366,5,2
8366,17,3
8366,23,1
8366,26,1
8367,32,3
8368,0,3
8369,8,2
8369,33,3
8370,15,2
8371,3,3
8371,19,1
8371,4,1
8372,16,1
8372,29,3
8372,1,1
8372,33,3
8373,19,1
8373,38,2
8373,8,1
8373,26,2
8374,12,2
8374,19,1
8374,37,1
8374,25,1
8375,2,1
8376,31,2
8376,35,3
8376,32,3
8377,18,3
8377,27,2
8377,2,3
8377,5,3
8378,36,3
8379,36,1
8379,8,3
8379,11,2
8380,38,2
8380,6,2
8380,4,1
8380,30,3
8381,4,3
8381,22,1
8381,35,3
8381,11,3
8382,35,2
8383,22,3
8383,1,3
8383,35,2
8383,16,1
8384,26,2
8384,7,1
8384,18,3
8385,24,3
8386,32,3
8386,31,3
8387,9,1
8387,28,3
8387,6,3
8387,14,2
8388,30,2
8389,6,1
8389,7,1
8389,0,3
8389,10,1
8390,28,2
8390,2,2
8390,6,3
8390,21,3
8391,15,1
8392,2,1
8393,38,2
8393,18,1
8393,34,3
8393,3,3
8394,9,2
8394,31,2
8395,32,2
8395,18,1
8395,14,3
8396,5,1
8397,31,1
8398,3,3
8399,17,2
8399,2,3
8400,17,3
8400,0,2
8400,9,2
8401,10,3
8401,37,2
8401,12,1
8401,35,2
8402,7,3
8402,17,3
8403,34,2
8404,6,2
8404,1,2
8405,29,2
8405,28,2
8405,7,2
8406,0,2
8406,2,2
8406,12,1
8406,1,2
8407,0,1
8408,0,2
8408,19,3
8408,7,2
8409,16,1
8409,3,3
8409,21,3
8409,35,3
8410,10,2
8410,6,3
8411,18,1
8412,19,3
8413,20,2
8414,29,3
8414,30,2
8414,2,3
8414,9,3
8415,11,3
8416,16,1
8416,6,2
8416,24,2
8416,38,1
8417,23,2
8417,1,3
8417,20,3
8418,10,1
8419,26,3
8419,33,3
8419,34,2
8419,17,2
8420,23,2
8420,25,2
8421,17,1
8422,16,1
8422,24,3
8423,10,2
8423,35,1
8424,0,2
8425,21,2
8426,1,3
8426,2,3
8426,33,2
8426,18,1
8427,33,3
8427,17,3
8427,20,1
8428,8,3
8428,31,2
8429,1,1
8429,12,1
8429,5,2
8430,13,2
8431,11,3
8431,2,3
8432,20,1
8432,37,2
8432,17,3
8433,12,1
8434,30,2
8434,35,2
8434,28,1
8434,21,1
8435,24,1
8435,36,3
8435,15,1
8435,9,2
8436,10,3
8436,9,1
8436,12,1
8437,25,1
8437,14,3
8438,3,2
8438,35,2
8438,1,1
8438,5,3
8439,10,2
8439,32,3
8439,31,3
8439,21,1
8440,13,2
8440,28,2
8440,20,3
8440,2,1
8441,20,2
8441,13,3
8441,14,1
8442,38,2
8442,32,1
8442,24,1
8443,38,3
8443,33,3
8444,16,3
8444,26,1
8444,27,3
8444,24,1
8445,5,3
8446,31,1
8447,28,3
8447,20,2
8448,19,3
8448,31,3
8449,2,3
8450,28,3
8450,5,2
8450,35,3
8451,7,2
8451,16,2
8451,33,2
8452,3,3
8452,23,3
8452,37,1
8452,30,3
8453,14,3
8453,19,2
8454,31,2
8454,38,2
8454,0,1
8455,3,2
8455,27,2
8455,0,3
8455,6,2
8456,25,3
8456,5,2
8457,1,3
8457,5,2
8458,14,1
8458,28,2
8458,6,3
8458,29,3
8459,4,1
8459,19,1
8459,32,1
8459,27,2
8460,3,2
8460,23,1
8460,25,1
8461,28,2
8461,18,2
8462,10,1
8462,31,2
8462,35,2
8463,28,2
8464,15,3
8464,1,1
8465,17,2
8465,34,1
8465,31,1
8466,29,3
8466,5,2
8466,18,1
8467,28,2
8468,2,2
8468,21,1
8468,17,2
8469,36,1
8470,8,3
8471,31,1
8471,28,1
8471,14,1
8471,27,2
8472,9,1
8472,14,1
8472,7,1
8472,31,2
8473,33,3
8473,14,1
8473,32,1
8474,9,1
8474,11,2
8475,21,2
8475,32,3
8476,28,1
8477,35,3
8477,7,2
8478,29,3
8478,9,1
8479,13,1
8479,24,3
8480,0,2
8480,25,3
8480,30,1
8481,36,1
8481,8,3
8481,11,1
8482,13,3
8483,9,2
8483,22,1
8483,17,2
8483,8,3
8484,30,1
8484,38,3
8484,27,2
8484,3,1
8485,14,1
8485,27,3
8486,33,3
8486,15,1
8487,17,3
8487,11,2
8488,31,2
8488,12,1
8489,17,2
8489,12,1
8489,21,3
8489,7,2
8490,15,1
8490,20,1
8490,27,3
8490,16,1
8491,1,3
8491,7,2
8492,25,2
8493,1,3
8493,35,3
8494,8,1
8494,15,1
8494,9,1
8495,27,3
8496,24,1
8497,27,2
8497,4,1
8498,31,2
8498,36,3
8498,1,3
8499,3,1
8499,13,1
8499,1,3
8500,17,3
8500,4,1
8500,32,3
8500,0,1
8501,0,1
8501,8,2
8501,32,3
8501,24,2
8502,13,2
8502,18,2
8502,3,3
8503,25,2
8503,33,2
8504,26,2
8504,20,1
8504,38,1
8504,16,3
8505,23,2
8505,12,3
8505,17,1
8505,21,2
8506,13,1
8506,9,3
8506,35,2
8507,27,2
8507,6,2
8507,36,1
8507,10,3
8508,12,2
8508,7,1
8508,37,1
8508,23,3
8509,25,1
8510,14,3
8510,21,1
8510,33,1
8510,36,3
8511,10,1
8511,33,2
8512,27,2
8513,32,2
8513,26,3
8514,18,2
8514,35,2
8514,38,3
8515,27,3
8515,26,3
8515,6,2
8515,7,2
8516,35,1
8516,22,1
8517,34,3
8518,9,1
8518,22,2
8518,12,1
8518,34,1
8519,30,1
8519,5,2
8519,0,2
8520,3,1
8520,38,1
8520,2,3
8520,15,2
8521,14,1
8521,38,2
8521,34,2
8521,9,1
8522,25,3
8523,25,2
8523,28,1
8524,12,2
8524,21,3
8524,37,3
8525,32,2
8525,13,3
8525,34,1
8525,10,1
8526,16,1
8526,11,2
8526,23,3
8526,21,1
8527,5,2
8527,3,1
8527,14,3
8528,7,2
8528,35,3
8528,28,2
8529,8,3
8530,23,3
8530,5,2
8530,27,2
8530,35,3
8531,37,2
8531,33,1
8531,22,2
8531,2,3
8532,30,3
8532,8,3
8532,22,2
8532,24,1
8533,28,1
8533,4,3
8533,9,1
8533,11,2
8534,29,2
8534,36,3
8534,22,3
8535,37,3
8535,4,2
8535,28,2
8536,35,2
8536,8,1
8536,3,2
8536,10,3
8537,7,3
8538,16,2
8538,37,3
8539,7,2
8539,17,1
8540,8,3
8541,11,3
8541,24,1
8541,31,3
8542,23,3
8543,16,2
8543,0,1
8543,3,1
8544,14,2
8544,26,3
8544,29,2
8545,21,3
8546,30,1
8547,5,3
8548,20,3
8548,35,3
8548,7,1
8549,34,1
8550,18,3
8550,12,2
8551,3,1
8551,19,1
8551,20,2
8551,33,2
8552,27,2
8552,33,3
8552,32,2
8553,33,2
8553,5,1
8553,28,2
8553,31,3
8554,5,2
8554,4,3
8554,31,3
8554,8,2
8555,37,2
8556,12,3
8556,26,3
8556,35,3
8557,20,1
8557,7,1
8557,9,3
8557,8,1
8558,32,1
8558,18,3
8558,8,2
8558,22,3
8559,3,2
8560,26,2
8561,16,3
8561,31,1
8562,3,2
8563,18,1
8564,14,1
8564,37,3
8564,15,3
8564,18,2
8565,20,3
8565,6,3
8566,13,3
8566,28,1
8567,38,2
8568,32,3
8568,29,3
8569,0,2
8569,30,1
8570,9,3
8571,17,3
8571,34,2
8572,36,1
8572,19,2
8573,7,2
8573,17,3
8573,15,2
8573,28,1
8574,27,1
8575,6,2
8575,33,1
8575,0,2
8576,36,3
8577,35,3
8578,15,1
8578,23,1
8579,12,3
8579,38,3
8579,23,3
8579,18,2
8580,9,3
8580,2,1
8580,10,1
8580,19,1
8581,6,2
8581,5,2
8581,19,3
8582,9,3
8582,33,3
8582,22,2
8583,26,1
8583,36,2
8583,15,1
8583,29,1
8584,23,1
8584,32,2
8585,23,3
8586,3,3
8587,11,1
8587,21,1
8588,4,3
8588,32,2
8589,10,2
8589,38,2
8589,33,2
8590,26,3
8590,17,3
8590,23,2
8590,6,1
8591,24,2
8591,11,2
8592,3,2
8592,23,3
8592,28,2
8593,30,2
8594,16,2
8594,34,1
8594,29,1
8595,37,3
8596,5,1
8596,3,1
8596,1,1
8597,30,2
8597,17,2
8597,25,1
8598,0,1
8599,22,2
8600,17,1
8601,16,1
8601,15,3
8602,7,3
8602,6,1
8602,19,1
8602,1,2
8603,37,3
8604,32,3
8605,24,1
8605,1,2
8606,7,3
8606,21,2
8606,35,3
8607,16,3
8607,17,2
8608,27,1
8608,18,1
8609,30,3
8609,17,3
8609,36,1
8609,38,3
8610,4,3
8610,36,1
8610,14,2
8610,9,3
8611,23,2
8611,1,1
8611,12,3
8611,22,1
8612,8,2
8613,7,2
8613,36,2
8614,18,2
8614,31,2
8615,8,3
8616,25,3
8616,27,3
8616,3,1
8617,26,1
8617,18,2
8617,29,3
8618,4,1
8619,28,3
8620,25,3
8621,24,3
8622,31,2
8622,19,2
8622,10,1
8622,7,3
8623,29,2
8623,5,3
8623,22,3
8624,37,1
8624,1,3
8624,35,2
8625,35,1
8625,27,1
8625,32,3
8625,28,2
8626,21,3
8626,20,3
8627,2,1
8627,33,2
8628,36,2
8628,33,1
8628,24,1
8629,4,2
8629,5,2
8629,25,1
8629,37,3
8630,28,1
8631,1,1
8631,22,2
8632,22,2
8632,5,2
8632,6,1
8633,7,3
8633,16,1
8633,37,3
8633,8,3
8634,20,2
8634,10,2
8635,31,3
8635,7,3
8636,33,3
8636,0,2
8636,1,2
8636,6,3
8637,4,2
8638,7,2
8638,29,1
8638,18,2
8639,9,1
8640,13,2
8640,21,1
8640,10,3
8641,37,2
8642,19,1
8642,13,3
8642,8,3
8642,30,3
8643,21,2
8643,33,2
8644,28,1
8645,8,2
8645,19,3
8646,7,1
8647,9,2
8647,14,3
8647,1,2
8648,30,2
8649,17,1
8649,11,1
8650,34,1
8650,5,3
8650,17,2
8650,25,2
8651,37,1
8651,27,3
8652,5,3
8653,34,1
8653,9,1
8653,18,1
8654,20,2
8654,4,3
8654,15,2
8654,16,1
8655,1,3
8655,10,3
8656,22,2
8656,16,3
8656,14,2
8656,5,3
8657,22,2
8657,31,3
8657,28,3
8657,12,2
8658,14,3
8659,12,1
8659,37,2
8659,15,2
8659,8,1
8660,8,1
8660,11,3
8661,4,3
8661,7,2
8661,1,1
8662,15,3
8662,1,1
8662,11,3
8663,11,2
8664,29,3
8665,5,3
8665,24,2
8665,6,2
8666,5,2
8666,18,1
8667,36,3
8667,16,1
8667,26,1
8668,36,2
8668,18,1
8668,11,1
8669,38,1
8669,7,3
8670,15,1
8670,12,2
8671,18,1
8671,27,1
8671,1,3
8672,7,2
8673,19,3
8673,38,1
8673,18,1
8673,29,2
8674,21,1
8674,23,2
8674,15,1
8674,3,2
8675,33,3
8675,32,3
8675,29,3
8676,26,2
8676,37,2
8677,11,3
8677,9,1
8678,22,3
8678,21,1
8678,13,3
8679,23,3
8679,15,2
8679,36,2
8680,2,3
8680,12,1
8681,19,3
8681,23,1
8681,4,3
8681,32,1
8682,25,2
8682,29,2
8682,28,2
8682,35,1
8683,17,3
8683,11,2
8683,19,1
8683,2,3
8684,12,2
8685,1,1
8686,35,1
8686,15,1
8686,10,3
8686,0,1
8687,5,1
8688,33,3
8688,9,2
8688,11,2
8689,9,1
8689,13,2
8690,8,2
8691,5,3
8691,25,1
8691,18,1
8691,26,3
8692,7,2
8692,38,2
8692,1,3
8692,26,3
8693,12,2
8693,18,1
8694,15,2
8695,19,3
8695,13,1
8695,7,2
8696,12,2
8696,13,1
8696,27,2
8696,30,2
8697,29,2
8697,26,2
8697,30,1
8697,13,3
8698,10,2
8699,33,2
8699,25,1
8699,31,1
8699,15,3
8700,32,3
8700,34,1
8701,32,3
8702,5,1
8702,4,2
8702,15,1
8703,11,2
8703,36,2
8703,17,1
8704,36,1
8704,31,3
8705,37,2
8705,15,2
8705,16,1
8705,31,2
8706,14,1
8706,9,3
8706,26,3
8707,24,1
8708,18,2
8708,1,2
8708,36,1
8708,24,3
8709,36,2
8709,1,1
8709,15,1
8709,33,2
8710,15,3
8710,9,1
8710,28,3
8710,25,3
8711,33,1
8711,27,2
8711,10,2
8712,24,3
8712,0,1
8713,20,3
8713,10,3
8714,0,3
8714,26,2
8715,26,2
8715,33,2
8715,5,3
8715,20,2
8716,18,3
8716,8,2
8716,30,2
8716,14,3
8717,22,2
8717,38,1
8717,20,3
8717,31,2
8718,21,2
8718,10,2
8719,8,1
8719,29,1
8719,9,2
8720,17,2
8721,18,1
8721,24,2
8721,10,3
8721,35,3
8722,11,1
8722,20,1
8723,27,3
8723,25,3
8723,24,3
8724,21,3
8724,36,2
8725,9,1
8725,21,3
8725,1,1
8725,5,3
8726,1,1
8726,30,2
8727,0,1
8727,32,1
8727,11,3
8728,20,1
8728,2,1
8728,19,2
8729,6,2
8729,34,1
8729,21,1
8729,4,3
8730,11,2
8730,23,2
8730,25,2
8731,7,2
8731,10,3
8731,29,1
8731,34,1
8732,16,2
8732,23,1
8732,34,3
8733,13,2
8733,30,1
8733,31,3
8734,24,1
8734,3,3
8734,32,2
8734,5,2
8735,3,3
8735,12,2
8736,28,1
8736,3,3
8736,0,1
8737,3,3
8738,31,2
8738,30,2
8738,33,2
8739,34,2
8739,8,3
8740,10,3
8740,30,3
8740,4,2
8741,3,2
8741,29,1
8742,33,2
8743,35,1
8744,34,1
8744,4,2
8744,32,3
8744,2,3
8745,38,1
8746,26,1
8746,15,1
8746,24,1
8746,10,1
8747,26,1
8747,23,3
8747,29,1
8748,32,3
8748,3,3
8749,1,2
8749,29,3
8749,10,2
8749,8,3
8750,36,3
8750,14,3
8751,31,2
8752,7,1
8752,21,1
8752,19,3
8753,36,2
8753,29,2
8753,5,1
8754,8,2
8754,21,1
8755,35,3
8755,30,2
8756,21,1
8756,34,1
8756,28,3
8756,20,2
8757,35,2
8757,22,1
8757,28,2
8757,15,2
8758,26,2
8758,28,1
8758,31,2
8759,9,1
8759,13,2
8760,32,2
8760,15,2
8760,4,2
8761,37,1
8761,19,1
8762,37,3
8762,29,1
8762,18,2
8762,30,1
8763,0,1
8764,21,1
8764,1,3
8764,13,1
8765,12,2
8765,5,1
8765,37,3
8766,26,3
8766,14,1
8766,33,2
8767,5,1
8767,1,1
8768,37,2
8768,19,2
8769,29,1
8769,18,3
8769,15,2
8769,11,3
8770,28,2
8770,37,1
8770,33,3
8771,5,1
8771,0,2
8771,9,3
8771,22,2
8772,26,2
8772,15,3
8772,6,1
8773,21,2
8773,5,2
8773,8,3
8773,11,2
8774,18,3
8775,22,2
8775,10,3
8775,18,2
8776,4,3
8777,9,2
8777,3,1
8777,6,1
8777,22,2
8778,36,1
8778,32,3
8779,12,2
8780,25,1
8780,38,2
8780,22,3
8781,8,3
8781,22,2
8781,3,3
8781,2,2
8782,0,1
8782,36,3
8782,28,2
8782,9,3
8783,2,2
8784,20,3
8784,12,3
8784,5,2
8784,28,1
8785,28,2
8785,24,2
8785,25,2
8786,8,3
8787,5,3
8787,38,1
8788,24,1
8788,38,2
8788,34,2
8788,23,3
8789,8,2
8789,17,3
8789,21,1
8790,38,2
8790,20,1
8791,12,1
8791,33,3
8792,14,3
8792,24,2
8793,37,1
8793,21,2
8793,38,1
8794,31,1
8794,38,3
8794,20,2
8794,33,1
8795,9,2
8795,1,1
8795,28,1
8796,5,2
8797,38,3
8798,16,1
8798,32,2
8798,6,1
8799,32,1
8799,36,1
8799,5,2
8799,24,2
8800,15,3
8800,3,1
8800,22,3
8801,33,3
8801,14,3
8801,32,3
8801,38,3
8802,31,3
8802,17,1
8802,4,1
8802,5,3
8803,7,1
8804,12,3
8805,24,3
8805,21,2
8805,23,2
8806,10,3
8806,8,2
8807,22,3
8807,23,2
8807,31,1
8808,18,3
8808,23,2
8809,0,3
8809,21,3
8809,14,2
8809,29,3
8810,33,3
8810,9,3
8810,24,1
8810,18,1
8811,22,2
8812,22,3
8813,19,3
8814,26,3
8814,18,3
8814,23,3
8815,1,1
8816,37,3
8816,19,3
8816,2,3
8816,4,3
8817,24,1
8817,32,1
8817,7,1
8818,30,2
8818,3,3
8818,33,3
8818,36,1
8819,7,2
8819,18,2
8819,28,1
8819,33,2
8820,19,1
8821,4,2
8821,19,3
8822,32,1
8822,3,3
8822,19,1
8822,20,2
8823,4,1
8823,23,3
8823,7,3
8824,19,3
8824,5,2
8824,25,3
8825,14,1
8825,30,2
8825,26,3
8825,11,1
8826,2,3
8826,16,1
8826,4,1
8826,34,1
8827,1,2
8827,19,2
8827,38,1
8827,37,1
8828,26,1
8829,12,3
8829,13,1
8829,25,1
8829,30,1
8830,18,2
8830,22,1
8831,36,3
8832,7,1
8833,20,3
8833,24,2
8833,6,1
8834,34,1
8834,36,3
8834,32,1
8834,28,2
8835,9,1
8836,29,3
8836,3,3
8837,5,2
8837,29,3
8837,2,3
8837,33,1
8838,13,2
8838,32,3
8839,35,1
8839,10,2
8839,11,3
8840,14,3
8841,22,1
8841,26,3
8841,15,2
8842,7,3
8842,14,1
8843,28,1
8843,19,3
8843,25,2
8843,3,2
8844,22,3
8844,16,3
8844,6,1
8845,35,3
8846,9,1
8847,9,2
8847,28,1
8848,38,3
8848,10,2
8848,14,2
8849,23,2
8850,21,1
8851,16,2
8852,0,2
8852,26,3
8852,17,3
8852,3,2
8853,9,3
8853,27,3
8853,11,2
8854,17,3
8854,30,1
8854,27,1
8855,23,2
8855,15,3
8855,19,2
8855,35,3
8856,37,2
8857,1,1
8857,36,3
8857,19,2
8857,9,2
8858,26,3
8858,25,1
8858,33,1
8858,12,1
8859,13,3
8859,23,3
8859,33,1
8860,15,3
8860,2,2
8860,33,2
8860,25,3
8861,11,2
8862,34,1
8862,22,2
8863,22,1
8863,33,3
8864,32,1
8864,29,2
8864,14,1
8865,4,2
8865,37,2
8866,37,2
8866,21,1
8866,3,1
8866,30,3
8867,29,3
8867,27,1
8867,28,1
8868,22,2
8869,33,2
8869,11,2
8870,34,3
8870,25,1
8870,1,2
8870,10,2
8871,6,2
8871,5,1
8872,28,1
8872,3,1
8872,34,1
8872,29,2
8873,1,2
8873,15,3
8873,12,1
8873,33,2
8874,24,2
8874,37,1
8875,28,1
8876,33,3
8876,2,1
8876,24,1
8877,27,1
8877,9,1
8878,12,3
8878,37,1
8878,38,2
8878,30,3
8879,11,1
8879,27,3
8879,18,3
8880,15,1
8881,3,1
8881,7,1
8882,7,3
8882,24,2
8882,22,1
8883,13,3
8884,31,2
8884,28,3
8884,17,3
8885,12,2
8886,38,1
8886,21,2
8886,29,2
8886,20,1
8887,8,2
8887,37,3
8887,34,3
8888,16,1
8888,4,1
8888,38,3
8889,11,1
8889,32,1
8889,1,1
8890,27,2
8890,36,2
8891,34,3
8892,14,1
8892,16,1
8892,11,3
8893,34,1
8893,27,2
8894,14,2
8895,0,1
8895,32,3
8895,18,3
8896,32,2
8896,10,1
8896,13,2
8897,27,2
8898,36,2
8898,15,1
8898,38,3
8898,27,2
8899,11,3
8899,23,2
8899,33,3
8899,6,1
8900,32,3
8900,2,2
8900,1,1
8900,26,1
8901,18,3
8902,6,1
8903,35,3
8903,36,1
8904,10,3
8904,5,1
8904,6,1
8904,14,2
8905,5,2
8905,7,2
8905,34,3
8906,9,3
8906,16,3
8906,38,2
8906,7,3
8907,20,2
8907,2,2
8907,6,1
8908,17,2
8908,0,3
8908,7,1
8908,29,1
8909,28,1
8909,17,3
8910,9,2
8910,36,3
8911,8,1
8912,29,1
8912,2,2
8912,13,2
8913,7,3
8913,33,3
8913,23,1
8914,28,1
8915,27,2
8916,16,2
8916,12,3
8917,1,2
8918,36,2
8918,25,1
8918,33,1
8919,20,3
8919,8,2
8919,9,2
8920,6,1
8920,1,3
8921,32,3
8922,28,3
8922,10,3
8923,10,2
8923,23,1
8924,36,3
8924,12,1
8924,23,1
8924,1,1
8925,6,1
8925,13,2
8925,23,3
8925,14,1
8926,33,1
8926,29,2
8927,24,1
8927,36,1
8927,9,3
8928,25,1
8929,10,2
8929,32,2
8929,0,3
8929,37,2
8930,7,2
8930,27,2
8930,19,1
8930,37,3
8931,23,3
8931,37,3
8931,27,1
8932,9,2
8932,20,1
8932,8,1
8932,29,3
8933,5,2
8933,33,3
8933,18,2
8933,8,1
8934,35,3
8934,12,3
8934,19,1
8934,33,1
8935,20,2
8935,21,1
8936,21,3
8936,25,3
8936,22,1
8937,2,2
8937,36,2
8937,18,2
8938,21,2
8939,24,3
8940,38,3
8940,37,1
8940,28,1
8940,15,3
8941,37,2
8941,9,1
8942,12,1
8942,20,2
8943,33,3
8944,6,1
8944,26,3
8944,24,2
8945,36,1
8945,26,2
8945,31,3
8946,13,1
8946,1,2
8946,15,1
8946,19,1
8947,31,3
8947,38,1
8947,36,1
8948,27,1
8949,15,2
8949,26,1
8950,37,3
8951,12,1
8951,17,2
8952,4,3
8953,16,2
8953,34,3
8953,32,1
8954,30,1
8954,1,2
8954,12,2
8955,32,2
8955,19,3
8955,2,3
8956,27,2
8956,22,2
8956,25,2
8956,8,1
8957,36,3
8958,16,1
8959,33,1
8959,10,2
8959,32,1
8960,29,3
8960,1,2
8961,24,1
8962,19,2
8962,2,1
8962,37,3
8963,38,1
8964,0,3
8964,26,3
8964,27,2
8965,27,1
8965,23,3
8966,8,3
8966,7,2
8966,19,3
8967,37,3
8967,17,3
8968,4,3
8969,28,1
8969,0,3
8969,16,2
8969,7,3
8970,22,1
8971,19,3
8971,32,2
8971,9,1
8971,8,2
8972,4,2
8972,10,1
8973,27,2
8974,34,2
8974,9,3
8974,18,3
8975,15,1
8976,36,1
8976,4,2
8976,24,1
8977,35,3
8977,34,1
8977,31,2
8977,17,1
8978,4,2
8978,8,1
8979,23,1
8979,34,3
8979,22,2
8979,2,3
8980,16,1
8981,31,2
8982,29,2
8982,2,3
8982,13,3
8982,28,3
8983,31,3
8983,12,2
8983,30,2
8984,31,1
8984,17,3
8985,36,3
8986,28,2
8986,30,3
8986,9,3
8986,36,2
8987,9,1
8987,3,1
8988,14,1
8988,11,2
8988,20,2
8989,28,1
8989,8,3
8989,14,2
8989,20,2
8990,4,2
8990,12,1
8990,30,2
8990,25,1
8991,29,1
8992,34,3
8992,25,2
8992,14,3
8993,4,3
8994,27,3
8995,5,2
8995,17,3
8995,20,2
8995,8,3
8996,15,2
8996,19,2
8997,1,2
8997,26,3
8998,9,3
8998,13,1
8999,17,2
8999,16,2
8999,21,2
8999,14,3
9000,12,1
9000,20,2
9000,5,2
9000,16,3
9001,27,2
9002,38,2
9003,5,1
9003,13,2
9003,18,1
9003,3,3
9004,33,1
9004,17,1
9004,7,1
9005,27,1
9006,17,3
9006,23,3
9006,25,1
9007,37,1
9007,2,3
9007,30,2
9007,3,3
9008,36,2
9009,20,3
9010,28,1
9011,12,2
9011,19,3
9011,3,1
9012,29,1
9012,34,3
9013,25,3
9013,27,3
9013,0,1
9014,1,2
9014,14,2
9014,3,2
9014,20,1
9015,24,3
9015,27,3
9015,22,1
9016,37,3
9016,27,3
9016,21,1
9017,2,2
9017,37,3
9018,35,2
9019,9,3
9020,34,2
9020,0,2
9021,6,3
9021,38,1
9021,15,1
9021,13,3
9022,11,2
9022,28,1
9023,18,3
9023,32,3
9023,17,2
9024,18,3
9024,0,1
9024,3,2
9024,32,2
9025,32,3
9025,34,2
9026,25,3
9026,22,2
9026,21,3
9026,13,3
9027,7,2
9027,25,1
9027,34,3
9027,33,3
9028,30,2
9028,36,2
9029,27,1
9030,32,2
9030,33,2
9031,5,1
9031,10,2
9031,19,2
9032,9,2
9032,16,2
9033,31,2
9033,7,3
9034,19,2
9035,32,1
9035,13,1
9035,28,2
9036,20,2
9036,34,1
9037,20,2
9037,14,1
9038,6,3
9039,26,2
9039,23,3
9039,38,2
9040,15,1
9041,13,1
9041,34,2
9041,26,1
9041,11,2
9042,32,1
9043,2,3
9043,31,2
9043,36,2
9044,37,2
9044,29,1
9044,20,1
9044,21,1
9045,7,2
9045,5,3
9046,29,1
9047,32,1
9047,26,1
9048,25,1
9049,19,3
9049,35,1
9049,21,1
9050,7,2
9051,8,3
9052,31,2
9052,18,2
9052,23,1
9052,21,3
9053,1,3
9053,36,3
9054,22,1
9054,34,1
9054,7,1
9055,33,1
9055,9,3
9055,8,3
9055,34,3
9056,9,2
9056,6,2
9056,22,3
9057,32,2
9058,28,3
9059,4,1
9059,33,2
9060,34,3
9060,31,1
9060,13,3
9060,19,3
9061,27,3
9061,16,2
9061,29,2
9061,4,1
9062,29,2
9062,3,1
9062,35,2
9062,22,3
9063,37,1
9063,13,2
9063,27,2
9063,3,3
9064,33,3
9064,38,3
9064,37,1
9064,24,2
9065,9,1
9065,36,3
9065,27,2
9065,17,1
9066,28,1
9066,6,3
9066,12,2
9066,35,2
9067,13,2
9067,26,3
9067,15,1
9068,32,2
9068,16,3
9069,4,2
9069,20,1
9070,12,1
9070,1,1
9070,5,2
9071,13,2
9071,38,3
9071,8,2
9072,36,1
9072,4,3
9073,22,2
9074,30,1
9074,24,1
9075,13,1
9076,35,1
9076,33,1
9076,6,2
9076,37,3
9077,19,3
9077,31,2
9077,1,3
9078,15,2
9079,1,1
9079,32,3
9079,0,1
9080,38,3
9080,29,3
9080,16,1
9081,6,3
9081,31,3
9082,20,2
9082,14,1
9083,13,1
9083,15,1
9084,6,2
9085,23,3
9085,26,2
9085,13,3
9085,38,3
9086,2,1
9086,38,2
9086,10,2
9087,12,3
9088,31,3
9088,14,3
9088,12,1
9089,38,1
9090,20,3
9090,6,1
9091,12,3
9091,1,3
9091,15,3
9092,13,2
9092,23,3
9093,27,3
9093,38,2
9094,38,1
9094,11,3
9094,20,1
9094,1,2
9095,9,3
9096,2,2
9097,18,1
9098,11,3
9098,28,1
9098,22,2
9099,35,2
9099,7,2
9099,28,1
9099,34,2
9100,26,1
9100,1,2
9101,16,2
9102,34,2
9102,29,2
9102,13,3
9102,25,2
9103,18,2
9103,29,3
9104,2,2
9104,22,2
9104,5,3
9104,38,1
9105,25,3
9105,35,3
9106,1,3
9106,16,1
9107,31,2
9108,13,1
9108,7,3
9108,33,3
9109,32,3
9109,14,2
9110,12,3
9110,18,3
9110,2,1
9111,29,3
9111,31,2
9112,35,2
9113,21,3
9113,17,3
9113,34,1
9113,19,1
9114,1,3
9114,11,1
9115,14,1
9115,28,1
9115,25,3
9115,21,1
9116,5,2
9116,17,3
9116,34,3
9116,31,3
9117,38,3
9117,18,3
9117,6,2
9118,35,3
9119,25,1
9119,22,3
9119,33,2
9119,23,2
9120,2,2
9120,26,3
9120,34,2
9120,19,1
9121,27,1
9121,20,1
9121,38,3
9121,35,1
9122,1,3
9122,27,3
9122,29,3
9123,35,1
9124,10,2
9124,32,3
9124,20,1
9124,22,2
9125,12,1
9125,28,3
9125,34,3
9125,26,1
9126,3,1
9126,16,3
9126,10,3
9126,23,3
9127,22,2
9127,29,2
9127,34,2
9127,16,1
9128,17,3
9128,35,2
9128,12,3
9129,27,2
9130,16,3
9130,14,3
9130,35,3
9131,32,1
9131,38,1
9131,9,1
9132,37,3
9132,31,3
9132,8,1
9132,16,1
9133,17,1
9133,24,1
9133,38,3
9133,12,2
9134,14,1
9134,34,3
9134,4,2
9134,15,2
9135,26,1
9135,19,3
9135,15,3
9136,4,2
9136,28,2
9136,21,3
9137,1,3
9137,23,2
9137,15,3
9137,20,3
9138,35,1
9138,25,3
9138,0,3
9138,2,1
9139,22,2
9140,20,3
9141,4,1
9141,37,1
9142,4,3
9142,0,3
9142,29,2
9143,0,1
9143,1,3
9143,9,3
9144,25,3
9145,1,1
9146,20,3
9146,21,1
9146,36,2
9146,0,3
9147,23,2
9147,22,3
9147,20,1
9148,14,1
9149,22,3
9150,31,2
9150,20,3
9150,12,2
9150,0,2
9151,8,1
9151,32,1
9152,30,2
9152,2,2
9152,0,3
9152,7,1
9153,5,2
9154,19,3
9154,5,2
9155,36,2
9155,6,3
9155,14,1
9155,30,1
9156,24,2
9156,1,2
9156,19,2
9156,12,2
9157,22,2
9158,29,1
9158,0,1
9159,6,3
9159,0,2
9160,31,2
9160,33,2
9160,23,3
9161,20,3
9161,23,3
9161,35,3
9162,2,2
9162,8,3
9162,1,2
9162,5,1
9163,21,3
9164,16,2
9164,15,2
9164,4,3
9164,10,1
9165,25,3
9166,34,2
9166,31,2
9166,20,2
9167,10,3
9168,7,2
9168,6,3
9168,9,1
9168,38,2
9169,38,1
9169,17,1
9169,4,2
9169,2,2
9170,32,3
9170,34,3
9170,7,3
9171,10,2
9172,12,2
9173,37,1
9173,34,1
9173,5,2
9173,36,3
9174,32,2
9174,0,1
9174,16,2
9174,30,1
9175,22,3
9175,3,1
9175,2,3
9175,21,2
9176,13,1
9177,25,1
9177,4,2
9177,2,3
9178,9,1
9178,23,1
9179,27,3
9179,13,1
9180,7,1
9180,15,3
9180,13,3
9181,7,2
9181,34,2
9181,31,3
9182,11,2
9182,28,2
9182,37,3
9182,21,2
9183,26,1
9183,31,1
9184,37,3
9184,24,2
9185,3,3
9186,21,2
9186,10,2
9187,4,3
9187,38,3
9187,32,1
9188,21,2
9189,1,2
9189,23,2
9189,22,3
9189,33,3
9190,1,1
9190,14,3
9190,22,2
9191,6,3
9191,18,2
9191,16,1
9192,25,3
9192,13,2
9192,31,2
9192,14,2
9193,6,3
9194,13,3
9194,21,2
9194,31,1
9194,34,1
9195,14,1
9195,5,2
9195,24,2
9195,11,1
9196,25,3
9196,9,2
9196,33,2
9196,34,1
9197,3,1
9197,34,2
9197,29,1
9197,28,3
9198,35,2
9198,13,1
9199,22,3
9199,20,2
9199,6,3
9200,11,3
9200,33,1
9200,26,1
9201,24,2
9201,31,3
9202,19,2
9202,24,1
9202,8,1
9203,1,1
9203,36,3
9203,24,2
9203,14,2
9204,37,2
9204,26,1
9204,19,2
9205,17,3
9205,36,1
9205,35,1
9205,34,2
9206,26,1
9206,2,1
9206,5,1
9206,33,1
9207,15,1
9207,10,1
9207,33,2
9208,16,1
9208,24,2
9209,10,3
9210,17,3
9211,34,2
9211,33,3
9212,12,1
9213,23,3
9213,32,1
9213,4,2
9214,31,1
9214,22,3
9215,31,1
9215,27,1
9215,19,1
9216,31,3
9216,5,2
9216,2,3
9217,27,2
9217,35,2
9217,15,1
9218,37,2
9218,36,1
9218,12,3
9218,10,2
9219,5,1
9219,7,3
9220,36,3
9220,6,2
9220,14,3
9220,5,2
9221,27,2
9221,17,1
9222,29,2
9223,16,3
9223,6,2
9224,15,2
9225,0,3
9225,36,2
9225,2,1
9225,11,2
9226,22,2
9227,22,3
9227,23,2
9227,27,1
9228,10,3
9228,17,3
9228,4,3
9228,23,1
9229,37,2
9229,15,1
9229,9,1
9230,29,3
9230,26,2
9231,8,3
9231,13,2
9231,34,1
9231,4,3
9232,38,3
9233,4,3
9234,4,1
9234,37,3
9234,17,2
9234,12,2
9235,32,2
9235,18,2
9235,4,1
9235,29,1
9236,9,2
9237,31,2
9237,24,2
9237,33,3
9238,21,1
9238,36,3
9239,10,1
9239,29,2
9240,22,2
9241,15,2
9242,34,2
9242,5,2
9242,0,3
9243,0,1
9243,33,1
9243,16,2
9244,9,3
9244,13,1
9245,34,2
9245,10,1
9245,28,1
9246,14,1
9246,24,1
9246,30,3
9247,35,3
9247,38,3
9247,14,1
9248,29,2
9248,16,1
9248,17,1
9249,31,3
9249,38,2
9250,17,2
9250,0,2
9251,5,2
9252,4,2
9252,1,3
9252,20,1
9253,10,1
9254,19,3
9254,4,2
9254,36,1
9254,24,3
9255,1,1
9256,0,1
9256,30,1
9256,33,2
9257,0,3
9257,3,1
9257,25,2
9257,23,3
9258,7,2
9258,11,1
9259,23,3
9259,38,3
9259,27,2
9260,16,2
9260,24,2
9260,31,3
9260,1,2
9261,23,1
9262,12,1
9263,34,2
9263,8,1
9263,33,1
9264,33,1
9264,38,3
9265,4,2
9265,29,2
9265,25,3
9266,11,3
9266,21,2
9266,22,2
9266,4,2
9267,38,2
9267,3,1
9267,27,1
9268,22,2
9268,16,1
9269,22,2
9270,11,1
9270,27,2
9271,12,3
9271,3,3
9272,15,3
9273,35,1
9273,10,3
9273,2,1
9274,7,3
9274,17,1
9274,1,2
9274,2,2
9275,0,2
9275,16,2
9275,21,3
9276,28,2
9276,15,3
9277,24,2
9277,8,3
9277,17,3
9278,13,2
9278,7,3
9278,23,3
9279,15,2
9279,25,1
9279,35,2
9279,20,3
9280,10,1
9280,11,3
9281,21,1
9281,13,3
9281,35,2
9282,5,1
9282,30,1
9282,25,1
9283,14,1
9283,8,1
9283,2,2
9283,37,1
9284,14,3
9285,29,2
9285,34,3
9286,21,2
9287,10,1
9287,17,3
9288,26,1
9288,0,1
9288,18,3
9289,1,3
9290,31,1
9291,15,2
9291,17,1
9291,14,1
9291,5,3
9292,5,1
9292,3,1
9292,37,3
9293,8,1
9293,12,3
9293,23,1
9293,38,3
9294,26,3
9294,10,1
9294,27,1
9294,23,2
9295,28,2
9295,5,3
9295,14,2
9296,32,3
9297,30,3
9298,14,3
9299,14,3
9299,18,3
9300,33,2
9300,18,1
9300,7,3
9301,38,2
9302,19,2
9302,2,1
9302,22,3
9302,1,3
9303,7,3
9303,8,2
9303,18,1
9303,11,3
9304,31,1
9304,18,1
9304,12,3
9304,32,3
9305,13,2
9305,21,2
9306,24,1
9306,37,3
9306,35,3
9307,29,3
9307,34,1
9308,22,2
9308,4,1
9308,1,3
9308,3,2
9309,4,2
9309,36,1
9310,29,1
9310,0,3
9310,8,3
9311,4,3
9311,2,2
9311,12,3
9311,20,1
9312,2,1
9312,20,1
9312,30,3
9312,10,2
9313,12,2
9314,2,1
9314,10,3
9314,29,1
9315,22,3
9316,22,2
9316,29,3
9316,23,1
9316,26,3
9317,18,3
9318,18,1
9318,24,2
9318,6,3
9318,22,2
9319,19,2
9319,37,3
9319,0,1
9319,11,3
9320,28,1
9320,10,3
9320,3,1
9320,1,1
9321,9,2
9321,10,1
9322,30,2
9322,19,2
9322,35,1
9323,2,2
9323,11,1
9323,23,2
9324,34,2
9325,15,3
9325,5,2
9325,27,3
9325,8,2
9326,28,3
9326,31,2
9326,4,3
9327,33,1
9327,21,2
9327,4,2
9328,33,3
9329,0,1
9329,22,3
9329,31,1
9330,33,1
9330,28,1
9330,0,1
9330,1,2
9331,1,1
9331,15,2
9332,16,2
9332,13,2
9332,6,2
9332,11,1
9333,16,2
9333,7,2
9333,8,3
9334,10,2
9335,22,2
9335,7,3
9336,22,3
9337,27,3
9337,30,1
9338,21,3
9339,7,2
9339,25,1
9339,22,1
9340,37,3
9340,30,1
9340,8,1
9341,0,1
9341,24,1
9342,35,1
9343,34,3
9343,3,1
9344,15,2
9345,11,3
9345,34,1
9346,18,2
9346,31,2
9347,4,2
9347,3,2
9347,23,3
9347,0,3
9348,34,2
9348,17,3
9348,21,3
9349,15,2
9349,18,2
9349,11,2
9350,0,3
9350,38,2
9350,36,3
9351,1,1
9351,32,2
9352,38,2
9352,8,1
9353,2,2
9354,11,2
9354,13,2
9354,38,2
9355,36,3
9355,13,1
9356,22,3
9357,38,1
9357,14,3
9358,28,3
9358,1,1
9359,38,1
9360,37,3
9360,13,2
9360,6,3
9361,3,2
9362,21,2
9362,9,1
9363,29,2
9363,32,3
9364,18,1
9364,38,2
9364,5,2
9365,33,1
9365,23,1
9365,9,3
9365,27,3
9366,31,1
9366,36,2
9366,24,2
9366,30,3
9367,4,3
9367,20,3
9367,26,2
9367,2,2
9368,7,3
9368,8,3
9368,4,1
9369,6,2
9369,36,3
9370,35,1
9371,3,1
9371,28,3
9371,12,2
9372,11,1
9372,32,1
9373,5,3
9373,12,2
9373,3,2
9374,35,2
9374,2,2
9375,14,3
9375,31,2
9376,10,2
9377,10,3
9377,22,3
9378,10,1
9378,9,1
9378,31,2
9379,10,1
9379,24,3
9379,16,3
9380,4,3
9380,37,3
9381,12,3
9382,38,1
9382,2,1
9383,28,2
9383,17,3
9383,27,3
9384,13,2
9385,7,2
9386,33,3
9386,28,3
9386,4,1
9387,21,2
9388,19,3
9389,31,1
9389,35,2
9389,34,2
9390,26,2
9390,8,2
9390,34,1
9391,16,2
9392,24,2
9393,17,2
9393,24,1
9393,3,1
9394,10,1
9395,37,3
9395,17,1
9395,26,1
9396,25,3
9396,19,1
9396,33,1
9396,4,2
9397,8,1
9397,2,2
9397,38,2
9398,22,1
9399,30,2
9399,34,1
9399,12,3
9400,32,2
9400,1,3
9400,22,3
9401,28,1
9401,16,2
9401,33,3
9401,14,3
9402,8,1
9402,27,2
9402,24,2
9402,7,1
9403,36,1
9404,10,1
9404,8,1
9405,3,2
9405,8,2
9405,24,2
9406,10,1
9406,4,3
9406,17,3
9407,2,1
9408,22,1
9408,5,1
9408,1,2
9408,36,3
9409,17,1
9410,6,3
9410,16,1
9411,27,3
9411,9,2
9412,3,3
9412,4,3
9413,0,1
9413,20,1
9414,11,2
9414,5,1
9415,38,1
9416,26,3
9417,30,1
9417,7,2
9417,21,1
9418,5,2
9418,4,3
9418,25,2
9418,6,1
9419,29,1
9419,37,1
9419,14,3
9420,1,3
9420,6,1
9421,17,1
9421,11,1
9421,8,2
9422,16,1
9423,27,2
9423,17,2
9424,14,1
9425,7,2
9425,14,3
9425,34,1
9425,33,3
9426,5,2
9426,16,3
9426,38,2
9427,4,2
9427,38,1
9428,22,3
9428,11,1
9428,13,2
9428,29,2
9429,13,3
9429,21,3
9430,12,3
9430,34,2
9430,29,2
9431,33,2
9432,25,2
9432,32,3
9432,10,3
9432,30,1
9433,15,1
9433,27,1
9433,17,1
9434,6,1
9435,16,2
9435,22,3
9435,3,1
9436,26,1
9436,32,2
9436,19,2
9436,13,2
9437,21,3
9438,19,2
9438,27,3
9439,25,2
9439,18,3
9439,34,1
9440,3,2
9440,4,2
9440,34,1
9440,16,3
9441,31,1
9441,27,2
9441,15,1
9442,6,2
9442,21,2
9442,4,2
9443,13,3
9443,27,3
9444,16,3
9445,4,2
9445,7,1
9446,15,2
9446,22,1
9446,34,3
9447,31,1
9448,31,2
9448,4,2
9448,9,1
9448,2,2
9449,10,1
9450,4,3
9451,5,2
9451,23,3
9451,0,3
9452,22,3
9452,12,2
9452,20,1
9452,32,2
9453,1,2
9453,37,3
9454,26,1
9454,33,2
9454,37,1
9455,24,3
9455,4,1
9455,9,2
9455,11,2
9456,28,1
9456,8,1
9456,23,3
9457,13,2
9457,10,2
9458,37,1
9458,17,3
9458,4,2
9458,2,1
9459,9,2
9459,18,1
9459,23,1
9460,21,1
9460,20,3
9460,25,3
9461,28,3
9461,32,3
9461,27,1
9462,0,3
9462,25,2
9463,28,3
9463,14,2
9464,1,1
9464,22,1
9464,33,2
9465,31,1
9465,29,2
9465,13,2
9466,37,1
9467,9,1
9467,15,3
9467,14,2
9467,0,3
9468,16,1
9469,26,1
9470,35,1
9470,25,1
9471,36,1
9471,35,3
9471,13,3
9472,6,2
9473,9,1
9473,36,2
9473,27,2
9474,10,2
9474,33,1
9474,34,2
9474,8,3
9475,10,3
9476,20,1
9477,0,2
9477,8,1
9477,18,3
9478,21,2
9478,25,1
9478,28,1
9479,18,2
9479,19,1
9479,8,2
9479,36,2
9480,37,1
9480,16,1
9481,15,1
9481,21,1
9481,28,1
9481,9,2
9482,4,1
9482,28,3
9482,15,3
9482,13,1
9483,24,1
9483,15,2
9483,25,1
9483,3,1
9484,30,1
9484,11,2
9484,24,1
9484,37,2
9485,20,1
9486,29,3
9486,34,1
9487,31,3
9487,13,3
9488,15,2
9488,10,3
9489,23,1
9490,17,1
9490,31,2
9491,12,1
9492,18,1
9493,26,2
9493,6,1
9494,0,2
9494,10,3
9494,36,2
9494,32,3
9495,24,3
9495,33,3
9496,10,1
9496,28,1
9497,0,1
9497,11,2
9497,2,1
9498,21,3
9499,21,1
9499,24,3
9500,1,1
9500,25,2
9500,6,3
9501,30,1
9502,16,2
9502,31,1
9502,35,2
9503,0,3
9503,29,2
9503,9,3
9504,9,3
9504,28,1
9504,19,1
9504,34,2
9505,5,1
9505,19,1
9505,38,3
9506,3,2
9507,11,3
9507,17,1
9507,22,1
9508,11,2
9508,35,1
9509,8,1
9509,3,1
9509,6,2
9510,20,1
9511,37,3
9511,13,2
9512,8,2
9512,32,3
9512,30,1
9512,5,2
9513,10,2
9514,36,1
9514,0,1
9514,10,3
9514,12,1
9515,28,3
9515,16,2
9515,23,3
9515,8,1
9516,11,1
9516,26,2
9516,9,3
9516,17,2
9517,20,1
9517,0,3
9517,1,1
9518,29,3
9518,32,3
9518,30,3
9518,24,1
9519,37,1
9519,1,1
9519,26,2
9520,1,1
9521,5,3
9521,31,3
9522,10,3
9522,36,1
9523,26,1
9523,33,1
9524,5,1
9524,25,1
9524,1,3
9524,3,3
9525,35,2
9525,14,3
9525,27,3
9526,0,2
9526,28,2
9527,19,3
9527,11,1
9528,4,3
9528,23,3
9528,32,3
9529,0,1
9529,38,1
9529,31,1
9529,3,1
9530,13,3
9530,18,2
9530,1,1
9530,35,2
9531,36,2
9531,31,3
9531,5,3
9531,17,3
9532,1,2
9532,37,2
9532,16,2
9533,11,3
9533,37,1
9533,15,3
9534,15,1
9535,21,1
9535,14,1
9535,29,2
9535,34,2
9536,18,2
9536,19,2
9536,13,3
9537,21,2
9538,9,3
9539,34,1
9539,9,2
9539,13,2
9539,28,2
9540,16,2
9540,6,1
9541,33,1
9541,24,2
9541,6,2
9541,14,2
9542,0,2
9543,27,2
9543,1,3
9544,37,1
9544,26,2
9544,11,3
9545,26,2
9545,28,3
9545,11,1
9546,13,3
9546,26,2
9547,17,3
9547,25,1
9547,15,1
9548,4,1
9549,22,3
9550,18,3
9550,17,3
9550,10,1
9550,23,1
9551,7,3
9551,22,2
9552,27,3
9552,1,2
9553,10,1
9553,18,2
9553,9,3
9553,14,3
9554,2,1
9555,2,1
9555,38,3
9555,28,2
9556,3,2
9556,24,2
9556,6,2
9556,20,2
9557,4,3
9557,21,2
9558,1,3
9558,7,3
9559,31,1
9559,21,2
9559,13,3
9560,30,2
9560,33,1
9561,22,1
9562,22,3
9563,32,2
9563,10,3
9563,20,2
9563,25,2
9564,31,2
9564,34,3
9564,37,3
9564,29,3
9565,19,2
9565,1,2
9565,32,2
9565,23,2
9566,16,3
9566,18,2
9566,21,3
9567,31,1
9568,33,3
9569,8,2
9569,15,3
9569,35,3
9570,30,1
9570,15,2
9571,2,1
9571,15,3
9571,3,2
9572,27,1
9572,21,1
9572,11,3
9572,24,2
9573,30,3
9573,4,1
9573,8,1
9574,27,3
9574,29,3
9574,21,2
9575,20,1
9575,1,1
9576,15,2
9576,31,2
9576,6,1
9576,16,3
9577,30,1
9577,21,2
9578,13,3
9579,34,3
9579,0,2
9579,31,2
9579,38,1
9580,29,3
9580,18,2
9580,30,3
9581,12,1
9581,30,3
9582,26,1
9582,25,2
9583,33,1
9583,27,1
9584,16,1
9585,35,1
9585,9,3
9585,36,2
9586,15,1
9586,35,2
9586,13,1
9586,36,1
9587,27,3
9587,38,2
9587,28,3
9588,20,3
9588,38,2
9588,24,3
9589,18,3
9590,0,2
9591,2,2
9592,0,3
9592,36,2
9592,13,2
9592,1,1
9593,27,3
9593,15,1
9593,28,3
9594,36,3
9594,4,3
9594,8,1
9595,28,2
9595,30,2
9596,2,1
9596,17,3
9596,11,3
9596,13,3
9597,3,1
9597,15,1
9598,5,1
9598,7,3
9598,36,1
9598,25,2
9599,21,1
9599,29,2
9599,2,1
9600,26,1
9600,27,1
9600,31,2
9600,14,2
9601,5,3
9602,37,2
9602,5,2
9602,10,2
9602,4,2
9603,0,2
9603,23,3
9603,28,1
9603,34,1
9604,29,1
9605,2,2
9605,7,1
9605,0,3
9605,26,3
9606,6,3
9607,9,1
9607,22,2
9607,0,1
9607,35,3
9608,36,1
9608,9,3
9609,26,2
9610,27,2
9611,20,3
9611,8,2
9611,7,2
9611,21,2
9612,26,2
9612,13,2
9612,7,2
9613,1,3
9614,9,3
9615,0,2
9616,12,1
9616,15,3
9616,14,1
9617,9,3
9617,8,3
9617,35,3
9618,6,3
9618,9,2
9618,1,3
9618,2,3
9619,34,3
9619,15,3
9619,13,3
9620,15,2
9620,30,1
9621,34,1
9621,10,3
9621,20,1
9621,35,3
9622,14,2
9623,17,1
9623,35,1
9624,10,1
9624,14,1
9624,20,2
9625,25,3
9626,11,1
9626,33,1
9627,12,3
9627,21,3
9627,17,2
9628,31,3
9629,1,3
9629,38,1
9629,20,3
9629,2,2
9630,33,3
9630,8,1
9630,12,1
9630,11,2
9631,22,1
9631,28,1
9632,13,2
9632,5,2
9632,3,2
9632,15,2
9633,19,2
9633,36,3
9634,1,2
9635,25,3
9636,6,3
9636,32,2
9636,16,1
9636,30,2
9637,24,2
9637,6,1
9637,13,2
9637,32,1
9638,11,3
9638,18,1
9639,36,2
9639,0,2
9640,0,2
9640,7,3
9641,32,3
9641,34,2
9642,26,2
9642,29,2
9642,12,2
9642,2,1
9643,6,2
9643,3,3
9643,9,2
9644,16,1
9644,36,3
9644,37,1
9644,3,1
9645,19,1
9645,31,1
9645,15,3
9645,1,3
9646,33,3
9646,26,3
9647,0,2
9647,17,1
9648,24,1
9648,36,2
9648,38,2
9648,10,2
9649,18,1
9649,19,3
9649,23,3
9649,34,1
9650,13,2
9650,7,3
9650,9,1
9651,5,1
9651,18,3
9651,38,1
9651,21,3
9652,10,1
9653,25,2
9653,23,2
9653,12,2
9653,8,2
9654,8,1
9654,29,2
9654,22,3
9655,27,3
9656,5,3
9657,7,1
9657,17,2
9657,4,1
9658,38,3
9658,33,3
9659,8,2
9659,10,3
9659,20,3
9659,13,1
9660,29,1
9660,32,2
9660,13,3
9660,11,2
9661,12,3
9662,7,3
9662,30,1
9663,23,2
9663,13,3
9663,15,1
9664,13,2
9664,6,1
9664,26,1
9665,22,2
9666,8,1
9667,30,1
9667,24,1
9667,12,3
9668,4,1
9668,16,1
9668,12,3
9668,24,1
9669,32,1
9669,1,3
9669,30,1
9670,37,2
9671,30,3
9671,34,1
9671,33,1
9672,16,1
9672,4,1
9673,3,2
9673,2,1
9674,37,2
9675,9,2
9675,36,2
9675,10,3
9675,0,1
9676,2,2
9676,36,3
9676,0,3
9676,30,3
9677,26,3
9677,22,3
9678,0,1
9678,11,3
9678,28,3
9678,17,3
9679,36,3
9680,4,3
9681,37,3
9681,3,1
9681,13,1
9682,14,2
9683,7,1
9684,30,2
9684,10,2
9685,8,1
9686,4,2
9686,3,1
9686,28,3
9686,36,3
9687,21,1
9687,20,2
9687,9,3
9688,14,3
9689,34,1
9689,27,1
9689,33,3
9689,6,2
9690,33,1
9690,6,1
9690,7,2
9690,21,2
9691,28,2
9692,7,2
9692,32,1
9693,8,1
9693,9,3
9693,0,3
9694,15,1
9694,16,1
9695,36,3
9696,16,2
9697,31,2
9697,20,3
9697,15,3
9697,24,2
9698,37,3
9698,13,3
9698,31,1
9699,2,3
9699,36,3
9700,20,3
9700,6,3
9700,12,2
9701,10,2
9702,16,1
9702,22,3
9702,2,1
9703,14,2
9703,3,2
9703,5,2
9704,23,3
9704,11,1
9704,24,3
9704,14,3
9705,14,1
9706,9,3
9706,12,3
9706,19,3
9707,20,3
9708,18,3
9708,10,2
9708,34,2
9709,30,2
9709,34,3
9710,21,3
9710,0,2
9710,6,1
9711,0,2
9711,18,2
9712,1,2
9712,30,3
9712,7,3
9713,30,3
9713,2,2
9713,15,3
9714,16,2
9714,9,3
9714,29,2
9714,21,2
9715,36,1
9715,33,2
9715,16,2
9715,20,1
9716,21,3
9717,5,1
9717,37,1
9718,12,2
9718,23,1
9718,29,1
9719,33,3
9719,38,2
9720,37,1
9720,7,2
9720,3,1
9720,20,3
9721,37,3
9721,14,3
9722,9,2
9722,20,2
9723,25,1
9724,29,3
9724,18,2
9724,4,3
9724,23,3
9725,18,3
9725,33,2
9726,7,3
9726,27,2
9726,19,1
9726,13,1
9727,20,1
9727,27,1
9727,5,3
9728,8,3
9728,32,1
9728,25,1
9729,19,2
9729,3,2
9730,31,1
9730,10,3
9731,30,3
9731,9,3
9731,0,3
9731,35,1
9732,37,1
9732,9,2
9733,15,3
9734,31,2
9735,22,3
9735,17,2
9735,7,1
9736,36,3
9737,25,1
9738,14,2
9738,13,1
9738,10,1
9738,4,3
9739,23,2
9739,15,1
9739,34,2
9740,23,2
9741,33,3
9741,5,3
9741,30,3
9741,15,3
9742,16,3
9742,13,2
9742,29,3
9742,25,2
9743,1,1
9743,5,1
9743,0,2
9744,30,1
9745,6,1
9746,13,3
9746,2,1
9746,14,1
9746,15,3
9747,24,2
9747,36,3
9747,11,3
9747,22,1
9748,37,2
9748,34,1
9748,1,2
9749,20,3
9749,5,3
9749,6,2
9750,0,2
9750,16,1
9750,2,3
9751,33,1
9752,17,1
9752,35,2
9753,24,1
9753,17,2
9754,25,3
9754,31,3
9754,27,2
9755,0,2
9756,2,1
9756,14,3
9756,28,2
9757,23,3
9757,18,3
9757,24,3
9757,15,2
9758,26,1
9759,24,2
9760,3,1
9760,28,1
9760,0,1
9760,27,1
9761,36,2
9762,16,3
9763,30,2
9763,24,1
9763,4,2
9764,11,1
9765,2,2
9765,30,2
9765,29,2
9765,1,1
9766,33,3
9766,10,3
9767,7,3
9768,10,1
9768,34,1
9768,0,2
9768,38,2
9769,2,3
9769,37,3
9769,9,3
9770,25,2
9770,33,1
9770,1,1
9771,21,1
9772,24,2
9772,15,2
9772,3,3
9773,14,1
9773,1,1
9773,6,1
9774,7,3
9774,14,2
9774,26,2
9774,38,3
9775,6,3
9776,27,3
9777,11,3
9777,25,1
9777,33,1
9778,19,1
9778,4,1
9779,1,3
9779,17,2
9780,18,2
9780,25,3
9781,20,1
9781,31,3
9782,4,1
9782,37,3
9783,11,1
9784,3,2
9784,26,1
9785,23,3
9786,5,2
9786,30,3
9786,20,2
9786,19,1
9787,16,3
9787,23,1
9788,38,3
9788,17,3
9788,4,3
9789,35,3
9789,11,3
9789,7,2
9790,32,3
9790,7,2
9790,36,1
9790,17,2
9791,24,3
9792,6,1
9792,13,3
9792,26,3
9793,28,2
9793,8,1
9793,6,3
9793,5,1
9794,8,2
9794,6,3
9795,38,2
9795,29,1
9795,22,3
9795,3,1
9796,15,1
9796,14,1
9797,2,1
9797,31,2
9798,1,2
9799,24,1
9799,22,2
9800,21,3
9800,22,1
9800,4,2
9801,3,1
9801,4,2
9802,25,1
9803,15,3
9803,19,1
9803,34,1
9803,27,3
9804,6,3
9804,31,2
9805,8,1
9805,26,3
9805,7,1
9805,10,2
9806,23,3
9806,10,3
9807,17,2
9807,2,3
9807,7,2
9808,29,1
9808,28,3
9809,10,3
9810,12,2
9810,1,2
9810,17,2
9810,8,3
9811,24,1
9811,1,3
9812,8,2
9813,0,1
9813,20,3
9814,32,1
9814,3,3
9814,36,1
9814,33,2
9815,28,2
9815,30,2
9815,16,1
9816,12,1
9816,22,3
9816,35,3
9816,38,1
9817,2,1
9817,34,3
9817,6,1
9818,13,2
9818,17,2
9818,24,2
9818,16,1
9819,5,2
9819,35,2
9819,24,1
9819,12,1
9820,26,1
9820,10,3
9820,37,2
9820,34,2
9821,24,1
9821,4,2
9821,11,3
9821,31,3
9822,38,1
9822,37,1
9822,13,3
9822,2,2
9823,3,2
9824,19,1
9824,3,1
9824,16,3
9825,33,1
9825,14,1
9825,1,3
9825,24,2
9826,28,2
9827,34,3
9827,7,3
9827,9,1
9827,28,3
9828,9,2
9828,0,3
9829,34,3
9829,26,3
9830,14,3
9830,24,2
9831,28,3
9832,19,3
9832,6,3
9833,7,1
9833,27,3
9834,32,2
9835,20,3
9835,13,1
9835,21,1
9835,35,1
9836,33,1
9837,26,2
9837,3,1
9838,23,3
9838,13,2
9839,5,1
9839,19,3
9840,10,1
9840,11,3
9840,12,2
9840,37,3
9841,31,2
9841,28,1
9841,35,1
9842,30,1
9842,16,1
9842,26,3
9843,37,3
9843,29,3
9843,24,2
9844,4,2
9845,29,2
9846,33,3
9847,16,2
9847,8,2
9848,14,2
9849,3,1
9849,24,2
9849,31,1
9850,26,2
9850,6,1
9850,12,3
9850,10,2
9851,1,1
9851,13,1
9851,11,1
9852,20,3
9852,28,2
9853,29,3
9853,25,2
9854,3,3
9854,35,1
9854,13,3
9854,21,3
9855,14,3
9855,31,3
9856,8,1
9857,33,1
9857,38,1
9858,26,3
9859,25,1
9859,34,3
9859,23,1
9860,5,2
9860,3,2
9860,33,3
9860,37,2
9861,13,3
9862,22,2
9862,32,1
9862,29,2
9862,35,1
9863,16,2
9863,8,2
9863,19,1
9863,3,1
9864,17,1
9864,32,2
9864,19,2
9865,33,1
9866,8,1
9867,27,3
9868,0,1
9869,21,1
9870,11,3
9871,31,3
9872,9,3
9872,34,3
9872,15,2
9873,4,2
9874,19,3
9874,12,2
9874,32,1
9875,24,1
9875,25,1
9876,5,1
9876,25,1
9876,34,1
9877,33,3
9878,27,2
9878,7,1
9878,6,3
9878,15,1
9879,38,2
9879,14,3
9879,35,3
9880,27,3
9880,0,2
9881,30,3
9882,27,3
9882,0,3
9883,36,3
9883,38,1
9883,37,3
9884,13,2
9885,33,3
9885,16,1
9885,17,3
9886,13,1
9886,15,3
9886,32,1
9886,3,2
9887,37,3
9887,16,2
9887,29,3
9888,38,3
9888,17,1
9889,38,1
9890,16,2
9890,4,2
9890,27,3
9890,24,3
9891,21,3
9892,0,3
9892,18,1
9892,26,1
9892,4,2
9893,11,2
9893,32,1
9893,37,2
9894,14,3
9894,34,2
9894,12,3
9894,11,3
9895,27,3
9895,9,1
9895,21,2
9896,19,3
9896,36,2
9897,21,3
9897,25,3
9897,28,2
9897,36,2
9898,35,2
9898,2,2
9898,22,1
9899,15,1
9899,18,1
9899,17,3
9899,26,2
9900,22,1
9901,12,2
9902,34,1
9903,25,2
9904,34,1
9905,38,1
9905,24,1
9905,15,1
9906,36,1
9906,38,2
9907,10,1
9908,28,1
9908,32,1
9908,20,3
9909,4,2
9909,1,3
9909,36,2
9909,35,1
9910,33,3
9911,38,1
9911,33,2
9912,8,2
9912,14,2
9912,28,2
9913,33,3
9913,3,2
9914,26,3
9915,31,3
9915,28,1
9915,13,2
9915,23,1
9916,17,2
9916,9,2
9916,16,2
9916,32,1
9917,7,1
9917,20,2
9917,4,2
9917,32,2
9918,25,3
9918,23,1
9919,29,3
9920,33,1
9920,7,2
9920,11,1
9920,10,3
9921,17,2
9921,5,1
9922,29,2
9923,30,2
9923,20,3
9923,25,2
9923,0,2
9924,19,2
9924,38,1
9925,29,3
9925,18,2
9926,24,1
9926,7,3
9927,20,1
9927,17,1
9927,7,3
9928,0,2
9928,32,1
9929,2,3
9929,24,3
9930,10,2
9930,32,1
9930,8,2
9930,35,2
9931,14,1
9931,23,1
9931,17,2
9932,11,1
9932,33,3
9932,27,3
9933,16,2
9933,21,1
9934,8,2
9935,7,2
9935,36,3
9936,21,2
9937,29,3
9937,24,1
9937,36,2
9938,3,2
9938,11,1
9939,34,2
9940,31,3
9940,32,2
9940,6,3
9940,5,1
9941,26,2
9941,31,1
9941,22,2
9941,18,1
9942,27,1
9942,0,1
9942,24,2
9942,34,3
9943,18,3
9943,29,3
9943,6,3
9944,3,2
9944,4,2
9945,2,1
9946,31,1
9946,12,2
9946,3,1
9946,33,2
9947,5,2
9948,16,1
9948,8,3
9948,34,1
9949,31,1
9950,20,1
9950,27,3
9950,5,2
9951,21,2
9951,18,2
9952,7,3
9952,27,2
9952,6,1
9953,1,1
9954,15,3
9954,14,2
9954,10,1
9955,34,1
9956,15,1
9956,35,2
9956,2,1
9957,10,2
9957,25,1
9957,33,1
9957,34,1
9958,23,3
9958,25,1
9959,23,2
9959,30,3
9959,4,2
9960,4,1
9960,37,2
9961,13,1
9961,25,2
9961,36,2
9962,18,3
9963,24,3
9964,29,2
9964,28,1
9965,33,2
9965,7,1
9966,8,2
9967,36,1
9967,38,1
9968,5,2
9969,0,1
9969,23,1
9970,23,3
9971,29,3
9971,18,2
9971,37,1
9972,13,2
9972,3,3
9972,14,3
9973,32,2
9974,16,3
9975,10,2
9975,38,3
9975,13,2
9976,5,1
9976,24,2
9977,35,3
9978,27,1
9978,9,1
9978,29,1
9978,37,2
9979,31,2
9979,9,1
9980,38,1
9980,23,1
9980,34,1
9980,15,1
9981,8,3
9982,16,1
9982,33,2
9982,8,2
9982,11,2
9983,31,3
9983,19,2
9984,30,2
9984,32,2
9985,17,3
9985,25,3
9986,8,1
9987,5,2
9987,14,1
9987,38,1
9988,10,3
9989,12,3
9990,10,1
9991,24,3
9991,25,2
9991,8,1
9991,26,3
9992,21,3
9992,30,1
9992,16,1
9993,5,1
9993,30,3
9993,37,1
9994,1,2
9994,3,2
9995,3,1
9995,21,1
9996,31,1
9997,37,3
9998,26,2
9998,0,2
9998,27,2
9999,31,2
10000,35,3
10001,22,1
10001,13,2
10001,1,1
10002,36,1
10002,23,2
10002,4,3
10003,2,3
10003,23,1
10004,38,1
10004,23,1
10004,0,1
10005,23,3
10005,34,3
10006,25,3
10006,6,3
10006,0,2
10007,2,1
10007,12,1
10008,5,2
10008,29,1
10008,27,1
10009,19,1
10009,8,2
10010,20,3
10010,31,3
10010,36,2
10010,13,1
10011,10,1
10012,6,2
10012,23,2
10013,6,3
10013,11,3
10014,3,2
10014,29,3
10014,1,1
10014,18,3
10015,6,2
10016,14,3
10016,13,1
10016,31,1
10017,25,3
10017,20,2
10017,15,1
10018,9,1
10019,15,3
10019,17,2
10019,37,3
10020,15,1
10021,2,2
10021,14,1
10022,8,1
10022,19,1
10022,14,1
10023,36,1
10023,19,2
10023,3,2
10023,17,1
10024,24,1
10024,5,1
10024,38,1
10024,21,1
10025,9,3
10026,12,3
10027,31,2
10027,20,3
10027,37,3
10028,8,2
10028,25,1
10029,4,2
10030,26,2
10030,24,2
10030,14,2
10030,36,3
10031,23,2
10031,16,3
10031,1,2
10032,13,3
10032,24,2
10033,1,2
10033,3,3
10033,17,2
10033,18,2
10034,17,2
10034,13,1
10034,38,1
10035,1,1
10036,15,3
10037,4,1
10037,38,2
10037,10,2
10037,20,3
10038,8,1
10039,36,1
10040,12,1
10040,24,2
10040,5,1
10041,11,1
10042,26,3
10042,3,3
10042,33,3
10042,4,1
10043,18,2
10043,23,2
10044,6,3
10045,8,1
10045,30,2
10045,38,3
10045,1,2
10046,32,1
10047,13,3
10047,11,2
10048,22,1
10049,12,3
10049,33,1
10050,30,2
10050,26,2
10051,26,2
10052,22,2
10052,14,2
10052,19,1
10053,21,2
10053,2,3
10053,22,3
10054,24,1
10054,30,3
10054,22,1
10054,3,1
10055,1,3
10056,23,2
10056,7,1
10056,24,2
10056,16,1
10057,24,1
10057,25,3
10057,22,3
10058,0,1
10058,3,1
10058,34,3
10059,31,1
10059,33,2
10059,36,1
10060,1,1
10060,29,1
10061,4,3
10062,16,1
10063,0,2
10063,8,2
10063,16,1
10063,27,1
10064,32,3
10064,22,1
10065,17,1
10065,7,1
10066,10,1
10066,18,2
10067,7,2
10067,11,1
10068,29,3
10068,18,3
10068,12,2
10068,25,1
10069,13,3
10069,24,2
10069,19,3
10070,9,2
10070,15,1
10071,33,1
10071,7,1
10072,31,3
10072,7,2
10072,18,3
10072,32,2
10073,6,1
10074,18,2
10074,9,2
10074,14,2
10075,23,3
10075,16,1
10076,0,3
10076,25,3
10076,26,3
10076,14,1
10077,19,1
10077,18,3
10077,26,1
10078,2,1
10078,8,1
10078,36,1
10079,33,1
10079,21,3
10079,6,2
10080,8,2
10081,9,2
10082,31,1
10082,3,3
10082,25,3
10082,20,1
10083,22,2
10083,2,2
10083,13,1
10084,23,2
10084,32,3
10084,20,2
10084,0,1
10085,25,2
10086,4,1
10086,2,3
10087,14,3
10088,29,1
10089,18,1
10089,6,3
10089,38,3
10090,13,3
10090,3,2
10090,33,2
10091,6,1
10091,12,2
10091,29,1
10092,30,3
10092,27,3
10092,8,3
10092,9,3
10093,28,1
10093,26,1
10094,8,1
10094,27,3
10094,12,3
10095,32,2
10095,16,1
10096,6,1
10097,17,3
10097,29,3
10097,2,1
10098,34,1
10098,8,1
10098,28,2
10098,3,2
10099,17,3
10100,23,2
10100,9,2
10100,27,2
10100,18,3
10101,10,3
10101,22,2
10102,14,3
10102,32,2
10102,24,1
10102,27,2
10103,32,3
10104,13,3
10104,36,2
10105,24,1
10105,4,2
10106,26,1
10107,18,1
10107,31,3
10108,25,3
10108,8,3
10108,17,3
10109,7,2
10109,23,2
10110,27,3
10110,35,3
10110,7,2
10111,32,1
10111,30,1
10111,7,1
10111,10,2
10112,35,3
10112,28,1
10112,17,2
10113,8,3
10114,21,2
10114,14,3
10114,2,2
10114,12,2
10115,24,3
10115,7,1
10115,21,2
10115,29,3
10116,10,1
10116,18,1
10117,29,3
10117,30,2
10117,2,3
10117,33,1
10118,37,1
10118,14,3
10119,36,3
10119,6,1
10119,20,1
10119,38,1
10120,24,2
10120,4,2
10121,2,3
10121,34,2
10121,24,3
10122,37,3
10123,18,1
10124,22,2
10124,31,1
10124,4,1
10124,17,2
10125,23,3
10125,29,1
10126,18,2
10126,23,2
10126,4,2
10127,23,3
10127,1,2
10128,6,1
10128,12,2
10128,18,1
10129,19,3
10130,14,1
10130,6,3
10130,10,1
10131,10,1
10131,11,1
10132,6,1
10132,13,2
10133,0,2
10133,6,3
10133,22,1
10134,35,1
10134,4,1
10134,0,1
10135,13,3
10135,11,3
10135,26,2
10136,22,3
10136,31,3
10136,37,2
10136,16,2
10137,1,2
10137,13,1
10137,10,3
10138,0,3
10139,8,3
10139,17,2
10140,37,2
10140,26,3
10140,21,2
10140,33,3
10141,25,1
10141,12,3
10141,15,2
10142,7,3
10142,24,3
10142,30,3
10142,21,2
10143,22,2
10144,13,1
10144,10,2
10144,22,1
10144,34,3
10145,24,2
10146,34,1
10146,9,3
10147,27,3
10147,35,1
10147,29,1
10147,31,3
10148,3,2
10149,24,1
10149,0,3
10150,17,3
10151,13,3
10152,8,3
10152,37,3
10152,1,2
10152,20,3
10153,26,2
10153,2,1
10153,38,2
10154,1,1
10154,21,3
10154,28,1
10155,36,2
10155,28,2
10155,5,3
10155,29,3
10156,18,3
10156,6,3
10156,21,1
10156,33,3
10157,5,2
10158,33,2
10158,22,1
10159,38,1
10159,10,3
10159,11,3
10159,28,3
10160,30,3
10161,35,2
10162,33,1
10163,17,3
10164,10,3
10165,19,1
10165,17,1
10166,19,1
10166,21,1
10167,30,3
10167,17,1
10168,21,2
10169,8,2
10169,11,3
10169,5,3
10169,37,1
10170,8,1
10170,29,3
10170,17,3
10171,11,1
10171,3,2
10171,24,1
10171,28,1
10172,25,2
10172,37,2
10173,23,3
10173,12,3
10173,3,2
10173,37,1
10174,7,1
10174,8,3
10174,27,1
10175,28,2
10176,29,2
10176,17,2
10176,8,3
10176,38,1
10177,22,3
10177,13,1
10177,24,1
10177,9,3
10178,26,1
10179,17,2
10179,26,3
10179,36,1
10179,24,3
10180,11,3
10181,7,1
10181,33,2
10181,37,2
10181,14,3
10182,7,1
10183,31,3
10183,17,3
10183,19,3
10183,11,2
10184,2,1
10184,32,1
10184,0,3
10184,25,3
10185,19,1
10185,22,3
10185,18,2
10185,5,1
10186,4,2
10186,1,1
10186,3,2
10186,13,2
10187,29,2
10187,18,1
10188,15,1
10188,16,3
10189,35,1
10190,7,1
10190,8,2
10190,26,3
10190,3,3
10191,2,1
10192,10,2
10192,24,3
10193,26,2
10193,20,1
10194,0,2
10194,24,1
10194,28,1
10195,20,1
10195,31,3
10196,30,1
10196,22,2
10196,11,3
10197,33,3
10197,31,3
10197,24,3
10198,17,3
10199,12,1
10199,18,3
10199,22,1
10200,29,1
10200,26,2
10201,20,2
10202,2,1
10202,12,3
10202,7,1
10202,14,3
10203,1,3
10203,0,1
10203,23,1
10204,0,1
10204,1,2
10204,19,1
10205,35,3
10205,14,2
10206,11,1
10207,34,1
10207,4,2
10207,24,3
10208,1,2
10208,27,1
10208,5,2
10208,21,3
10209,25,2
10209,18,1
10209,22,2
10210,16,2
10210,38,3
10210,29,2
10211,32,2
10211,17,3
10211,0,3
10212,0,3
10213,13,3
10214,4,1
10214,10,3
10214,1,1
10214,23,1
10215,30,2
10215,0,3
10215,19,2
10216,20,2
10216,18,1
10216,31,3
10217,31,1
10217,24,1
10218,27,3
10218,23,3
10219,1,2
10220,22,3
10220,24,1
10221,26,2
10221,31,1
10222,11,3
10222,21,1
10222,13,3
10223,18,1
10224,25,1
10224,36,3
10225,7,3
10226,28,2
10226,14,1
10227,22,3
10228,35,1
10228,28,1
10228,21,2
10229,10,1
10230,34,2
10231,37,3
10231,17,2
10232,23,1
10232,17,2
10232,30,3
10233,28,2
10233,12,3
10233,26,3
10234,27,2
10234,26,1
10234,30,2
10235,1,2
10236,3,1
10236,26,2
10236,19,2
10236,24,3
10237,35,1
10237,20,1
10237,29,3
10237,18,2
10238,13,1
10238,12,3
10238,1,3
10239,19,3
10239,29,3
10239,6,1
10240,27,1
10240,6,3
10241,27,3
10242,31,1
10243,12,3
10244,5,1
10244,19,2
10244,3,3
10244,28,2
10245,0,1
10245,12,1
10245,1,2
10245,33,2
10246,6,3
10246,14,2
10246,24,1
10246,30,1
10247,19,1
10247,34,3
10248,27,3
10248,17,1
10249,38,1
10249,10,1
10249,0,3
10249,19,1
10250,7,2
10250,22,1
10250,37,3
10250,5,3
10251,20,1
10251,2,3
10251,27,3
10252,15,2
10252,8,1
10252,10,1
10253,17,2
10253,35,3
10253,15,3
10253,12,1
10254,3,1
10254,2,2
10255,32,3
10256,18,2
10256,9,2
10256,28,1
10256,24,2
10257,4,1
10257,18,3
10257,28,2
10258,33,3
10258,1,2
10258,30,1
10259,12,3
10259,7,3
10259,27,3
10260,6,3
10260,18,1
10260,13,1
10260,34,2
10261,33,2
10261,7,2
10261,11,2
10261,4,2
10262,12,2
10262,16,3
10262,25,2
10262,5,3
10263,30,2
10263,20,1
10263,7,3
10263,38,2
10264,0,3
10264,7,3
10265,38,1
10266,11,1
10266,0,3
10266,24,1
10266,30,3
10267,32,3
10267,33,3
10268,6,2
10268,17,1
10268,14,2
10269,13,3
10269,6,3
10269,22,1
10270,1,1
10270,34,1
10270,28,3
10270,30,3
10271,24,2
10271,26,1
10272,14,3
10273,32,3
10273,15,2
10273,33,1
10274,31,3
10274,38,2
10274,13,3
10275,0,2
10275,13,2
10275,26,1
10276,22,1
10276,23,2
10277,23,3
10277,3,1
10277,33,1
10277,18,1
10278,2,3
10278,1,2
10279,17,1
10279,38,2
10279,11,1
10280,21,2
10280,7,2
10280,11,2
10281,15,1
10282,2,2
10283,33,1
10284,5,3
10284,10,3
10284,35,1
10285,34,2
10285,22,2
10286,20,3
10286,8,2
10287,35,1
10287,2,3
10287,32,2
10288,24,1
10289,26,1
10289,12,2
10289,23,3
10290,1,1
10290,8,3
10291,22,2
10291,26,2
10291,3,3
10292,18,3
10293,29,1
10293,26,2
10293,10,3
10294,8,1
10294,36,2
10294,15,1
10294,17,2
10295,27,1
10295,12,3
10295,19,1
10295,17,1
10296,4,1
10297,36,1
10297,34,2
10298,31,3
10298,5,1
10298,14,2
10298,7,1
10299,1,2
10300,3,1
10300,11,1
10301,21,3
10301,33,3
10301,15,3
10302,29,2
10303,10,1
10303,0,1
10303,11,2
10303,17,2
10304,21,1
10305,13,2
10306,18,1
10306,37,1
10306,23,3
10306,10,2
10307,37,3
10307,32,3
10307,35,2
10307,19,2
10308,14,1
10308,34,3
10308,19,1
10308,6,2
10309,14,2
10309,28,2
10309,19,1
10310,5,3
10310,2,1
10310,9,1
10311,15,3
10312,33,3
10312,11,1
10312,21,2
10312,13,1
10313,29,3
10313,0,2
10314,32,2
10314,29,1
10315,6,3
10316,11,1
10316,31,3
10316,29,1
10316,0,2
10317,15,3
10318,7,3
10318,32,1
10318,4,3
10318,37,2
10319,11,3
10319,2,3
10320,36,2
10320,32,1
10320,2,3
10320,15,1
10321,25,3
10321,31,1
10322,4,2
10323,38,2
10323,17,1
10324,10,1
10324,4,2
10324,32,2
10324,16,1
10325,18,3
10326,17,1
10326,30,3
10327,26,1
10328,12,1
10329,0,3
10329,3,1
10330,33,3
10330,38,2
10330,28,1
10330,30,1
10331,16,3
10331,20,2
10331,15,1
10331,17,3
10332,14,2
10332,37,2
10332,30,1
10332,36,1
10333,27,3
10333,7,3
10334,8,3
10335,32,1
10335,26,2
10335,37,3
10335,5,2
10336,19,3
10336,37,1
10336,30,1
10337,7,3
10338,10,2
10339,15,1
10340,23,1
10340,8,2
10340,35,3
10340,19,1
10341,29,1
10341,19,2
10341,9,3
10342,0,2
10343,18,2
10343,33,3
10343,22,3
10343,35,1
10344,1,1
10344,25,1
10344,32,1
10345,15,1
10345,30,1
10345,1,1
10346,36,3
10347,31,3
10348,18,1
10348,14,2
10348,7,2
10348,0,1
10349,30,3
10349,31,2
10350,3,1
10350,2,1
10351,37,3
10351,14,3
10351,31,3
10352,17,1
10352,9,3
10353,24,2
10353,13,3
10353,7,1
10354,6,3
10354,10,3
10355,19,3
10355,30,2
10355,35,2
10356,27,3
10356,38,1
10356,6,1
10356,19,3
10357,34,2
10357,31,2
10358,23,1
10358,25,1
10359,31,3
10360,17,1
10360,6,3
10360,31,1
10361,31,1
10361,35,1
10361,26,3
10361,11,1
10362,27,2
10362,33,2
10363,11,1
10363,13,1
10363,36,1
10363,16,2
10364,37,1
10364,30,1
10365,0,1
10365,32,1
10365,1,1
10365,35,1
10366,5,3
10366,9,1
10367,32,2
10368,23,1
10368,11,2
10368,26,1
10369,21,2
10369,30,3
10369,31,3
10369,8,2
10370,8,1
10370,38,3
10371,27,3
10371,23,3
10371,16,3
10371,0,1
10372,16,2
10372,34,1
10372,4,3
10373,19,3
10374,26,2
10374,16,3
10374,23,2
10375,27,3
10375,36,3
10375,29,2
10375,22,1
10376,16,2
10377,23,3
10378,23,3
10378,27,2
10378,19,3
10379,25,2
10379,15,3
10380,34,3
10380,9,2
10380,31,2
10380,22,3
10381,35,3
10381,21,1
10381,23,1
10382,0,1
10382,23,1
10383,9,3
10383,35,2
10383,30,2
10384,32,1
10385,30,3
10385,15,2
10385,8,3
10386,3,2
10387,31,1
10387,35,2
10387,18,2
10387,33,3
10388,26,2
10388,18,1
10388,12,1
10389,11,3
10389,28,3
10390,33,1
10390,28,3
10391,24,2
10392,11,2
10392,3,2
10392,15,2
10392,33,2
10393,24,1
10393,6,3
10393,15,1
10394,27,1
10394,9,3
10395,16,3
10395,22,2
10395,2,1
10396,13,2
10397,30,3
10397,14,2
10398,26,1
10398,16,3
10399,5,2
10399,19,3
10399,1,1
10399,36,1
10400,4,3
10401,12,1
10401,6,2
10401,9,1
10402,6,2
10403,12,1
10403,32,2
10403,0,3
10403,29,2
10404,4,1
10404,30,2
10404,13,1
10405,9,1
10405,5,3
10405,32,2
10406,38,2
10407,15,3
10407,4,3
10407,38,2
10407,13,3
10408,17,3
10408,0,1
10408,16,2
10409,21,2
10409,17,1
10410,4,3
10411,3,3
10411,34,3
10412,31,3
10412,28,3
10412,30,1
10413,20,1
10413,38,2
10413,10,2
10413,31,3
10414,12,2
10414,38,2
10414,5,1
10414,29,2
10415,8,3
10415,25,2
10416,17,1
10417,30,1
10417,23,3
10418,4,2
10418,26,3
10418,30,3
10418,9,3
10419,27,3
10419,30,3
10419,9,2
10419,13,3
10420,18,1
10420,2,1
10421,21,1
10421,26,1
10422,25,2
10422,33,2
10422,22,2
10422,9,2
10423,32,3
10424,8,2
10424,9,1
10424,27,1
10425,15,3
10425,4,3
10426,31,1
10426,14,3
10426,9,3
10427,25,2
10427,4,2
10428,32,2
10428,6,1
10428,25,2
10428,30,1
10429,28,3
10429,34,2
10430,3,1
10430,16,3
10431,19,2
10431,35,1
10431,21,2
10431,30,3
10432,1,3
10432,37,1
10432,36,1
10432,15,2
10433,37,3
10434,7,1
10434,26,3
10435,4,1
10435,16,1
10435,14,3
10436,36,1
10436,16,1
10437,13,3
10438,30,2
10438,31,1
10438,2,1
10439,35,1
10439,5,2
10440,27,3
10440,35,3
10441,28,2
10442,16,3
10442,26,1
10442,6,2
10443,29,3
10443,11,1
10444,23,3
10445,36,1
10445,24,1
10445,16,1
10446,14,3
10446,16,3
10446,0,3
10446,18,1
10447,27,1
10447,5,3
10448,6,2
10449,8,1
10449,12,3
10450,2,2
10450,26,2
10451,12,1
10451,23,2
10451,35,2
10451,17,1
10452,32,3
10453,13,1
10453,31,1
10453,17,1
10453,37,2
10454,15,1
10454,7,2
10454,33,1
10455,20,1
10455,7,3
10455,35,2
10456,25,3
10456,3,3
10456,32,1
10457,7,2
10457,19,1
10457,38,1
10457,8,2
10458,14,3
10458,11,1
10458,21,2
10458,1,2
10459,36,3
10460,30,3
10460,22,2
10460,26,1
10461,37,3
10462,11,3
10463,33,2
10463,37,1
10464,7,1
10464,25,2
10464,13,3
10464,3,2
10465,7,3
10465,34,1
10465,30,2
10466,19,3
10467,29,1
10467,19,3
10467,18,1
10468,38,2
10468,21,2
10468,3,1
10468,4,2
10469,22,3
10470,8,2
10470,21,2
10471,34,3
10471,9,1
10471,8,3
10472,14,1
10472,17,1
10473,7,1
10474,25,2
10475,14,3
10475,21,3
10475,27,3
10475,30,2
10476,25,3
10476,29,2
10476,14,2
10477,13,3
10477,32,1
10477,0,1
10478,30,2
10478,4,3
10479,18,1
10480,10,1
10480,16,2
10480,33,2
10481,21,1
10481,4,2
10482,30,3
10482,33,3
10482,29,3
10483,20,3
10483,22,3
10484,15,3
10484,17,1
10484,4,2
10485,8,2
10485,11,3
10485,22,2
10485,1,2
10486,19,3
10486,27,1
10487,0,3
10487,27,2
10487,19,2
10487,3,2
10488,9,1
10488,20,1
10488,19,2
10488,23,3
10489,14,1
10489,28,1
10490,21,1
10490,0,3
10490,13,2
10491,35,1
10491,8,3
10491,28,1
10492,4,2
10492,30,1
10492,24,2
10493,28,3
10493,20,2
10493,16,1
10494,33,2
10494,8,2
10494,32,2
10494,35,1
10495,26,2
10495,31,1
10495,0,2
10495,20,2
10496,38,1
10496,5,2
10496,37,1
10496,11,1
10497,27,3
10497,5,2
10497,21,3
10497,20,2
10498,37,1
10499,36,2
10499,27,3
10500,0,1
10500,16,2
10500,9,3
10500,13,3
10501,8,2
10501,28,1
10501,22,2
10501,27,2
10502,27,1
10502,36,1
10502,11,3
10502,33,3
10503,11,2
10503,35,2
10503,34,3
10503,20,3
10504,35,2
10505,22,2
10506,17,2
10506,26,3
10506,6,1
10507,13,3
10508,14,1
10508,13,2
10508,16,1
10508,9,3
10509,17,3
10509,23,2
10509,4,3
10510,7,1
10510,12,2
10510,30,1
10510,25,3
10511,4,2
10511,36,2
10511,14,2
10512,21,2
10512,31,3
10513,16,3
10513,34,1
10514,33,1
10514,19,1
10515,28,2
10515,3,1
10515,31,1
10515,18,2
10516,11,2
10516,28,1
10517,27,2
10517,17,3
10517,22,2
10517,25,3
10518,28,2
10518,38,3
10518,26,2
10518,25,2
10519,6,1
10519,32,3
10519,17,2
10520,1,1
10520,28,1
10521,26,3
10521,33,3
10522,0,3
10522,35,1
10522,30,1
10522,1,3
10523,24,3
10524,31,1
10524,32,2
10524,11,1
10525,34,3
10525,1,1
10526,37,2
10526,34,3
10526,24,3
10527,19,1
10527,20,3
10528,18,1
10528,14,1
10528,23,2
10529,19,1
10529,22,3
10529,25,1
10529,4,1
10530,26,1
10530,36,1
10530,4,2
10530,38,3
10531,23,2
10532,23,1
10532,7,1
10532,3,3
10533,16,2
10533,33,3
10533,5,3
10533,9,2
10534,30,3
10534,8,1
10534,9,3
10534,3,3
10535,7,3
10535,6,3
10536,5,1
10537,23,3
10537,20,2
10537,11,1
10537,16,1
10538,11,2
10538,10,2
10539,18,2
10540,26,2
10541,33,2
10541,27,2
10541,10,2
10542,17,1
10543,13,1
10543,2,3
10544,18,2
10544,11,3
10544,25,1
10545,11,3
10546,14,2
10546,13,3
10547,35,1
10547,14,2
10547,31,2
10547,29,2
10548,33,1
10548,14,1
10548,10,2
10549,32,3
10549,7,1
10549,25,1
10550,13,1
10551,25,2
10551,26,3
10551,29,1
10552,34,3
10553,1,2
10553,14,2
10553,31,3
10554,25,2
10555,22,2
10555,16,2
10555,1,2
10556,21,3
10557,17,3
10558,37,3
10559,28,2
10560,35,2
10560,28,2
10560,37,1
10560,6,2
10561,13,1
10561,25,3
10562,14,1
10563,24,2
10563,6,2
10563,34,3
10563,32,3
10564,28,1
10564,25,2
10564,6,2
10565,13,3
10566,2,2
10567,34,2
10567,9,3
10567,16,1
10568,23,1
10569,1,2
10569,17,2
10569,28,1
10570,35,2
10571,24,3
10572,10,3
10573,25,2
10574,21,1
10574,6,2
10574,28,2
10574,32,1
10575,13,2
10575,35,2
10575,25,3
10575,30,3
10576,12,2
10576,13,3
10576,10,3
10576,18,2
10577,27,3
10577,32,1
10577,11,2
10577,34,3
10578,5,3
10578,30,2
10578,35,1
10579,7,2
10579,23,1
10579,5,1
10579,24,2
10580,24,3
10580,11,1
10581,18,1
10582,37,2
10582,26,2
10582,34,2
10583,14,1
10583,11,1
10583,20,1
10584,17,2
10584,9,1
10585,23,2
10585,14,1
10585,32,3
10586,3,3
10586,34,3
10586,22,2
10586,1,1
10587,27,2
10587,36,2
10587,0,3
10587,38,3
10588,10,2
10589,21,3
10589,2,1
10589,28,3
10589,0,2
10590,0,1
10590,2,1
10590,14,3
10591,33,1
10591,11,3
10592,29,1
10592,10,2
10592,15,3
10592,33,1
10593,4,3
10593,0,3
10593,13,1
10593,36,2
10594,38,1
10594,37,2
10594,35,3
10594,8,3
10595,17,2
10595,15,2
10595,4,1
10596,1,2
10596,29,2
10597,27,3
10598,17,1
10598,28,1
10598,4,2
10599,24,1
10600,37,3
10600,31,3
10600,5,2
10601,36,1
10601,34,3
10601,11,3
10602,12,1
10602,19,2
10603,14,2
10604,25,3
10604,16,2
10604,5,1
10605,19,1
10605,6,2
10605,23,2
10606,19,3
10606,38,1
10607,14,1
10607,12,2
10608,31,1
10608,6,2
10608,36,1
10608,19,2
10609,31,3
10609,3,2
10610,13,3
10610,30,2
10610,25,1
10610,26,2
10611,4,1
10612,18,2
10613,25,3
10613,28,1
10613,9,3
10613,14,3
10614,33,2
10615,24,3
10615,34,3
10616,26,1
10616,25,3
10617,31,2
10618,17,1
10618,36,1
10618,24,3
10619,15,1
10619,11,1
10620,8,3
10621,11,2
10622,18,2
10622,21,3
10623,8,1
10624,31,1
10624,11,3
10625,22,1
10626,4,1
10626,20,3
10627,13,2
10627,34,2
10627,0,1
10628,13,1
10628,33,2
10628,21,1
10629,21,3
10629,13,1
10630,19,3
10631,3,3
10632,18,1
10632,26,2
10633,11,1
10633,30,3
10633,33,2
10633,18,3
10634,29,1
10634,34,2
10635,22,2
10635,8,1
10635,32,2
10635,2,1
10636,28,1
10636,22,1
10636,3,2
10637,23,2
10637,6,3
10637,7,1
10638,8,2
10638,26,2
10639,34,2
10640,8,1
10640,4,1
10640,22,1
10641,18,2
10641,30,1
10641,4,1
10641,24,2
10642,18,3
10642,15,1
10642,3,2
10643,25,2
10644,21,2
10645,29,3
10646,12,1
10646,20,1
10646,16,1
10647,21,2
10647,10,1
10647,3,1
10647,7,3
10648,27,3
10648,21,3
10648,26,1
10648,16,2
10649,1,3
10650,20,1
10650,37,1
10650,35,1
10650,11,2
10651,15,1
10651,13,1
10651,7,3
10652,29,3
10652,26,3
10653,4,2
10653,1,2
10654,37,2
10654,5,2
10655,26,2
10655,3,2
10656,38,2
10656,30,2
10656,11,2
10657,31,3
10657,7,1
10657,14,1
10658,10,3
10658,38,1
10659,17,1
10659,33,3
10660,37,1
10661,37,3
10661,29,1
10661,36,2
10661,17,2
10662,6,2
10663,11,1
10664,12,3
10664,22,1
10664,21,1
10664,30,2
10665,34,1
10665,32,2
10665,16,1
10666,20,3
10666,5,1
10666,22,2
10666,37,1
10667,11,1
10667,37,3
10667,2,3
10667,35,2
10668,35,2
10668,20,3
10668,7,1
10669,35,2
10670,7,2
10671,25,2
10671,28,2
10672,23,1
10672,12,1
10673,22,3
10673,35,3
10674,11,3
10674,1,2
10675,1,2
10676,23,2
10676,27,3
10676,38,3
10676,33,1
10677,29,3
10677,13,2
10677,10,3
10678,24,2
10678,15,1
10678,1,2
10679,22,3
10679,31,3
10679,26,1
10680,28,3
10680,10,1
10680,36,3
10681,15,1
10681,3,2
10681,38,2
10682,2,2
10683,21,1
10683,32,2
10683,30,3
10683,37,2
10684,1,3
10684,4,3
10685,9,2
10686,32,2
10686,33,1
10686,2,1
10687,3,2
10687,29,3
10687,26,2
10688,15,1
10688,9,2
10688,28,1
10689,6,3
10689,26,3
10689,18,1
10690,13,2
10690,27,1
10690,8,2
10690,16,3
10691,16,3
10691,0,1
10692,13,2
10692,8,1
10692,11,1
10692,12,2
10693,4,2
10693,12,3
10693,34,1
10693,28,1
10694,25,2
10695,16,1
10695,11,1
10695,4,1
10695,34,3
10696,13,2
10696,15,3
10696,22,3
10696,35,1
10697,36,2
10697,1,3
10698,25,3
10698,16,1
10699,24,1
10699,5,2
10699,35,2
10699,19,1
10700,26,3
10701,8,3
10702,23,1
10702,4,3
10702,25,3
10703,20,2
10704,1,2
10704,9,3
10705,25,1
10705,18,2
10705,26,1
10706,7,2
10707,0,2
10707,34,3
10708,13,1
10708,18,3
10709,22,1
10710,1,1
10710,17,3
10711,36,3
10711,6,2
10712,15,2
10712,1,2
10712,30,1
10712,19,3
10713,33,1
10713,30,1
10713,34,1
10714,23,1
10714,17,1
10714,34,1
10715,32,1
10715,13,3
10715,8,1
10716,33,3
10716,6,1
10716,35,1
10717,3,3
10717,20,1
10718,3,1
10719,20,1
10720,33,2
10720,8,3
10721,7,1
10721,33,3
10721,9,2
10721,2,2
10722,27,3
10722,4,3
10722,16,3
10722,35,3
10723,17,1
10724,3,2
10725,30,3
10725,22,1
10725,36,2
10725,37,2
10726,32,3
10727,30,3
10727,33,1
10727,24,2
10728,12,2
10728,18,2
10728,2,3
10729,2,1
10729,33,1
10729,0,2
10729,8,3
10730,27,2
10730,5,1
10730,32,1
10730,38,1
10731,32,2
10732,13,3
10732,21,2
10732,23,3
10732,14,1
10733,25,3
10733,24,3
10734,6,3
10734,18,3
10734,11,1
10735,26,3
10736,18,3
10736,27,2
10736,25,1
10737,3,1
10737,29,3
10737,5,2
10737,7,1
10738,12,3
10738,27,1
10738,16,1
10739,6,3
10739,18,3
10739,33,1
10740,28,1
10740,24,2
10741,5,2
10741,8,3
10741,11,1
10741,33,1
10742,27,1
10743,18,3
10743,11,2
10744,3,1
10744,33,3
10745,16,2
10745,29,2
10745,32,2
10745,27,1
10746,7,3
10747,1,1
10747,33,1
10747,5,3
10747,12,1
10748,30,1
10748,25,3
10748,31,3
10749,36,1
10749,7,1
10749,35,3
10750,9,2
10751,27,3
10751,28,1
10752,11,1
10752,12,2
10752,16,3
10753,10,1
10753,37,2
10754,11,2
10754,2,2
10754,25,2
10755,27,1
10755,12,1
10755,38,2
10755,2,1
10756,38,3
10756,6,2
10756,14,3
10757,31,2
10757,1,3
10757,17,3
10758,9,2
10758,5,3
10758,20,3
10759,18,1
10759,12,3
10759,29,3
10759,4,2
10760,32,2
10760,14,2
10761,28,1
10761,13,1
10761,36,3
10761,32,3
10762,24,1
10762,32,1
10762,7,1
10762,11,2
10763,18,1
10763,29,3
10764,19,3
10764,18,1
10765,36,3
10765,29,1
10766,29,1
10766,25,3
10766,9,2
10767,32,2
10767,34,3
10767,36,2
10768,1,1
10768,14,2
10768,23,3
10769,13,2
10769,16,1
10769,30,1
10770,5,1
10771,1,3
10771,26,1
10771,31,3
10771,32,3
10772,17,2
10773,33,2
10773,16,3
10773,25,3
10774,9,3
10774,34,3
10774,27,1
10774,17,3
10775,20,3
10776,24,1
10776,23,1
10776,17,2
10776,15,1
10777,8,3
10777,3,1
10777,24,2
10777,19,1
10778,30,3
10778,20,3
10778,38,2
10779,3,2
10779,5,2
10780,18,1
10780,35,3
10781,15,2
10781,14,2
10781,21,2
10782,19,2
10782,30,3
10782,37,3
10783,35,3
10783,19,1
10783,28,1
10783,1,3
10784,5,1
10784,22,2
10785,1,2
10785,8,1
10785,37,3
10786,7,1
10786,36,3
10786,38,1
10787,17,2
10787,33,1
10787,38,3
10788,19,1
10788,36,1
10788,0,2
10788,7,1
10789,37,3
10789,23,1
10789,6,1
10789,0,3
10790,14,3
10790,17,1
10790,35,2
10790,2,1
10791,16,3
10792,14,2
10793,15,2
10793,3,1
10794,8,3
10795,5,1
10796,14,2
10796,22,3
10796,34,1
10796,21,1
10797,10,1
10797,25,2
10798,37,1
10798,24,2
10799,29,1
10800,38,1
10800,0,3
10800,3,3
10800,19,3
10801,24,1
10802,13,3
10802,23,3
10803,31,2
10803,25,1
10803,28,3
10804,29,3
10805,18,2
10805,7,2
10805,15,2
10806,2,3
10807,5,1
10807,19,1
10807,33,3
10808,19,2
10809,8,1
10809,11,1
10810,4,2
10810,24,2
10811,25,1
10811,8,2
10811,36,1
10811,37,1
10812,20,3
10812,34,2
10813,2,3
10813,33,2
10813,19,3
10814,18,2
10815,22,2
10816,8,1
10817,31,2
10817,11,2
10817,0,1
10817,21,1
10818,14,2
10818,36,2
10819,10,2
10819,27,2
10819,6,1
10820,0,1
10821,35,2
10821,11,2
10821,38,2
10821,8,3
10822,29,1
10822,38,3
10822,5,3
10823,21,3
10823,27,1
10823,38,2
10823,2,3
10824,21,3
10824,9,3
10824,29,3
10824,5,1
10825,14,2
10826,33,1
10826,8,3
10826,25,3
10827,4,1
10827,5,1
10828,28,2
10828,1,2
10828,10,1
10829,1,1
10830,23,1
10830,34,1
10831,36,1
10831,9,1
10831,24,1
10831,19,2
10832,1,3
10832,22,2
10833,25,3
10833,5,3
10834,36,2
10835,10,1
10835,30,1
10835,35,3
10836,31,1
10836,16,3
10836,37,2
10837,36,2
10837,29,2
10837,19,1
10838,0,2
10839,18,2
10839,9,2
10839,14,3
10839,17,3
10840,11,2
10840,28,1
10840,31,3
10840,26,3
10841,5,3
10841,7,3
10841,2,1
10842,31,1
10843,24,2
10843,21,1
10843,12,2
10843,8,1
10844,14,3
10844,29,2
10844,30,2
10845,38,2
10846,15,2
10846,14,3
10846,13,3
10846,23,3
10847,29,3
10847,17,1
10848,1,2
10848,35,1
10848,38,1
10849,15,2
10850,20,2
10850,32,1
10851,7,2
10851,1,3
10851,2,3
10852,17,2
10852,25,2
10853,6,3
10854,16,2
10855,30,3
10855,1,1
10856,25,1
10856,4,2
10856,34,3
10857,14,1
10857,34,1
10857,37,2
10858,30,3
10858,1,1
10858,26,1
10859,7,1
10859,17,2
10859,20,3
10859,28,3
10860,6,2
10860,10,2
10860,30,3
10860,15,1
10861,18,1
10861,31,1
10861,20,3
10861,3,3
10862,23,3
10863,16,1
10863,1,2
10864,8,3
10864,24,3
10864,9,3
10864,37,1
10865,17,2
10865,3,3
10866,34,2
10866,27,3
10867,35,1
10868,37,3
10869,6,2
10869,14,2
10869,21,3
10870,14,1
10870,11,2
10870,12,3
10870,26,1
10871,22,3
10871,30,1
10872,3,1
10873,4,1
10873,5,1
10874,11,2
10874,29,3
10874,37,3
10875,13,2
10876,32,1
10876,23,2
10877,19,3
10877,23,2
10877,3,2
10878,18,2
10879,10,3
10880,31,2
10881,36,3
10881,17,2
10882,38,3
10882,5,3
10883,33,2
10884,12,1
10884,26,1
10884,27,3
10885,23,3
10885,31,3
10886,27,3
10887,21,1
10888,14,1
10888,12,2
10888,4,2
10889,38,3
10889,12,2
10889,27,2
10890,36,1
10891,37,3
10891,32,3
10891,9,1
10892,17,2
10892,12,3
10892,7,1
10892,34,1
10893,33,2
10893,0,3
10893,11,1
10894,24,3
10894,9,1
10895,22,2
10895,23,1
10895,33,3
10895,16,2
10896,35,2
10896,4,2
10896,17,3
10897,4,1
10897,20,1
10898,12,2
10899,25,2
10899,5,3
10900,24,2
10900,31,2
10900,13,2
10901,19,1
10901,37,3
10902,28,3
10903,35,3
10903,2,3
10903,11,2
10904,24,3
10904,20,3
10904,6,2
10904,28,1
10905,13,2
10906,13,3
10906,12,2
10907,37,2
10907,17,1
10907,6,1
10908,16,2
10909,11,3
10910,37,3
10910,32,3
10910,38,2
10911,3,2
10911,16,2
10912,24,1
10912,18,1
10912,27,2
10912,11,2
10913,28,1
10914,1,2
10914,32,1
10914,25,3
10915,5,2
10916,16,3
10917,33,2
10917,25,3
10917,16,1
10917,4,3
10918,11,3
10919,0,3
10920,5,2
10921,2,2
10922,12,3
10922,4,2
10923,29,2
10923,1,2
10924,19,3
10925,14,3
10925,37,2
10926,1,1
10926,8,3
10927,27,2
10927,5,2
10927,32,2
10928,19,2
10928,11,2
10928,24,3
10929,28,1
10930,26,1
10930,27,3
10930,13,3
10930,30,2
10931,1,3
10931,34,2
10931,16,3
10932,21,1
10932,8,2
10932,15,1
10932,0,3
10933,3,1
10933,9,3
10933,4,2
10933,30,3
10934,25,2
10935,11,3
10936,10,1
10936,30,1
10936,23,2
10937,17,1
10937,2,2
10937,33,3
10938,7,1
10938,12,2
10939,5,2
10939,7,3
10940,25,2
10940,33,2
10940,18,1
10941,37,2
10941,7,2
10941,27,1
10942,28,1
10943,19,3
10944,36,1
10944,5,2
10944,20,3
10944,29,2
10945,15,2
10945,23,1
10945,17,2
10945,10,1
10946,29,2
10946,27,1
10947,11,1
10947,38,1
10947,31,3
10948,18,2
10948,5,3
10949,31,3
10950,14,2
10950,35,1
10951,38,2
10951,31,2
10951,6,1
10951,35,3
10952,8,1
10952,36,3
10952,15,3
10952,26,2
10953,31,1
10954,23,3
10954,10,2
10954,6,2
10955,26,3
10955,12,1
10956,18,2
10956,37,2
10956,21,2
10956,29,3
10957,22,3
10957,29,1
10957,13,3
10958,19,3
10958,36,2
10958,10,1
10958,9,1
10959,0,1
10959,3,2
10959,9,2
10960,32,1
10961,34,2
10961,0,2
10962,15,1
10963,14,3
10963,21,2
10963,17,2
10963,28,3
10964,26,3
10964,2,3
10964,22,3
10965,29,1
10965,31,3
10965,10,1
10965,22,3
10966,27,1
10966,6,2
10966,7,3
10966,12,3
10967,21,3
10967,12,2
10968,18,2
10968,24,3
10968,16,1
10969,19,2
10969,16,3
10969,25,2
10970,26,1
10970,31,2
10970,38,1
10970,33,3
10971,3,3
10971,2,3
10971,7,3
10971,36,3
10972,4,3
10972,13,2
10973,38,2
10973,19,3
10973,30,2
10973,27,2
10974,23,2
10974,27,2
10974,34,1
10974,26,1
10975,9,3
10975,19,3
10976,31,1
10976,21,3
10976,2,1
10976,0,2
10977,7,3
10977,28,2
10978,37,1
10978,24,2
10979,1,2
10979,17,1
10979,22,2
10979,13,1
10980,36,2
10980,33,3
10980,8,3
10980,2,2
10981,37,3
10981,31,3
10982,26,1
10983,1,1
10983,32,1
10984,25,2
10984,17,2
10984,6,3
10985,15,2
10985,4,1
10985,5,2
10986,15,1
10986,27,2
10987,4,3
10987,7,3
10987,15,2
10987,14,2
10988,18,1
10989,36,1
10989,19,2
10989,28,3
10990,24,1
10990,12,3
10990,36,3
10991,29,2
10991,3,3
10991,25,2
10992,26,3
10993,8,3
10993,27,3
10993,21,1
10994,37,2
10994,3,2
10994,30,1
10994,18,2
10995,0,3
10995,11,1
10996,26,1
10996,33,2
10996,31,1
10996,20,2
10997,22,2
10998,30,3
10999,0,2
10999,22,3
10999,10,2
10999,26,2
11000,14,3
11001,33,3
11001,34,1
11001,30,3
11001,8,2
11002,19,2
11002,10,1
11002,3,2
11002,25,3
11003,8,3
11003,3,3
11003,33,1
11003,37,3
11004,28,2
11004,12,1
11005,12,2
11006,11,2
11006,37,3
11006,0,1
11007,6,3
11007,10,2
11008,37,3
11009,25,1
11010,19,3
11011,1,3
11011,26,1
11011,25,3
11012,8,2
11012,4,3
11012,16,2
11012,9,2
11013,22,2
11013,36,1
11013,6,1
11014,15,1
11014,28,3
11014,12,3
11014,18,1
11015,34,3
11015,32,3
11015,30,2
11016,30,3
11016,16,1
11016,15,1
11017,32,1
11017,15,2
11017,3,1
11017,33,3
11018,24,2
11019,10,2
11019,26,1
11019,32,2
11020,26,2
11020,18,2
11020,17,3
11021,24,2
11022,8,3
11023,36,1
11024,18,1
11024,23,1
11024,29,2
11025,24,3
11025,27,1
11025,21,3
11026,1,1
11026,35,2
11026,37,2
11026,11,2
11027,31,3
11028,1,1
11028,13,2
11028,12,1
11029,33,3
11029,14,2
11029,29,3
11030,16,2
11030,3,2
11030,15,1
11031,32,1
11031,30,1
11031,18,1
11032,1,2
11032,25,1
11032,26,3
11032,32,2
11033,20,1
11033,2,2
11034,27,1
11034,22,3
11035,30,2
11036,14,1
11037,30,3
11037,26,1
11038,15,2
11038,23,2
11038,2,1
11038,25,3
11039,22,1
11040,30,3
11040,11,3
11040,18,3
11041,13,1
11041,11,3
11041,5,2
11042,19,2
11043,13,3
11043,25,3
11043,1,2
11044,24,1
11044,7,1
11044,11,3
11045,17,2
11045,14,2
11045,35,1
11046,32,1
11046,10,3
11047,19,2
11048,25,2
11048,22,1
11049,0,3
11049,2,2
11049,23,3
11049,7,3
11050,25,3
11050,20,1
11050,8,3
11051,2,3
11051,37,2
11051,12,3
11052,7,1
11052,10,1
11053,32,2
11053,4,1
11053,15,1
11054,29,2
11055,26,2
11055,3,3
11055,25,1
11055,29,2
11056,35,3
11056,30,3
11057,24,3
11057,26,3
11058,9,1
11058,17,3
11059,14,2
11059,25,3
11059,37,3
11059,19,3
11060,28,2
11060,33,2
11060,18,1
11060,36,1
11061,1,3
11061,31,3
11061,3,3
11061,29,3
11062,24,3
11062,35,2
11063,1,2
11063,6,3
11063,38,3
11063,32,1
11064,16,1
11065,20,2
11066,34,2
11067,5,3
11067,34,1
11067,24,3
11068,34,1
11068,30,1
11068,20,1
11068,12,3
11069,22,3
11069,28,3
11069,4,2
11069,12,3
11070,3,3
11070,26,1
11070,0,1
11070,23,2
11071,22,3
11071,21,3
11072,11,3
11072,15,3
11073,27,3
11073,14,1
11073,38,1
11073,37,1
11074,7,2
11075,37,2
11075,8,2
11075,31,3
11076,28,3
11076,13,1
11076,19,3
11077,21,2
11077,4,1
11078,9,1
11078,0,2
11078,17,3
11079,28,2
11079,24,2
11079,7,2
11080,21,2
11080,6,1
11080,0,3
11080,20,1
11081,37,3
11081,1,1
11082,15,1
11083,28,1
11083,10,1
11084,19,1
11084,7,2
11084,24,3
11085,6,2
11085,8,2
11085,19,3
11086,8,2
11086,12,1
11086,27,3
11086,13,1
11087,37,2
11087,23,1
11087,0,3
11088,26,2
11089,19,1
11090,2,3
11090,11,3
11090,6,2
11091,1,1
11091,3,2
11091,33,3
11092,8,3
11092,25,3
11093,36,3
11093,35,2
11093,1,1
11094,31,2
11094,12,2
11094,34,2
11094,19,1
11095,0,3
11095,32,2
11095,24,3
11095,29,3
11096,6,1
11097,0,3
11097,19,2
11097,32,2
11097,20,3
11098,6,3
11099,33,3
11100,4,2
11100,2,1
11100,32,1
11101,37,2
11101,12,3
11101,9,1
11102,24,2
11102,37,2
11102,21,2
11103,32,3
11103,12,2
11103,14,2
11103,30,3
11104,16,3
11104,8,2
11104,6,2
11105,14,3
11105,15,2
11105,25,2
11106,30,2
11106,19,1
11106,5,1
11107,14,3
11107,34,3
11107,24,3
11107,10,2
11108,37,2
11109,7,1
11109,30,1
11109,24,3
11109,14,2
11110,26,1
11111,5,1
11111,29,1
11112,22,3
11112,12,1
11112,3,1
11112,10,2
11113,19,1
11113,23,2
11113,26,2
11114,5,3
11114,37,1
11115,31,1
11116,22,3
11116,14,2
11116,2,1
11116,19,2
11117,16,1
11117,22,2
11117,38,2
11118,36,3
11118,9,2
11118,5,2
11118,12,2
11119,23,2
11119,16,1
11119,8,3
11120,21,1
11120,12,3
11120,29,2
11120,9,2
11121,21,1
11121,38,1
11121,10,2
11121,7,1
11122,24,3
11122,26,1
11123,29,3
11124,9,2
11124,10,2
11125,29,1
11125,30,2
11125,11,3
11125,16,3
11126,0,2
11126,20,3
11126,36,3
11127,27,1
11127,31,1
11127,36,2
11128,19,1
11128,20,1
11128,12,1
11128,37,3
11129,1,2
11129,28,1
11129,16,2
11129,14,2
11130,3,2
11130,6,3
11130,37,2
11131,35,3
11131,1,3
11131,8,2
11131,6,2
11132,29,2
11132,20,1
11132,11,2
11133,32,3
11133,30,3
11133,24,1
11134,8,2
11134,0,3
11134,16,1
11135,1,1
11135,6,3
11136,14,3
11137,33,2
11138,6,1
11138,12,3
11138,20,3
11138,31,3
11139,8,3
11139,9,2
11140,11,1
11140,28,1
11141,19,2
11141,12,2
11141,33,2
11141,29,1
11142,37,2
11143,7,2
11144,10,2
11144,19,2
11145,35,1
11145,26,1
11145,8,3
11145,18,1
11146,3,3
11146,8,3
11147,33,3
11147,36,1
11148,34,2
11149,17,3
11149,0,1
11149,1,3
11149,14,3
11150,0,3
11150,6,3
11150,30,2
11150,27,2
11151,34,3
11151,23,2
11151,33,3
11152,26,3
11152,10,2
11152,28,3
11153,20,1
11153,9,2
11153,10,2
11153,36,3
11154,12,3
11155,15,3
11155,35,2
11155,14,3
11155,34,3
11156,18,3
11156,33,2
11156,16,2
11157,34,3
11158,33,2
11158,35,3
11158,8,3
11158,10,3
11159,35,1
11159,32,1
11159,0,1
11159,23,3
11160,9,1
11160,5,2
11160,13,3
11160,15,3
11161,23,3
11161,1,1
11161,34,2
11162,25,2
11162,9,1
11162,26,1
11163,7,3
11164,15,2
11164,5,3
11164,7,1
11165,37,2
11165,9,2
11165,38,1
11165,3,2
11166,25,2
11167,19,2
11167,31,3
11167,1,2
11168,1,3
11168,18,2
11169,28,2
11169,3,1
11169,13,3
11170,20,1
11170,36,2
11171,25,3
11171,37,3
11171,34,1
11171,28,1
11172,15,3
11172,31,3
11172,4,2
11172,23,1
11173,22,1
11173,33,3
11173,32,2
11174,4,2
11174,3,3
11174,31,1
11175,28,3
11175,27,1
11175,17,1
11175,33,2
11176,16,1
11177,22,3
11177,20,3
11177,7,2
11177,11,2
11178,25,1
11178,11,1
11178,10,1
11178,31,3
11179,14,1
11179,9,3
11179,38,2
11180,4,3
11180,22,1
11180,34,2
11180,32,2
11181,12,1
11182,30,1
11182,2,1
11182,24,3
11183,11,3
11184,32,2
11184,4,1
11185,30,3
11186,34,3
11186,23,3
11186,26,2
11187,28,3
11188,17,3
11188,10,3
11188,2,3
11189,32,1
11189,23,2
11190,25,3
11190,22,1
11190,19,3
11190,2,1
11191,10,3
11191,1,3
11192,9,2
11192,30,1
11192,20,1
11192,25,2
11193,27,1
11193,5,2
11194,35,1
11194,5,2
11194,19,2
11195,25,3
11195,27,3
11196,16,2
11196,17,3
11196,23,1
11196,28,1
11197,5,2
11198,24,3
11199,24,2
11199,34,3
11199,16,2
11200,4,3
11200,30,3
11200,20,2
11201,17,3
11201,22,2
11201,7,1
11201,18,1
11202,33,3
11202,19,2
11202,9,1
11203,29,1
11203,26,2
11204,4,3
11204,10,2
11204,11,3
11204,3,3
11205,36,2
11205,5,3
11205,18,2
11205,38,1
11206,3,1
11206,17,3
11207,28,2
11208,0,2
11209,9,2
11209,5,3
11209,28,1
11210,38,3
11210,12,2
11211,23,3
11211,35,3
11211,29,3
11211,32,1
11212,21,1
11212,10,2
11213,10,1
11213,6,3
11214,22,3
11215,19,1
11216,16,2
11216,24,3
11216,10,1
11216,38,1
11217,26,2
11217,30,1
11217,11,1
11217,32,3
11218,26,3
11219,29,1
11220,5,3
11220,12,1
11220,38,2
11221,1,3
11221,6,3
11222,38,2
11223,17,3
11224,8,1
11224,25,3
11224,14,2
11224,23,3
11225,35,3
11225,11,1
11226,1,3
11226,32,1
11226,8,2
11227,7,2
11227,2,1
11227,12,3
11228,2,1
11228,26,3
11229,34,1
11229,1,1
11230,22,2
11230,24,3
11231,21,2
11231,23,1
11232,7,3
11232,18,2
11232,1,3
11233,28,1
11233,31,2
11234,22,2
11235,6,1
11235,11,3
11235,13,2
11236,25,2
11236,36,3
11236,10,3
11236,15,1
11237,32,2
11237,0,3
11238,30,3
11238,22,2
11238,6,2
11239,37,3
11239,22,1
11240,7,2
11240,36,1
11240,38,2
11240,20,2
11241,30,2
11241,1,3
11242,22,2
11242,11,3
11242,5,2
11243,36,3
11244,32,2
11244,37,2
11244,28,3
11244,7,2
11245,6,1
11245,26,3
11246,22,1
11247,28,3
11247,38,1
11247,1,3
11247,8,1
11248,26,3
11249,18,2
11249,10,3
11249,9,2
11249,14,1
11250,1,2
11250,6,3
11250,22,1
11251,13,1
11251,32,2
11251,19,1
11252,34,1
11253,12,1
11254,13,1
11255,32,1
11255,33,2
11255,1,2
11256,2,3
11256,29,1
11256,31,1
11257,13,3
11258,6,3
11259,22,3
11260,19,3
11261,20,2
11261,19,1
11261,13,1
11262,21,1
11262,31,2
11263,27,3
11263,19,3
11263,25,3
11264,18,3
11264,17,3
11265,24,1
11266,28,3
11266,17,1
11266,36,3
11267,27,3
11267,12,1
11267,35,1
11267,0,1
11268,16,3
11268,12,1
11269,14,2
11270,7,2
11270,19,2
11270,24,3
11270,3,2
11271,38,3
11271,19,3
11272,6,1
11272,3,2
11272,29,2
11272,27,2
11273,33,3
11273,2,2
11273,0,2
11273,3,1
11274,2,3
11274,4,1
11275,10,3
11276,36,1
11276,12,3
11276,28,1
11277,23,3
11277,4,2
11277,0,2
11278,11,2
11278,37,1
11278,15,3
11279,0,2
11279,33,1
11280,8,1
11280,7,3
11280,38,1
11280,14,3
11281,32,1
11281,28,1
11281,18,3
11282,23,2
11282,32,1
11282,36,1
11283,8,1
11283,28,2
11284,36,2
11285,18,3
11285,25,3
11286,28,2
11287,36,3
11288,14,2
11288,5,1
11288,2,1
11289,23,2
11289,7,1
11289,29,2
11289,32,1
11290,27,2
11290,25,1
11290,24,2
11290,37,1
11291,9,3
11291,32,3
11291,35,3
11292,33,3
11292,37,2
11292,0,1
11292,10,1
11293,32,3
11293,33,3
11293,28,1
11294,3,3
11294,34,1
11294,11,3
11294,35,2
11295,19,3
11296,3,1
11296,14,3
11297,31,3
11297,15,2
11297,12,2
11298,2,3
11298,22,1
11298,30,2
11299,30,2
11299,12,3
11300,9,3
11301,30,2
11301,23,2
11301,5,3
11302,16,3
11302,30,3
11302,36,1
11303,20,1
11303,26,1
11303,14,3
11304,32,1
11305,18,3
11306,5,3
11306,0,3
11306,18,2
11307,1,2
11307,30,1
11307,13,2
11307,25,2
11308,28,2
11308,12,1
11308,9,3
11309,23,1
11309,31,2
11309,22,3
11309,6,1
11310,8,2
11311,29,1
11311,20,1
11312,8,3
11312,36,2
11313,27,1
11314,21,3
11314,30,3
11315,32,1
11315,20,3
11315,37,2
11316,25,3
11316,15,2
11317,21,2
11317,17,2
11318,32,1
11318,21,1
11319,7,3
11319,37,1
11319,27,1
11320,13,2
11320,22,3
11320,27,2
11321,11,3
11321,8,3
11322,6,3
11322,9,2
11322,2,1
11322,4,1
11323,31,2
11323,19,2
11323,1,1
11324,0,3
11325,31,1
11325,27,2
11325,20,2
11325,7,2
11326,5,2
11326,29,3
11327,27,1
11327,22,2
11327,5,2
11327,18,3
11328,3,2
11328,14,2
11329,12,2
11329,28,3
11330,14,3
11330,7,1
11330,36,3
11331,36,1
11331,33,3
11332,26,1
11332,38,1
11332,33,2
11332,37,3
11333,2,3
11333,9,2
11333,20,3
11333,36,1
11334,31,1
11334,20,3
11335,19,3
11335,33,1
11336,21,3
11336,23,1
11336,13,1
11337,27,1
11337,35,1
11338,31,1
11339,21,1
11340,13,2
11340,4,3
11340,5,3
11341,26,3
11341,18,1
11341,38,1
11341,5,3
11342,38,3
11343,29,2
11343,1,1
11343,11,1
11344,8,3
11344,19,3
11344,11,2
11344,28,1
11345,20,1
11345,3,3
11346,27,3
11346,1,3
11346,26,1
11346,33,2
11347,17,1
11347,5,1
11348,30,2
11348,38,2
11348,37,3
11348,16,3
11349,33,1
11350,17,3
11350,23,2
11350,28,3
11351,32,1
11351,26,2
11351,10,3
11351,20,2
11352,6,2
11353,1,3
11353,21,3
11353,22,2
11354,7,2
11355,30,3
11355,31,1
11355,17,2
11355,2,1
11356,25,1
11356,21,2
11356,20,2
11356,31,2
11357,18,2
11358,5,3
11358,31,3
11358,22,2
11359,20,1
11359,8,2
11360,27,1
11360,25,2
11361,33,2
11361,34,3
11362,33,2
11362,29,3
11363,38,3
11364,11,3
11364,29,3
11365,8,1
11365,38,3
11365,19,1
11365,17,2
11366,18,1
11366,17,2
11366,16,1
11366,8,2
11367,3,1
11367,8,3
11368,36,3
11369,24,1
11369,13,1
11370,8,1
11370,29,1
11370,2,1
11371,20,3
11372,30,2
11373,13,1
11374,22,2
11374,1,1
11374,31,3
11374,20,1
11375,15,1
11375,25,3
11375,31,3
11376,18,2
11377,37,2
11378,30,2
11379,7,1
11379,23,3
11379,24,1
11379,33,1
11380,22,1
11380,38,3
11381,25,1
11382,31,1
11382,38,3
11383,15,2
11383,31,2
11383,38,2
11384,36,2
11384,1,2
11385,24,1
11385,0,1
11385,33,1
11386,22,1
11386,29,2
11386,21,1
11386,36,3
11387,9,3
11387,32,1
11388,1,1
11389,22,1
11390,29,3
11391,13,1
11392,18,3
11392,19,3
11392,27,1
11392,4,3
11393,25,3
11393,27,3
11394,5,3
11394,31,3
11394,24,2
11395,1,2
11396,19,1
11396,29,1
11397,7,2
11397,19,2
11397,16,1
11397,37,2
11398,38,1
11398,22,2
11398,27,2
11398,33,3
11399,35,1
11399,14,2
11400,7,3
11400,5,3
11400,6,2
11400,33,3
11401,22,3
11402,31,2
11402,11,2
11402,22,3
11403,6,1
11403,17,1
11404,34,2
11404,14,3
11404,9,2
11405,10,3
11405,1,2
11405,27,1
11405,33,3
11406,36,1
11406,16,2
11406,10,2
11407,10,2
11408,9,3
11408,12,3
11409,1,1
11409,37,3
11410,15,2
11410,6,2
11411,6,1
11411,9,1
11411,37,3
11412,10,2
11412,35,1
11413,26,1
11414,11,2
11414,32,2
11415,19,2
11415,26,2
11415,25,1
11416,17,1
11416,21,1
11417,24,2
11417,11,1
11417,21,2
11417,27,3
11418,36,3
11418,29,1
11419,23,3
11420,23,3
11420,14,1
11421,36,2
11422,0,1
11422,15,1
11422,21,3
11422,9,1
11423,8,2
11423,20,2
11424,23,1
11424,34,2
11425,3,1
11425,10,3
11425,31,3
11426,28,1
11426,38,2
11426,33,2
11426,37,2
11427,20,3
11427,10,3
11428,27,1
11428,16,3
11428,15,3
11429,7,2
11429,1,2
11430,29,1
11431,23,1
11431,8,3
11431,15,2
11432,28,1
11432,16,3
11432,10,3
11432,38,3
11433,9,2
11434,7,3
11434,5,2
11434,14,3
11434,38,3
11435,36,1
11435,21,3
11435,23,3
11436,6,1
11436,12,1
11437,17,2
11437,1,1
11438,37,1
11438,31,1
11438,11,1
11439,26,3
11439,20,3
11440,11,3
11440,36,1
11440,4,1
11440,2,2
11441,24,3
11441,31,2
11442,23,2
11442,9,3
11442,2,3
11442,5,3
11443,1,1
11444,2,2
11444,28,3
11444,21,1
11444,13,1
11445,6,2
11445,7,3
11445,16,1
11446,33,3
11446,22,2
11446,31,3
11446,35,2
11447,36,3
11448,6,3
11448,26,2
11448,13,3
11448,7,2
11449,31,2
11449,30,2
11450,28,3
11450,19,1
11450,3,1
11450,7,2
11451,38,3
11452,0,1
11452,16,3
11452,1,2
11453,1,3
11454,10,3
11454,2,2
11455,8,3
11455,9,1
11456,27,1
11457,22,2
11457,11,2
11458,23,2
11458,6,3
11458,31,2
11459,17,2
11460,10,1
11460,36,2
11460,6,2
11461,23,3
11461,37,2
11461,17,3
11461,32,1
11462,21,1
11462,3,2
11462,34,2
11463,3,3
11463,33,3
11463,5,3
11464,7,2
11464,9,3
11465,19,2
11465,26,2
11465,14,2
11465,27,1
11466,10,1
11466,35,2
11467,21,3
11467,15,1
11467,34,1
11468,28,2
11468,33,3
11469,22,1
11469,2,3
11470,30,3
11470,33,1
11470,8,2
11471,8,2
11472,10,2
11472,38,2
11472,16,2
11472,31,3
11473,31,3
11473,7,3
11473,30,3
11473,28,3
11474,16,3
11474,28,1
11474,6,3
11475,6,2
11475,3,2
11475,34,1
11476,13,1
11476,12,1
11476,3,1
11477,27,3
11477,35,1
11477,5,2
11477,8,3
11478,20,3
11479,38,2
11479,20,2
11479,22,1
11480,30,3
11480,15,3
11481,34,1
11481,12,2
11481,18,2
11482,28,1
11482,21,3
11482,9,3
11482,31,2
11483,2,2
11484,14,2
11485,10,1
11485,12,3
11486,26,1
11487,26,3
11488,5,2
11488,36,2
11488,20,3
11488,7,3
11489,15,2
11490,4,2
11490,20,1
11491,5,1
11492,31,3
11492,30,3
11492,18,2
11492,22,2
11493,10,1
11493,34,2
11493,6,1
11494,4,2
11495,24,3
11495,35,1
11495,30,2
11495,6,2
11496,8,2
11497,7,2
11497,22,2
11498,6,3
11498,31,1
11499,28,3
11500,38,3
11501,12,3
11501,16,1
11501,22,2
11501,6,2
11502,17,2
11502,28,1
11502,12,2
11503,26,2
11503,3,1
11504,7,1
11505,31,2
11506,3,2
11507,27,1
11507,23,2
11508,22,1
11508,11,2
11508,23,1
11509,0,3
11509,25,3
11510,20,3
11510,7,2
11510,6,3
11511,25,1
11511,23,2
11511,12,1
11512,37,3
11512,12,2
11512,31,3
11512,10,3
11513,8,2
11513,28,2
11513,36,1
11513,11,3
11514,12,1
11515,18,2
11515,21,3
11515,9,1
11516,17,3
11516,5,1
11516,6,1
11517,8,1
11517,3,3
11517,38,2
11518,30,1
11518,31,1
11518,38,1
11518,8,1
11519,19,2
11519,2,1
11520,18,1
11520,19,1
11520,27,2
11520,21,2
11521,34,1
11521,3,3
11522,28,1
11522,3,1
11522,2,2
11522,22,1
11523,24,2
11524,25,3
11524,19,1
11525,4,1
11525,21,2
11525,0,1
11526,38,2
11526,4,2
11526,17,2
11526,22,1
11527,26,2
11527,25,1
11527,2,2
11527,20,3
11528,8,1
11528,21,2
11528,19,3
11529,29,1
11530,15,1
11530,13,2
11530,2,2
11530,35,2
11531,22,1
11531,37,2
11531,31,1
11531,3,2
11532,30,2
11532,19,1
11533,2,3
11533,34,2
11533,6,3
11533,12,3
11534,20,1
11534,24,2
11534,4,3
11534,2,1
11535,12,1
11535,22,2
11535,13,1
11536,5,3
11537,3,2
11538,9,1
11539,14,3
11539,36,1
11540,17,2
11540,29,1
11540,5,3
11540,30,3
11541,23,3
11541,2,1
11541,26,2
11541,6,1
11542,6,1
11542,10,3
11542,14,3
11543,6,1
11543,29,2
11543,2,2
11544,17,3
11545,8,2
11545,20,2
11545,33,1
11545,32,1
11546,25,1
11546,30,2
11546,21,2
11546,27,1
11547,38,2
11548,37,3
11549,23,3
11549,27,1
11550,16,2
11550,1,1
11550,35,1
11551,1,1
11552,2,1
11552,4,2
11552,30,3
11553,38,3
11553,10,2
11553,32,3
11553,7,1
11554,19,1
11554,27,1
11554,21,2
11555,38,1
11555,15,3
11556,33,3
11556,18,3
11556,27,3
11557,38,3
11557,25,2
11557,28,2
11557,8,3
11558,22,3
11558,3,3
11558,10,1
11558,27,1
11559,21,2
11560,24,1
11560,9,3
11560,2,3
11560,6,3
11561,27,3
11561,22,3
11561,8,3
11561,18,3
11562,36,2
11563,4,3
11564,1,1
11564,21,2
11565,24,2
11566,20,1
11566,15,2
11566,16,2
11567,8,2
11567,30,2
11567,4,3
11568,4,3
11568,30,2
11569,34,3
11570,6,1
11570,10,2
11571,11,2
11571,30,3
11571,29,2
11571,25,3
11572,10,3
11572,26,3
11572,28,2
11572,14,3
11573,20,1
11573,28,1
11573,29,2
11573,18,2
11574,17,1
11575,32,3
11576,27,2
11577,7,2
11578,34,3
11578,31,2
11578,19,1
11579,12,3
11579,31,2
11579,32,1
11579,34,3
11580,5,1
11581,14,3
11581,15,3
11582,16,2
11582,9,2
11582,17,1
11582,31,3
11583,11,1
11583,12,1
11584,3,3
11585,4,3
11586,9,3
11587,30,1
11587,7,2
11588,31,2
11588,26,3
11589,29,2
11589,22,3
11589,11,2
11589,32,3
11590,12,3
11590,6,3
11590,16,3
11591,31,1
11591,1,1
11591,11,1
11591,0,1
11592,6,3
11592,1,2
11592,5,2
11592,11,3
11593,1,1
11593,15,2
11593,4,3
11594,5,2
11594,4,2
11595,4,2
11595,38,2
11595,26,1
11595,33,1
11596,4,1
11596,20,1
11597,28,3
11597,14,3
11597,2,2
11597,8,3
11598,11,1
11599,37,1
11600,34,3
11600,21,1
11600,2,3
11600,11,3
11601,0,1
11602,7,3
11602,28,3
11602,35,2
11603,7,1
11604,5,3
11604,36,2
11604,0,2
11605,12,2
11606,37,2
11606,26,2
11607,8,2
11608,30,3
11608,29,1
11608,19,2
11608,32,1
11609,33,1
11609,6,3
11609,16,1
11609,15,2
11610,27,1
11610,35,1
11610,31,1
11611,21,3
11611,35,2
11611,11,1
11611,25,1
11612,36,1
11612,26,3
11612,38,1
11612,16,1
11613,37,1
11613,20,3
11613,31,1
11614,27,1
11615,0,2
11615,24,1
11616,29,3
11616,2,3
11616,4,3
11617,34,1
11617,26,2
11617,4,3
11618,20,2
11618,22,3
11618,12,3
11618,10,1
11619,18,1
11620,3,1
11621,36,2
11621,23,2
11621,31,2
11621,15,3
11622,37,3
11623,6,2
11624,9,3
11624,38,3
11624,15,3
11624,17,1
11625,28,3
11625,38,3
11625,2,2
11625,20,1
11626,5,2
11626,20,2
11626,36,1
11627,13,1
11627,1,2
11628,32,3
11628,38,3
11628,34,2
11628,23,1
11629,4,2
11629,1,3
11629,38,2
11630,35,3
11631,4,3
11631,24,2
11632,20,3
11632,29,3
11632,38,3
11632,34,1
11633,2,2
11634,21,3
11635,35,3
11635,28,3
11635,2,3
11635,8,3
11636,9,2
11637,8,2
11637,14,3
11637,12,1
11638,22,2
11639,32,3
11639,23,2
11639,30,2
11639,25,3
11640,2,1
11641,9,2
11641,11,1
11641,30,1
11642,8,1
11642,34,2
11642,13,2
11642,19,2
11643,2,1
11644,23,3
11645,5,1
11645,27,3
11645,3,3
11646,22,1
11646,31,3
11646,38,1
11646,7,2
11647,18,1
11647,24,3
11648,4,1
11648,29,1
11649,7,2
11649,17,2
11650,1,2
11650,28,2
11650,3,3
11651,10,2
11651,38,2
11652,36,1
11652,20,1
11653,16,1
11654,23,1
11655,0,2
11656,32,3
11656,4,2
11656,37,1
11656,5,3
11657,8,2
11657,0,3
11657,1,1
11658,0,3
11658,23,3
11658,20,2
11659,23,3
11659,19,3
11660,33,3
11660,3,2
11660,31,3
11661,25,3
11661,22,3
11661,37,1
11661,27,2
11662,6,1
11663,16,3
11663,30,1
11664,38,3
11664,37,2
11664,30,3
11665,31,1
11665,21,3
11665,20,2
11666,22,2
11666,0,2
11666,10,1
11666,35,2
11667,38,3
11668,0,3
11668,6,1
11669,17,3
11670,27,1
11671,36,3
11671,25,3
11671,29,1
11671,9,3
11672,13,3
11672,19,2
11672,10,1
11673,25,3
11673,17,1
11673,37,3
11673,1,1
11674,33,2
11674,37,3
11674,38,3
11674,19,3
11675,28,2
11675,19,1
11675,18,1
11675,12,2
11676,0,1
11676,3,2
11677,37,2
11677,20,1
11678,31,3
11678,2,3
11679,17,1
11679,36,1
11679,4,3
11680,0,2
11680,20,2
11681,0,2
11681,6,2
11681,11,3
11681,33,2
11682,4,1
11682,3,2
11682,35,3
11683,34,3
11683,38,2
11683,3,3
11683,0,2
11684,19,2
11684,8,3
11685,32,1
11685,37,3
11686,24,3
11686,31,1
11687,32,3
11687,10,2
11688,9,1
11688,4,3
11688,28,3
11688,29,2
11689,29,3
11689,23,3
11689,4,1
11689,22,2
11690,16,3
11690,4,2
11691,32,2
11691,14,1
11691,5,2
11691,31,1
11692,15,2
11692,6,2
11692,7,1
11692,25,1
11693,34,3
11694,36,3
11694,13,3
11694,23,3
11694,32,3
11695,38,3
11695,27,1
11695,34,2
11695,30,1
11696,5,2
11696,32,2
11696,18,3
11697,24,2
11697,35,3
11697,34,1
11697,10,1
11698,22,3
11699,14,3
11699,23,1
11699,30,3
11699,37,3
11700,29,3
11700,18,3
11700,10,2
11700,0,3
11701,5,2
11702,2,3
11703,23,2
11703,35,2
11704,20,2
11704,16,3
11705,33,1
11705,9,3
11705,4,3
11705,21,3
11706,19,1
11707,5,3
11707,3,2
11708,5,1
11709,8,3
11710,17,3
11710,10,2
11710,35,2
11710,26,2
11711,18,2
11711,22,1
11711,24,3
11711,11,1
11712,9,1
11712,10,2
11712,14,1
11712,8,1
11713,17,3
11714,28,3
11714,0,3
11715,26,2
11716,10,2
11716,25,1
11716,34,3
11716,32,3
11717,25,2
11717,29,2
11717,11,3
11717,18,1
11718,3,3
11718,37,1
11718,30,2
11718,25,2
11719,6,2
11719,19,2
11719,14,3
11719,25,1
11720,32,3
11720,1,3
11720,27,1
11721,20,3
11721,18,1
11722,14,1
11723,14,1
11723,33,3
11724,4,3
11724,21,3
11725,25,3
11725,28,3
11725,27,2
11726,15,1
11726,17,3
11726,9,1
11726,10,3
11727,9,1
11727,6,2
11728,35,1
11729,1,3
11729,28,2
11730,0,3
11731,32,3
11731,7,1
11732,35,2
11732,12,1
11732,10,1
11733,17,3
11733,12,1
11733,15,2
11734,32,1
11735,33,1
11736,5,2
11736,10,2
11736,31,1
11736,16,2
11737,38,2
11738,12,3
11738,9,3
11738,2,1
11738,25,3
11739,23,2
11739,9,2
11739,8,1
11740,16,3
11740,14,2
11740,21,3
11741,36,3
11741,14,2
11741,16,3
11741,8,2
11742,15,2
11742,19,1
11743,18,2
11743,6,2
11743,30,1
11743,38,3
11744,21,1
11744,30,2
11744,36,2
11744,34,3
11745,3,3
11745,18,1
11745,25,3
11745,28,1
11746,35,3
11746,26,2
11746,5,1
11746,17,1
11747,37,1
11748,33,2
11748,26,1
11748,31,2
11748,7,1
11749,1,2
11749,28,2
11749,32,1
11750,26,1
11750,38,3
11750,29,3
11750,36,3
11751,9,3
11752,8,3
11752,27,1
11752,17,1
11752,24,1
11753,31,2
11753,22,1
11754,9,1
11754,18,2
11754,13,2
11755,15,1
11756,20,3
11756,5,3
11756,28,2
11757,15,2
11757,26,2
11757,10,3
11758,5,1
11759,34,2
11760,19,1
11760,7,3
11760,25,3
11760,30,3
11761,2,3
11761,14,1
11761,28,3
11761,8,3
11762,37,2
11762,16,2
11762,12,3
11763,1,2
11763,7,2
11764,5,1
11764,30,3
11765,38,2
11765,35,3
11765,30,1
11765,15,3
11766,15,2
11766,31,1
11767,14,1
11767,22,1
11768,30,1
11768,5,3
11768,24,2
11769,7,2
11769,35,2
11770,3,3
11770,0,1
11770,26,3
11770,22,2
11771,1,3
11771,8,1
11771,6,2
11772,1,1
11772,27,3
11772,16,2
11773,21,3
11773,35,1
11773,19,3
11773,10,2
11774,23,2
11774,19,2
11775,25,2
11775,37,1
11775,36,2
11775,17,2
11776,1,1
11776,10,2
11776,3,1
11777,29,3
11777,28,3
11777,37,2
11777,5,3
11778,10,3
11779,7,3
11780,10,3
11780,31,1
11781,18,2
11782,29,2
11783,29,2
11783,35,3
11783,25,1
11784,10,3
11784,30,3
11784,5,2
11785,20,3
11785,4,1
11786,34,1
11787,19,1
11787,26,1
11787,36,3
11788,32,1
11789,0,1
11790,2,3
11791,5,3
11792,25,3
11792,37,1
11792,21,2
11793,22,3
11794,2,2
11794,19,2
11794,7,3
11794,23,3
11795,29,2
11795,7,2
11796,26,3
11796,8,2
11797,20,1
11797,8,1
11798,18,2
11798,9,1
11798,31,2
11798,13,1
11799,33,2
11799,10,3
11799,12,1
11800,22,3
11801,9,1
11801,27,3
11801,4,2
11801,10,2
11802,29,1
11802,25,3
11803,28,1
11803,5,1
11803,23,3
11803,34,2
11804,6,1
11804,17,2
11804,32,3
11805,33,3
11805,17,3
11805,24,3
11805,20,2
11806,10,3
11807,13,1
11807,20,1
11807,22,2
11807,3,1
11808,6,2
11808,35,2
11808,26,1
11808,14,3
11809,35,2
11809,15,2
11810,24,3
11810,34,3
11811,21,3
11811,8,3
11812,32,3
11812,37,3
11812,18,1
11812,14,3
11813,25,2
11813,38,2
11813,24,1
11813,29,1
11814,35,2
11814,4,3
11815,2,1
11815,10,1
11815,31,3
11816,17,3
11816,6,2
11816,34,1
11817,8,2
11817,36,2
11817,15,2
11818,25,1
11818,13,3
11818,22,2
11818,2,3
11819,0,2
11819,3,2
11820,8,2
11820,36,1
11821,36,1
11821,11,3
11821,4,1
11822,19,1
11822,13,3
11823,11,1
11824,10,3
11824,4,3
11825,1,2
11825,33,1
11826,29,3
11827,34,1
11827,29,3
11827,19,3
11828,8,1
11829,33,2
11829,24,1
11830,22,2
11830,21,3
11831,16,1
11831,37,1
11831,8,3
11832,23,2
11832,18,3
11833,13,3
11833,16,2
11834,22,1
11834,34,2
11834,4,2
11834,36,3
11835,38,2
11835,12,2
11835,21,2
11836,33,1
11837,8,1
11837,21,2
11837,22,1
11838,12,1
11838,28,2
11838,32,3
11838,9,3
11839,31,2
11840,10,1
11840,6,2
11840,33,1
11841,4,3
11841,6,2
11841,24,1
11841,34,2
11842,12,3
11842,3,3
11843,30,2
11844,3,1
11844,37,2
11844,13,2
11844,34,1
11845,38,2
11845,10,1
11845,14,1
11846,31,3
11846,8,1
11847,16,2
11847,19,2
11847,0,3
11848,6,3
11848,34,2
11849,16,1
11849,27,1
11849,18,2
11850,14,1
11850,28,1
11850,3,1
11851,12,2
11851,19,2
11852,32,3
11852,24,1
11853,6,1
11853,17,1
11853,9,2
11854,23,1
11854,25,1
11854,38,1
11855,25,3
11856,30,2
11856,1,2
11857,2,1
11857,31,3
11857,20,2
11858,35,2
11858,12,3
11858,26,2
11859,17,2
11859,32,2
11859,0,1
11859,31,3
11860,27,2
11860,30,1
11861,23,2
11861,12,1
11861,2,2
11862,6,1
11862,19,2
11862,36,2
11862,27,1
11863,8,3
11864,13,3
11865,36,2
11865,3,3
11865,20,2
11866,4,3
11866,26,3
11866,33,2
11866,6,3
11867,16,3
11867,37,3
11867,10,3
11867,27,2
11868,29,1
11868,4,1
11868,31,2
11869,1,1
11869,19,1
11869,30,3
11870,1,3
11870,31,3
11871,35,3
11871,16,1
11871,6,1
11871,26,3
11872,33,2
11873,23,3
11873,38,3
11873,5,3
11873,25,1
11874,13,2
11874,35,2
11874,8,1
11874,22,1
11875,13,1
11875,15,2
11875,37,3
11875,18,1
11876,37,2
11876,15,1
11877,19,1
11877,34,2
11877,11,2
11877,38,3
11878,28,2
11879,17,2
11879,23,1
11880,12,2
11881,37,3
11881,11,2
11881,18,3
11881,27,3
11882,28,2
11882,12,2
11882,18,3
11883,17,3
11883,32,3
11883,37,2
11884,26,2
11885,9,1
11885,7,1
11885,33,1
11886,20,2
11886,25,1
11886,21,1
11887,19,3
11888,28,3
11889,17,1
11889,13,1
11889,31,3
11889,18,1
11890,14,1
11890,36,2
11890,17,1
11891,22,1
11891,9,1
11891,3,2
11891,13,1
11892,33,3
11892,7,1
11892,6,3
11892,10,3
11893,30,1
11893,35,2
11893,32,2
11893,16,3
11894,10,3
11894,27,1
11894,2,1
11895,24,1
11895,2,1
11895,23,3
11896,19,3
11896,34,1
11897,30,2
11897,10,3
11897,19,2
11897,5,3
11898,23,3
11899,31,2
11900,19,3
11901,1,2
11901,3,3
11902,4,2
11902,34,3
11902,30,2
11903,19,3
11904,31,2
11904,34,2
11905,16,3
11905,37,1
11906,34,1
11906,0,2
11906,30,3
11906,16,3
11907,7,3
11907,27,3
11907,33,3
11907,29,3
11908,23,2
11908,33,1
11908,26,3
11909,6,2
11910,38,2
11910,0,2
11910,6,3
11911,29,3
11911,5,2
11911,30,2
11911,26,2
11912,17,3
11912,5,1
11912,36,3
11913,13,2
11913,35,2
11913,38,2
11914,12,3
11914,5,3
11914,20,1
11914,24,3
11915,14,1
11915,2,3
11915,24,1
11916,7,2
11916,24,3
11916,34,2
11917,38,3
11918,2,1
11918,22,3
11918,32,3
11919,13,1
11920,11,1
11920,34,3
11920,16,1
11920,20,2
11921,9,2
11922,6,3
11922,7,3
11922,15,3
11923,28,2
11923,11,2
11923,34,1
11924,19,1
11924,38,3
11924,28,3
11924,12,3
11925,26,2
11925,32,2
11925,11,1
11925,30,2
11926,25,1
11926,31,3
11926,30,2
11926,0,2
11927,29,1
11927,21,3
11927,19,3
11927,0,1
11928,34,3
11928,23,1
11928,17,2
11929,6,1
11929,38,3
11929,12,1
11929,24,2
11930,6,1
11930,5,2
11930,29,1
11930,4,3
11931,24,1
11931,27,3
11931,29,3
11931,18,1
11932,1,3
11932,12,3
11932,5,2
11933,4,1
11934,30,1
11935,26,3
11936,13,1
11936,27,3
11936,22,1
11936,23,1
11937,14,1
11937,17,2
11938,32,1
11938,10,1
11938,9,3
11938,1,3
11939,18,2
11940,17,3
11940,8,1
11940,10,2
11941,38,1
11941,1,2
11941,10,2
11942,10,2
11942,14,1
11942,3,1
11942,11,2
11943,6,1
11943,1,3
11944,36,3
11944,9,2
11944,5,1
11944,18,2
11945,33,2
11945,30,2
11945,12,1
11946,13,2
11947,37,2
11947,16,1
11947,30,1
11947,7,1
11948,14,2
11949,16,1
11949,32,1
11950,19,2
11951,17,2
11952,10,2
11952,31,3
11952,2,1
11953,36,2
11954,27,1
11955,11,3
11956,33,1
11956,9,1
11957,19,3
11957,38,1
11958,5,2
11959,30,1
11959,35,2
11959,31,1
11959,5,1
11960,14,2
11960,30,1
11960,20,2
11960,11,3
11961,34,3
11961,19,1
11962,5,3
11962,19,3
11962,0,1
11963,31,2
11963,10,3
11964,7,1
11964,25,3
11965,24,2
11965,16,3
11966,30,2
11966,31,3
11966,20,3
11967,33,3
11968,38,3
11968,22,3
11968,35,1
11969,38,3
11969,11,3
11969,22,1
11970,13,1
11970,28,1
11971,26,1
11972,33,3
11972,27,1
11973,9,3
11974,37,1
11974,38,2
11974,0,3
11974,24,2
11975,23,1
11976,15,3
11976,9,1
11976,10,3
11977,5,2
11978,30,3
11979,28,2
11980,25,2
11981,20,2
11981,12,3
11982,8,2
11982,33,3
11982,4,3
11983,10,3
11983,30,2
11983,24,1
11983,23,3
11984,20,1
11984,28,3
11984,11,3
11984,9,2
11985,11,3
11986,29,1
11987,25,1
11987,10,1
11987,1,1
11988,25,1
11988,34,2
11988,38,3
11989,12,2
11989,11,3
11990,13,3
11991,25,1
11991,17,2
11992,17,3
11992,3,3
11992,36,1
11993,28,2
11994,7,2
11994,15,2
11994,18,3
11994,5,1
11995,29,3
11996,21,3
11997,7,2
11997,3,1
11998,8,3
11998,28,2
11998,10,1
11998,0,1
11999,25,2
11999,6,1
11999,16,1
12000,34,1
12001,38,2
12002,17,2
12003,10,3
12003,24,1
12004,1,1
12004,4,2
12004,33,3
12004,31,3
12005,9,2
12006,38,1
12006,18,3
12007,34,1
12007,29,2
12007,20,2
12007,18,2
12008,24,1
12008,8,3
12009,14,2
12009,30,2
12010,35,1
12011,22,3
12011,18,2
12011,36,1
12011,2,3
12012,34,2
12012,15,2
12012,32,1
12013,32,3
12013,30,1
12013,31,1
12013,23,3
12014,36,1
12014,19,3
12014,33,3
12014,5,2
12015,20,2
12015,5,1
12015,38,2
12016,7,2
12016,13,3
12016,16,1
12016,28,3
12017,12,3
12017,5,3
12017,16,3
12018,24,2
12018,32,1
12018,19,2
12018,30,1
12019,1,2
12019,7,2
12020,5,1
12020,12,2
12020,15,3
12020,19,2
12021,9,2
12021,6,1
12021,8,3
12022,11,1
12022,21,2
12022,36,2
12022,30,1
12023,13,1
12023,28,1
12024,20,3
12024,35,2
12024,9,3
12024,36,2
12025,31,2
12025,33,1
12025,6,2
12026,2,2
12026,31,2
12026,29,3
12027,4,1
12027,26,2
12027,28,1
12027,3,1
12028,5,1
12029,11,1
12029,14,1
12029,21,1
12029,24,1
12030,18,3
12030,17,2
12030,31,1
12031,3,3
12031,8,3
12031,21,3
12031,16,1
12032,13,2
12033,12,1
12033,30,1
12033,23,1
12033,2,1
12034,36,3
12034,3,3
12034,0,1
12035,32,3
12035,25,3
12035,37,2
12035,9,1
12036,29,3
12036,18,3
12036,0,3
12036,6,2
12037,33,2
12037,10,3
12037,32,3
12038,9,2
12038,37,3
12038,18,2
12039,6,2
12039,33,1
12039,10,1
12040,2,3
12040,8,3
12040,11,2
12041,10,2
12042,31,3
12042,0,1
12042,11,2
12042,33,1
12043,34,2
12044,11,3
12044,23,1
12045,22,1
12046,15,1
12046,3,3
12046,13,1
12047,27,1
12047,37,2
12047,38,1
12047,11,3
12048,38,2
12049,33,2
12049,5,2
12049,25,2
12050,38,2
12050,27,3
12051,38,3
12052,6,3
12053,14,2
12053,1,2
12054,14,3
12054,27,2
12054,25,3
12055,27,2
12055,5,3
12056,25,3
12056,6,3
12056,32,3
12056,4,1
12057,22,1
12057,7,1
12057,31,1
12057,2,3
12058,16,1
12058,20,1
12058,26,1
12058,9,3
12059,15,1
12059,27,2
12059,36,3
12060,10,3
12061,2,1
12061,16,3
12061,34,2
12062,16,1
12062,1,3
12063,18,2
12063,4,2
12064,33,3
12064,11,3
12065,0,3
12065,27,1
12065,38,3
12066,35,3
12066,29,1
12067,0,1
12068,1,1
12069,17,1
12069,22,2
12069,36,1
12070,29,1
12071,18,2
12072,26,3
12073,2,1
12073,14,2
12074,0,3
12074,12,3
12075,25,2
12076,36,3
12076,21,2
12077,33,3
12077,7,3
12078,5,3
12079,34,1
12079,4,2
12080,18,2
12080,32,2
12080,23,2
12081,32,3
12081,30,1
12081,12,1
12081,9,1
12082,10,3
12082,22,3
12082,5,2
12082,15,2
12083,23,1
12084,26,1
12084,18,1
12085,35,3
12085,4,2
12085,7,1
12085,22,2
12086,35,2
12087,0,2
12088,31,3
12088,14,1
12089,15,3
12089,7,1
12090,25,1
12090,26,3
12091,36,1
12092,11,1
12093,36,1
12093,17,3
12094,31,3
12094,13,2
12094,22,2
12094,2,3
12095,30,3
12095,19,3
12096,13,1
12096,23,2
12097,2,2
12098,7,1
12099,25,2
12099,21,2
12100,37,2
12100,34,2
12101,24,3
12101,2,3
12101,8,2
12102,6,2
12103,37,2
12103,31,1
12103,36,1
12103,2,2
12104,27,2
12104,16,1
12105,9,2
12105,29,1
12106,9,3
12107,8,1
12107,3,2
12107,38,1
12107,16,2
12108,33,1
12108,14,2
12108,20,3
12108,29,1
12109,18,3
12109,25,3
12109,10,2
12109,24,3
12110,23,1
12111,37,1
12112,0,3
12112,23,3
12112,15,3
12112,21,3
12113,14,3
12113,6,2
12113,24,1
12113,34,1
12114,10,1
12114,1,1
12115,34,2
12115,1,1
12116,17,3
12116,14,2
12117,28,3
12117,20,1
12117,3,1
12118,36,1
12118,9,1
12118,38,1
12118,25,3
12119,25,3
12119,14,1
12119,3,3
12120,36,2
12120,6,3
12120,20,3
12120,33,3
12121,22,2
12121,8,3
12122,30,2
12122,28,2
12122,32,3
12123,8,3
12123,24,2
12123,21,3
12123,29,3
12124,2,1
12125,6,2
12125,21,2
12125,25,3
12126,18,2
12127,17,3
12128,11,1
12128,35,2
12129,30,3
12129,12,2
12129,27,3
12130,10,1
12130,25,1
12130,28,2
12131,10,1
12131,8,2
12131,18,1
12131,16,1
12132,33,3
12132,19,1
12132,14,2
12133,16,2
12133,27,3
12133,7,1
12133,30,1
12134,31,1
12135,21,2
12135,22,1
12135,35,3
12135,9,2
12136,8,2
12137,25,2
12137,12,1
12137,13,3
12138,10,3
12138,1,3
12139,3,2
12139,4,3
12139,20,1
12139,2,1
12140,25,2
12140,20,3
12141,15,3
12141,30,3
12141,14,3
12142,27,1
12142,36,1
12143,27,3
12143,33,1
12144,17,3
12145,10,3
12146,31,2
12146,35,2
12146,26,1
12147,20,3
12147,31,1
12148,1,2
12149,0,1
12149,30,3
12150,15,3
12151,21,1
12151,36,2
12151,13,3
12151,30,1
12152,32,2
12152,18,2
12153,10,2
12153,28,3
12153,1,2
12153,26,2
12154,29,3
12154,33,2
12154,36,1
12155,9,3
12155,13,2
12155,26,3
12156,30,1
12156,2,3
12157,26,2
12158,10,2
12158,36,2
12158,22,3
12159,11,1
12159,36,1
12159,28,3
12160,38,1
12161,24,1
12161,21,1
12162,37,2
12162,3,1
12163,10,2
12163,6,2
12163,28,2
12164,4,2
12165,30,3
12166,15,2
12166,0,1
12166,21,1
12166,5,2
12167,1,1
12167,13,2
12167,26,2
12168,14,3
12168,11,3
12168,19,2
12169,25,1
12169,14,3
12169,36,2
12169,7,3
12170,6,3
12170,32,3
12170,11,1
12171,23,2
12171,22,2
12171,3,2
12172,14,2
12172,9,1
12172,31,3
12172,5,1
12173,10,1
12174,8,3
12174,7,2
12174,36,3
12174,24,3
12175,13,1
12175,11,3
12175,35,3
12176,30,2
12176,9,2
12177,19,2
12177,3,1
12177,29,2
12177,4,3
12178,11,3
12178,7,1
12178,28,2
12178,21,3
12179,20,2
12180,4,2
12181,34,2
12181,17,1
12182,37,3
12182,0,2
12182,22,2
12183,31,1
12183,22,3
12183,3,1
12184,29,1
12184,2,1
12184,12,3
12185,15,3
12186,15,2
12186,26,1
12186,10,1
12187,29,3
12187,35,1
12187,15,2
12187,9,3
12188,12,3
12188,6,3
12188,16,3
12189,1,3
12190,15,3
12190,24,3
12190,19,2
12191,1,2
12191,30,3
12191,37,1
12191,5,1
12192,20,1
12192,24,3
12193,10,2
12193,2,1
12194,20,3
12194,0,3
12195,4,2
12195,37,3
12196,27,2
12197,21,1
12197,35,1
12198,11,2
12198,20,1
12199,36,1
12199,11,3
12199,19,1
12199,31,1
12200,5,3
12200,14,2
12200,2,3
12200,6,2
12201,5,1
12201,2,3
12202,16,2
12203,30,2
12203,21,3
12203,10,2
12203,3,2
12204,19,2
12204,4,3
12205,10,2
12205,12,3
12205,1,2
12206,14,2
12206,5,2
12206,32,1
12206,23,3
12207,17,2
12207,31,3
12207,11,3
12208,28,3
12209,27,3
12210,10,3
12210,22,3
12210,0,1
12211,27,1
12212,18,2
12212,29,1
12213,25,3
12213,4,3
12214,38,3
12214,25,3
12214,0,1
12215,5,3
12216,35,2
12216,2,1
12217,36,2
12217,21,2
12217,22,3
12218,32,3
12218,38,3
12219,32,2
12219,17,3
12220,25,3
12220,18,2
12220,8,1
12221,6,1
12221,24,2
12222,19,1
12222,9,2
12222,0,1
12223,0,1
12224,29,3
12224,33,3
12225,16,3
12226,1,2
12226,29,3
12226,9,2
12227,0,2
12228,24,1
12229,5,3
12230,33,3
12230,1,1
12230,26,2
12230,19,2
12231,23,1
12231,14,3
12231,20,1
12231,19,2
12232,22,1
12233,11,1
12233,26,3
12233,23,2
12233,32,1
12234,4,3
12235,8,1
12235,21,1
12235,19,1
12236,38,2
12237,31,2
12237,32,3
12237,17,2
12238,29,1
12238,2,2
12238,11,2
12239,29,2
12239,33,2
12239,32,1
12240,7,2
12240,20,3
12240,37,1
12240,0,2
12241,18,3
12241,23,3
12242,21,3
12242,15,2
12242,34,3
12242,38,2
12243,0,3
12243,28,1
12244,36,3
12244,11,3
12244,23,3
12244,10,1
12245,15,1
12245,38,2
12246,16,1
12247,1,1
12247,18,3
12247,11,1
12248,3,2
12249,31,3
12250,19,3
12250,37,3
12251,30,3
12251,31,3
12251,26,3
12252,9,2
12252,28,2
12253,4,2
12253,0,2
12253,10,1
12253,25,2
12254,24,1
12254,18,1
12254,17,3
12254,10,3
12255,32,2
12255,7,2
12255,25,1
12256,8,2
12256,18,1
12257,14,1
12258,13,3
12258,1,1
12258,27,1
12259,1,3
12259,4,3
12259,31,3
12260,8,2
12260,17,2
12261,11,1
12261,3,3
12261,20,1
12261,32,3
12262,5,2
12263,19,2
12264,5,2
12264,33,2
12265,8,2
12266,35,3
12266,28,3
12266,10,2
12267,4,1
12268,12,3
12268,33,2
12268,2,1
12269,24,2
12269,31,2
12269,34,1
12270,2,3
12270,31,3
12270,33,3
12270,18,2
12271,5,2
12271,27,1
12271,8,3
12272,0,1
12272,31,3
12272,1,3
12272,10,2
12273,4,3
12273,5,1
12273,0,2
12274,21,3
12274,30,2
12274,25,3
12274,29,1
12275,16,2
12275,3,1
12276,27,2
12276,12,2
12276,4,1
12277,6,1
12277,16,2
12278,23,1
12278,10,2
12279,6,1
12279,15,1
12279,7,3
12280,8,1
12280,4,1
12281,21,2
12281,7,2
12281,3,1
12282,23,1
12282,34,2
12282,2,3
12283,16,1
12284,36,1
12285,32,1
12285,18,3
12285,11,1
12286,18,3
12286,36,2
12286,5,3
12286,10,3
12287,13,2
12287,36,2
12288,11,1
12288,27,1
12288,28,3
12288,31,2
12289,26,1
12289,22,2
12290,10,1
12290,5,3
12290,23,3
12291,32,1
12291,30,1
12292,27,2
12293,34,3
12293,15,3
12293,0,3
12294,22,3
12295,28,2
12296,28,2
12296,38,2
12296,21,2
12297,14,3
12298,14,1
12298,25,3
12298,10,2
12299,34,1
12299,0,2
12299,1,3
12300,3,3
12300,4,1
12301,9,1
12301,12,3
12301,0,1
12301,4,3
12302,3,2
12302,2,1
12302,31,1
12302,24,2
12303,2,3
12303,35,2
12303,32,3
12303,13,2
12304,16,2
12304,6,2
12304,20,1
12304,36,3
12305,5,3
12306,36,1
12306,25,1
12306,34,2
12307,23,2
12308,35,2
12308,34,2
12308,32,3
12308,33,2
12309,18,1
12310,6,3
12310,37,3
12310,17,2
12311,10,1
12312,6,2
12312,5,3
12312,33,3
12312,7,2
12313,28,1
12313,13,3
12313,7,2
12313,31,2
12314,32,2
12315,1,2
12315,31,3
12316,22,2
12316,23,1
12316,38,2
12316,13,3
12317,36,1
12317,31,3
12317,28,2
12318,26,2
12318,2,1
12318,9,2
12319,2,2
12319,37,1
12319,25,2
12320,30,2
12320,19,2
12321,3,2
12321,4,3
12322,32,3
12322,24,1
12322,18,1
12323,11,3
12323,3,1
12323,36,1
12324,5,1
12324,8,1
12324,28,1
12325,36,2
12325,13,3
12325,20,2
12326,7,3
12327,8,1
12327,31,1
12328,7,1
12329,20,3
12329,7,3
12329,2,2
12330,37,3
12330,24,2
12330,1,3
12330,29,3
12331,0,1
12331,12,2
12331,30,1
12331,11,3
12332,17,2
12332,10,3
12332,31,2
12332,33,3
12333,33,3
12333,8,1
12333,14,2
12333,25,3
12334,8,2
12334,0,3
12334,28,2
12335,30,2
12335,12,2
12336,26,2
12336,18,3
12337,18,2
12338,26,1
12338,8,2
12339,18,3
12339,35,1
12339,30,2
12340,5,3
12341,27,3
12341,38,3
12341,37,3
12341,1,2
12342,1,2
12342,28,2
12342,27,3
12343,18,1
12343,27,2
12344,19,3
12344,33,3
12345,21,2
12346,24,3
12346,9,2
12347,22,3
12347,25,3
12347,36,2
12348,22,1
12348,26,2
12348,5,2
12348,2,3
12349,26,2
12349,36,2
12349,20,2
12350,8,1
12351,14,1
12351,1,2
12351,24,1
12351,32,2
12352,31,1
12352,10,1
12352,22,1
12352,34,1
12353,2,3
12354,11,2
12354,12,2
12355,1,1
12355,11,3
12355,10,3
12356,36,3
12356,13,2
12356,17,2
12357,15,2
12357,4,3
12357,7,1
12358,36,2
12358,20,1
12358,29,2
12359,3,3
12359,14,3
12359,15,2
12359,38,2
12360,37,3
12360,1,3
12361,35,1
12361,1,2
12362,31,1
12362,36,3
12362,37,1
12363,8,3
12363,13,1
12363,29,2
12363,37,3
12364,16,2
12364,10,2
12364,14,2
12364,8,2
12365,8,3
12365,30,3
12366,0,3
12367,7,3
12368,35,2
12369,17,2
12369,27,2
12369,5,1
12370,36,3
12370,37,2
12371,30,3
12371,8,3
12372,31,1
12372,2,3
12372,26,2
12373,6,3
12373,18,1
12373,19,2
12374,19,2
12374,8,1
12374,11,3
12374,22,1
12375,36,3
12375,5,1
12375,13,3
12376,35,2
12377,37,2
12377,10,2
12377,8,3
12377,13,3
12378,24,1
12378,13,1
12378,35,1
12379,38,3
12379,9,3
12380,32,1
12380,36,2
12381,29,1
12381,31,2
12382,38,1
12382,36,3
12382,0,3
12383,24,3
12383,15,1
12383,38,1
12383,7,2
12384,4,1
12385,21,1
12386,15,1
12386,12,3
12386,8,3
12387,26,3
12387,22,2
12387,36,1
12388,32,3
12388,31,1
12388,3,3
12388,22,2
12389,17,1
12389,6,3
12389,7,1
12390,7,1
12390,14,1
12391,2,3
12391,5,1
12392,10,2
12393,26,2
12394,0,2
12394,21,3
12394,2,1
12395,36,1
12396,9,3
12397,21,2
12398,14,1
12399,36,1
12399,37,3
12399,18,3
12400,28,1
12400,0,1
12401,5,2
12401,30,3
12402,30,1
12402,19,3
12402,34,2
12402,33,3
12403,30,3
12403,35,1
12403,10,1
12404,15,2
12404,13,3
12405,17,1
12405,0,3
12405,5,3
12406,32,2
12406,14,1
12407,13,3
12407,21,1
12408,18,2
12408,30,2
12408,10,1
12409,36,1
12409,16,1
12409,35,3
12410,9,2
12410,25,3
12410,6,1
12410,7,1
12411,21,3
12411,10,3
12412,35,2
12412,30,2
12412,18,2
12413,25,3
12413,32,3
12413,2,1
12413,12,3
12414,36,2
12414,9,1
12414,13,3
12415,17,2
12415,38,1
12415,3,1
12415,27,3
12416,4,3
12417,24,1
12418,2,3
12418,20,1
12418,29,1
12419,3,2
12420,38,1
12420,30,2
12421,20,1
12422,6,3
12422,28,2
12422,38,1
12423,3,1
12423,2,3
12423,18,3
12424,32,2
12424,37,2
12425,25,1
12426,32,1
12427,11,3
12428,13,3
12428,24,3
12428,1,2
12429,0,3
12429,7,3
12429,2,2
12429,34,2
12430,15,2
12431,0,1
12431,5,1
12431,4,1
12431,25,2
12432,27,1
12432,13,3
12433,33,2
12433,6,1
12433,9,2
12433,31,1
12434,20,2
12435,26,1
12436,24,3
12436,5,2
12437,23,3
12437,32,3
12438,8,2
12438,2,3
12439,29,1
12439,17,2
12440,20,2
12440,16,2
12441,29,2
12441,37,2
12441,30,1
12441,18,2
12442,20,2
12443,24,2
12443,14,2
12443,33,3
12444,35,1
12445,1,2
12445,20,2
12446,25,3
12446,3,3
12446,2,2
12447,2,2
12448,10,3
12449,23,2
12449,16,1
12450,17,1
12450,6,3
12450,33,1
12451,5,2
12451,26,1
12452,1,1
12452,34,2
12452,19,1
12453,19,1
12453,12,2
12453,8,1
12454,26,3
12454,30,2
12454,28,2
12455,16,1
12455,17,1
12455,20,1
12456,38,1
12457,30,2
12457,2,3
12457,11,1
12458,24,2
12459,38,2
12459,1,2
12459,26,2
12460,37,1
12460,31,3
12460,15,1
12460,16,2
12461,25,2
12462,3,1
12462,16,3
12462,18,3
12463,1,2
12464,4,3
12464,13,2
12464,8,1
12464,17,2
12465,32,2
12465,34,3
12465,29,2
12465,3,3
12466,17,3
12466,5,2
12467,6,2
12467,1,3
12468,33,3
12468,23,3
12468,24,2
12469,29,2
12469,14,2
12469,19,2
12470,33,3
12471,34,1
12472,15,2
12473,11,1
12473,20,3
12474,34,1
12475,27,1
12475,0,2
12475,26,2
12476,11,1
12476,27,1
12476,15,1
12476,37,2
12477,11,3
12477,32,3
12477,2,1
12477,16,3
12478,8,2
12478,20,3
12478,26,1
12478,24,3
12479,36,2
12480,12,1
12480,14,1
12480,25,2
12481,27,1
12482,37,3
12482,12,2
12482,3,2
12483,3,2
12483,29,1
12484,18,1
12484,27,1
12484,5,1
12485,7,3
12485,5,1
12485,12,2
12485,17,2
12486,19,1
12486,23,1
12486,24,2
12487,5,2
12487,16,2
12487,8,2
12488,18,3
12488,6,3
12488,38,1
12488,20,1
12489,21,2
12490,17,3
12490,34,3
12490,4,3
12490,33,2
12491,25,3
12491,38,2
12491,31,3
12492,35,3
12492,29,3
12492,0,3
12493,2,1
12493,15,1
12493,8,3
12494,32,3
12494,36,3
12494,29,3
12495,22,2
12495,35,1
12495,32,1
12495,34,1
12496,22,1
12496,7,2
12496,16,2
12496,21,1
12497,11,1
12497,9,3
12498,1,3
12498,33,3
12498,10,3
12499,10,2
12499,25,1
12499,15,1
12500,37,1
12500,16,2
12501,7,3
12501,25,1
12501,28,1
12501,21,2
12502,2,3
12503,4,2
12503,16,2
12504,10,2
12504,29,1
12504,8,2
12504,1,1
12505,3,3
12505,2,2
12505,25,1
12506,18,1
12507,25,2
12507,29,3
12508,35,2
12509,30,1
12510,24,3
12510,18,3
12510,22,1
12511,15,2
12512,1,1
12512,29,1
12512,18,2
12512,33,2
12513,6,1
12513,12,1
12513,23,3
12514,6,3
12514,26,2
12515,19,2
12516,4,2
12516,3,3
12517,38,1
12517,17,3
12517,23,3
12517,24,1
12518,29,3
12518,7,1
12519,5,1
12519,15,2
12520,22,3
12520,1,3
12520,8,2
12520,25,3
12521,22,2
12521,17,1
12521,8,1
12521,16,1
12522,23,2
12522,34,2
12522,20,2
12523,25,2
12523,3,2
12524,36,2
12525,37,3
12526,6,3
12526,20,2
12527,31,3
12527,0,1
12528,22,3
12528,16,2
12528,6,1
12528,35,2
12529,18,3
12529,0,1
12529,24,2
12530,37,1
12530,11,3
12530,19,2
12531,9,1
12531,5,1
12532,16,2
12533,22,1
12533,24,3
12533,27,2
12534,2,2
12535,15,1
12535,17,3
12535,5,1
12536,29,1
12536,14,3
12537,13,1
12538,16,1
12539,38,2
12539,21,1
12540,26,1
12540,9,1
12540,8,2
12541,37,1
12542,10,1
12542,16,1
12543,13,2
12544,37,1
12544,13,2
12544,9,1
12544,36,3
12545,2,1
12545,26,2
12545,30,2
12545,32,2
12546,3,2
12547,15,3
12548,6,2
12548,11,2
12548,33,3
12549,38,3
12549,7,3
12549,10,3
12549,8,1
12550,36,3
12550,28,3
12550,37,3
12550,35,2
12551,35,2
12551,6,3
12552,27,3
12552,12,3
12552,0,3
12553,10,2
12553,27,1
12554,11,2
12554,26,1
12555,18,1
12555,38,1
12555,13,1
12556,27,2
12556,0,2
12557,8,1
12558,31,3
12559,12,2
12560,26,2
12560,33,2
12561,38,2
12561,19,3
12562,29,1
12562,5,1
12563,24,3
12563,29,3
12563,26,2
12564,0,1
12564,14,1
12565,37,3
12566,26,1
12567,2,2
12568,37,2
12568,5,2
12569,8,3
12570,38,3
12570,24,1
12570,4,2
12571,13,3
12571,38,1
12571,33,1
12571,16,3
12572,28,3
12573,20,2
12573,35,2
12573,22,1
12574,23,1
12574,21,2
12574,9,3
12575,31,1
12575,16,2
12576,5,1
12577,22,2
12577,0,1
12577,10,3
12577,33,2
12578,11,3
12578,29,2
12578,18,3
12578,8,2
12579,21,3
12579,17,1
12579,12,3
12579,31,1
12580,19,2
12581,29,1
12582,18,1
12582,2,3
12582,35,2
12582,29,1
12583,9,1
12583,30,3
12584,35,3
12584,36,1
12585,22,2
12585,20,2
12585,26,1
12585,11,1
12586,6,3
12587,5,1
12587,16,1
12588,32,2
12588,3,2
12588,36,3
12588,19,3
12589,4,2
12590,26,1
12590,34,2
12591,14,2
12591,27,1
12591,15,3
12591,19,1
12592,8,3
12592,34,2
12592,3,1
12592,26,1
12593,11,3
12593,2,2
12594,20,2
12594,9,1
12595,4,1
12595,20,1
12595,34,2
12595,11,2
12596,19,2
12596,32,2
12596,26,3
12597,26,2
12597,7,2
12597,24,2
12597,1,3
12598,30,1
12598,15,1
12598,16,3
12599,16,3
12599,34,1
12599,6,1
12600,1,1
12600,30,1
12600,32,3
12601,29,2
12601,30,3
12601,28,2
12602,31,2
12603,25,2
12603,14,3
12603,26,1
12603,31,1
12604,0,1
12605,35,2
12605,16,1
12605,21,2
12606,22,3
12606,11,3
12606,21,3
12607,3,1
12607,35,2
12607,26,3
12607,21,2
12608,37,1
12608,25,3
12609,1,2
12609,35,1
12609,36,2
12610,28,3
12611,19,3
12611,11,3
12612,21,1
12612,8,3
12612,27,3
12612,24,1
12613,17,3
12614,14,1
12614,28,3
12615,15,1
12616,37,2
12616,35,3
12616,22,2
12616,28,2
12617,29,2
12617,1,2
12617,8,2
12617,27,3
12618,27,2
12618,28,3
12619,11,2
12619,2,3
12619,29,1
12620,32,1
12621,38,3
12621,37,2
12622,33,3
12622,32,1
12622,5,2
12623,29,3
12623,21,2
12623,35,1
12623,24,2
12624,10,1
12624,23,1
12624,26,1
12625,28,2
12626,6,1
12626,25,1
12627,16,1
12628,5,3
12628,20,2
12628,36,3
12628,35,3
12629,21,3
12629,18,3
12629,26,3
12629,19,2
12630,11,1
12631,6,1
12631,2,3
12632,34,3
12632,36,1
12632,14,1
12633,5,2
12633,24,1
12634,8,2
12634,10,2
12635,30,3
12635,11,2
12635,14,3
12635,17,1
12636,22,2
12636,37,2
12636,7,2
12636,3,3
12637,27,1
12637,14,1
12638,26,1
12638,12,2
12639,20,3
12639,37,1
12639,9,2
12639,32,3
12640,5,1
12640,36,1
12641,5,3
12642,5,2
12642,1,2
12642,10,1
12643,31,2
12643,33,1
12643,29,1
12644,12,1
12645,32,2
12645,5,1
12645,24,3
12646,0,3
12646,13,1
12647,1,3
12647,4,3
12647,21,1
12647,31,2
12648,5,1
12648,7,1
12648,10,3
12648,32,3
12649,37,1
12650,25,3
12650,37,1
12651,36,3
12651,23,1
12651,15,1
12652,14,3
12652,31,3
12652,7,3
12653,37,1
12654,27,1
12654,26,1
12654,15,1
12655,19,3
12655,3,3
12656,25,2
12657,29,1
12657,5,2
12658,14,2
12658,21,3
12658,26,3
12659,15,1
12659,34,2
12660,9,3
12660,19,1
12660,14,1
12661,31,2
12661,22,3
12661,29,2
12662,32,2
12662,1,3
12662,25,3
12663,15,3
12663,14,2
12663,2,1
12663,21,3
12664,31,3
12665,8,1
12666,14,1
12666,3,3
12667,37,1
12668,28,3
12668,2,1
12668,26,1
12669,19,1
12669,11,1
12669,14,2
12669,34,1
12670,1,1
12670,31,2
12670,16,1
12670,37,3
12671,11,2
12671,12,3
12671,34,3
12672,4,3
12672,32,3
12672,27,1
12673,32,3
12673,20,3
12674,13,1
12674,29,2
12674,27,3
12674,10,3
12675,33,1
12675,16,2
12675,10,1
12675,21,3
12676,4,3
12676,28,2
12676,34,3
12677,14,1
12677,12,3
12678,6,2
12678,33,3
12678,22,3
12679,37,2
12679,16,2
12679,3,2
12679,24,2
12680,35,2
12680,22,3
12680,9,2
12681,2,1
12682,14,3
12682,2,3
12682,9,2
12682,3,3
12683,5,3
12683,11,3
12683,1,3
12683,28,2
12684,15,3
12685,38,1
12685,11,1
12685,32,1
12685,12,1
12686,35,3
12686,1,3
12686,12,2
12687,26,1
12687,37,1
12687,20,2
12687,9,1
12688,7,1
12688,33,2
12688,0,1
12689,22,1
12689,12,3
12689,8,1
12690,21,3
12691,7,3
12691,13,1
12692,26,1
12692,21,3
12693,7,1
12693,18,2
12694,27,3
12694,2,1
12694,11,3
12694,16,2
12695,37,2
12695,25,2
12695,23,2
12695,16,2
12696,18,3
12696,9,1
12696,0,2
12697,4,3
12698,13,2
12698,8,1
12698,32,2
12699,32,3
12699,24,3
12699,7,1
12700,10,3
12701,35,3
12701,11,1
12702,4,2
12702,29,1
12703,34,3
12704,28,1
12704,30,1
12704,8,1
12705,23,3
12705,0,2
12706,6,1
12706,31,2
12707,7,2
12707,11,3
12708,34,2
12708,36,3
12708,4,3
12709,9,1
12709,15,1
12709,30,1
12710,3,2
12710,26,3
12710,36,3
12710,12,3
12711,32,2
12712,3,2
12713,13,1
12714,17,1
12714,9,1
12714,28,2
12715,3,1
12715,23,1
12716,19,2
12717,33,2
12717,21,2
12717,18,1
12717,8,1
12718,33,3
12718,15,3
12719,19,2
12719,15,1
12719,26,3
12719,25,3
12720,30,3
12721,14,3
12722,27,1
12723,26,3
12723,28,2
12723,3,3
12724,17,1
12725,1,1
12725,28,1
12726,35,1
12727,11,2
12727,1,1
12727,8,2
12728,4,3
12729,21,3
12729,26,1
12729,18,2
12730,29,3
12730,13,3
12731,3,1
12731,27,1
12731,35,3
12731,23,3
12732,11,2
12732,22,1
12732,34,2
12733,29,1
12733,37,3
12733,10,3
12733,14,2
12734,11,3
12734,38,2
12734,5,1
12735,15,3
12735,22,3
12736,14,2
12737,22,3
12737,35,1
12737,14,1
12737,0,2
12738,6,2
12739,32,2
12739,33,1
12740,34,2
12740,25,2
12741,11,1
12741,20,2
12742,37,2
12743,31,3
12743,28,3
12743,30,3
12744,27,2
12744,22,1
12744,20,1
12744,11,2
12745,22,2
12746,31,1
12747,20,2
12748,29,1
12749,25,1
12750,15,2
12750,32,3
12750,28,2
12750,30,3
12751,27,1
12751,17,2
12751,32,1
12751,1,3
12752,33,3
12752,24,2
12752,22,2
12753,36,2
12753,23,2
12753,8,2
12754,29,3
12754,36,1
12754,24,1
12754,0,1
12755,21,2
12755,35,2
12755,22,2
12756,33,3
12756,20,2
12756,32,2
12756,3,2
12757,16,2
12758,32,2
12758,0,2
12758,2,3
12759,19,1
12759,38,3
12759,20,3
12759,5,2
12760,14,2
12760,5,1
12760,35,1
12761,21,2
12761,6,3
12761,4,1
12761,24,2
12762,3,3
12762,6,2
12762,35,3
12762,28,3
12763,17,1
12764,29,2
12764,36,3
12764,7,2
12765,34,2
12765,5,1
12765,31,3
12765,27,2
12766,5,1
12766,28,3
12766,35,3
12766,27,2
12767,34,1
12767,33,2
12767,5,3
12767,21,1
12768,15,3
12769,8,2
12769,36,1
12769,27,1
12769,37,1
12770,31,1
12771,7,3
12771,4,1
12771,36,1
12771,28,2
12772,20,3
12772,7,2
12772,23,1
12772,11,3
12773,32,1
12774,29,2
12774,21,3
12774,4,1
12774,10,2
12775,1,2
12775,15,3
12775,10,1
12775,27,1
12776,3,2
12776,5,1
12776,18,3
12777,18,3
12777,20,2
12778,19,3
12778,22,3
12778,28,3
12779,26,2
12779,29,2
12779,0,1
12780,38,3
12780,11,1
12780,32,2
12781,25,2
12782,30,3
12782,37,3
12783,7,2
12783,0,2
12783,15,3
12783,21,3
12784,29,2
12784,5,3
12784,4,1
12785,31,1
12785,32,1
12785,18,1
12786,13,2
12787,28,3
12788,2,1
12788,30,1
12788,4,3
12789,10,3
12789,29,2
12789,8,1
12789,22,3
12790,18,3
12790,7,3
12790,13,3
12791,22,1
12791,11,3
12791,18,3
12791,27,2
12792,5,1
12792,8,3
12792,4,1
12793,33,1
12793,36,3
12794,1,3
12794,28,1
12794,31,3
12795,14,2
12795,15,3
12795,19,3
12795,33,2
12796,4,2
12797,19,1
12797,18,1
12797,10,3
12798,14,3
12798,13,1
12798,9,2
12798,3,2
12799,5,3
12800,34,2
12800,8,3
12801,36,2
12801,37,3
12802,11,3
12802,3,1
12803,15,2
12803,9,2
12804,32,3
12804,14,1
12804,12,3
12805,37,3
12805,10,2
12805,30,3
12805,27,2
12806,21,2
12806,0,1
12806,26,2
12807,37,2
12807,21,3
12807,18,3
12807,17,3
12808,34,3
12809,38,3
12809,7,3
12809,8,1
12809,0,2
12810,12,1
12811,18,2
12811,34,2
12811,1,2
12811,3,3
12812,36,1
12812,5,1
12812,10,2
12812,29,1
12813,13,3
12813,5,3
12813,11,1
12813,33,1
12814,20,2
12814,11,3
12815,29,1
12815,14,1
12815,27,1
12815,23,2
12816,34,3
12817,12,3
12818,22,2
12818,14,3
12818,16,3
12819,16,2
12820,15,2
12820,16,2
12820,0,1
12821,3,1
12821,20,1
12822,25,3
12822,17,2
12822,18,2
12823,20,3
12823,22,3
12823,13,3
12823,31,2
12824,14,1
12825,22,2
12825,8,3
12826,6,1
12826,8,1
12826,26,3
12826,5,1
12827,25,1
12827,16,3
12828,6,2
12828,8,1
12828,26,2
12828,21,3
12829,15,2
12829,0,3
12830,18,2
12830,16,1
12830,2,1
12830,35,2
12831,0,3
12831,3,1
12832,19,2
12832,13,2
12832,30,2
12832,36,2
12833,5,2
12833,29,3
12833,2,3
12833,27,2
12834,38,1
12834,12,3
12834,0,2
12834,21,2
12835,16,3
12835,13,1
12835,24,2
12835,38,3
12836,7,3
12836,4,2
12836,32,1
12837,34,2
12837,25,1
12837,30,1
12838,25,2
12838,28,2
12838,37,2
12839,26,3
12840,23,3
12840,16,1
12840,13,2
12840,38,2
12841,6,2
12841,18,2
12841,9,3
12842,34,1
12842,30,3
12842,25,2
12842,35,2
12843,35,1
12843,12,2
12844,7,1
12844,25,2
12844,5,1
12844,38,2
12845,31,3
12846,22,1
12847,17,3
12848,8,1
12849,24,1
12850,19,2
12851,8,2
12851,31,1
12852,27,3
12852,6,1
12852,24,2
12853,31,1
12853,10,1
12853,19,2
12854,20,2
12855,2,2
12855,18,2
12855,5,3
12855,12,1
12856,21,3
12856,5,1
12856,22,1
12856,15,3
12857,12,3
12857,29,2
12857,15,2
12857,20,2
12858,27,2
12859,21,2
12859,8,3
12860,5,2
12860,38,2
12860,28,2
12861,12,1
12861,9,3
12862,14,1
12863,8,3
12863,13,3
12863,3,1
12863,20,2
12864,27,1
12864,37,1
12864,10,2
12864,15,2
12865,29,2
12866,21,2
12866,29,3
12867,36,2
12868,6,2
12868,20,1
12868,2,2
12868,17,3
12869,19,1
12869,35,1
12870,29,2
12870,9,3
12871,9,3
12871,30,1
12871,1,2
12872,17,2
12873,3,1
12874,23,3
12875,19,3
12875,34,1
12875,3,1
12875,26,3
12876,38,1
12876,29,1
12877,30,3
12878,15,1
12878,29,3
12878,28,1
12878,22,1
12879,34,1
12879,21,3
12879,7,1
12880,20,1
12880,18,3
12881,5,2
12881,6,1
12881,14,3
12882,36,3
12882,17,1
12882,23,1
12882,35,2
12883,7,1
12883,17,3
12883,21,3
12883,24,3
12884,7,3
12884,29,3
12884,12,1
12884,23,2
12885,31,3
12885,26,3
12885,14,2
12886,9,1
12887,6,1
12888,6,3
12889,1,1
12889,24,3
12890,17,3
12890,7,1
12890,24,2
12890,38,3
12891,20,1
12892,19,3
12892,3,1
12892,29,2
12892,35,3
12893,36,2
12893,5,2
12894,18,2
12895,22,3
12896,4,2
12896,14,1
12897,4,3
12897,2,1
12897,12,3
12897,26,1
12898,37,1
12898,30,1
12898,38,2
12899,25,2
12899,29,2
12899,16,2
12899,34,2
12900,9,3
12901,37,2
12901,23,1
12901,25,2
12902,1,2
12902,36,1
12902,34,1
12903,30,1
12903,15,3
12903,25,1
12903,6,1
12904,22,3
12904,9,3
12905,30,1
12906,2,2
12907,4,3
12907,21,2
12907,28,1
12908,9,3
12908,19,2
12909,1,2
12909,23,2
12909,0,1
12909,8,3
12910,3,3
12910,20,3
12910,23,1
12911,12,2
12912,29,1
12912,30,1
12912,3,1
12912,16,3
12913,2,2
12913,29,3
12914,32,3
12915,7,3
12916,27,2
12916,8,3
12916,6,1
12916,25,2
12917,1,2
12917,14,2
12917,22,2
12918,32,1
12918,12,1
12918,15,1
12918,21,3
12919,3,1
12919,13,2
12919,15,3
12920,23,2
12921,22,2
12921,15,2
12922,14,2
12922,33,1
12923,37,3
12923,5,3
12924,1,1
12924,17,3
12924,30,3
12924,6,2
12925,25,2
12925,28,3
12925,36,2
12926,13,3
12926,19,3
12927,18,3
12927,36,2
12928,6,3
12928,3,2
12929,9,1
12930,6,1
12930,13,1
12931,11,1
12931,8,2
12932,5,1
12932,26,1
12932,8,1
12932,22,1
12933,11,3
12933,15,3
12933,1,3
12934,17,3
12935,25,3
12935,35,1
12936,31,1
12936,21,3
12936,18,3
12936,14,3
12937,26,2
12938,36,3
12939,1,3
12939,8,1
12939,17,1
12939,24,3
12940,36,2
12940,22,3
12940,1,3
12941,24,3
12941,11,1
12941,5,3
12941,16,2
12942,12,2
12942,32,1
12943,24,3
12943,5,2
12943,21,1
12943,7,3
12944,4,1
12945,4,3
12945,38,3
12945,5,2
12945,26,2
12946,5,1
12946,19,1
12946,21,2
12947,7,1
12947,33,1
12947,29,2
12947,19,3
12948,15,2
12949,3,3
12950,22,3
12950,27,2
12951,22,2
12951,15,1
12951,38,3
12952,16,2
12952,36,2
12952,14,2
12952,0,1
12953,24,2
12954,12,1
12954,11,3
12955,36,3
12955,11,3
12956,0,3
12957,29,2
12957,2,3
12958,34,2
12958,22,2
12958,19,1
12959,21,1
12960,30,2
12960,22,2
12960,3,2
12961,13,1
12961,0,3
12962,20,2
12962,2,2
12962,6,2
12962,13,1
12963,29,3
12964,10,2
12964,27,1
12964,8,2
12965,35,2
12965,25,1
12966,2,2
12966,3,1
12966,33,1
12966,31,2
12967,29,2
12968,12,1
12968,10,1
12969,28,3
12970,4,2
12970,14,2
12970,15,1
12970,21,1
12971,3,2
12972,7,1
12972,26,2
12972,23,1
12972,18,2
12973,27,3
12974,10,2
12975,1,3
12975,2,1
12976,7,2
12976,13,3
12976,15,1
12976,4,3
12977,2,3
12977,10,3
12977,13,3
12977,14,3
12978,26,1
12978,4,1
12978,20,3
12978,23,3
12979,33,1
12980,14,1
12980,2,3
12980,35,1
12981,17,2
12982,13,1
12982,24,1
12983,34,1
12983,25,1
12984,10,3
12984,2,3
12984,23,2
12984,21,3
12985,36,2
12985,37,1
12985,17,1
12986,20,1
12986,38,3
12986,32,3
12986,25,2
12987,9,3
12988,36,2
12988,16,3
12988,17,1
12988,0,1
12989,20,2
12989,10,2
12989,31,1
12990,18,2
12990,26,3
12990,30,1
12991,0,1
12991,1,3
12991,15,3
12992,35,1
12992,8,3
12992,13,1
12992,37,1
12993,3,1
12994,23,1
12995,12,3
12995,38,2
12995,24,1
12996,4,2
12996,17,2
12996,36,3
12997,4,2
12997,11,2
12998,1,1
12999,0,2
12999,25,2
12999,5,1
13000,31,1
13001,9,3
13001,15,1
13001,6,2
13002,19,3
13003,24,1
13003,11,2
13003,29,2
13003,23,3
13004,16,3
13004,38,1
13004,7,1
13005,2,3
13005,17,3
13006,21,2
13006,3,3
13006,24,3
13007,29,3
13008,24,2
13008,0,1
13008,20,1
13008,4,1
13009,37,3
13009,0,1
13009,18,1
13010,25,2
13010,5,3
13010,23,3
13011,20,1
13011,0,3
13011,4,1
13011,28,1
13012,5,3
13012,17,1
13012,8,2
13012,6,3
13013,27,1
13013,0,3
13013,10,3
13014,38,3
13015,17,2
13015,5,3
13015,12,2
13015,1,2
13016,0,2
13016,9,2
13016,4,3
13016,6,2
13017,23,1
13018,23,3
13018,26,3
13019,14,3
13019,25,3
13019,38,3
13019,16,3
13020,0,1
13021,5,3
13021,25,3
13022,33,2
13023,27,2
13024,5,1
13024,24,2
13025,24,1
13026,20,3
13027,21,1
13027,17,1
13027,3,2
13028,7,2
13028,1,3
13028,16,2
13028,26,2
13029,30,2
13029,27,2
13030,30,1
13031,24,2
13032,27,2
13032,19,2
13033,37,1
13033,5,2
13033,10,3
13034,1,3
13035,33,1
13035,1,2
13036,2,1
13037,8,2
13037,28,1
13037,20,1
13037,38,1
13038,11,3
13039,24,2
13039,37,2
13039,36,3
13040,28,2
13040,15,3
13040,30,1
13041,9,1
13041,20,3
13042,14,2
13042,8,3
13043,30,1
13043,5,2
13043,38,3
13043,21,3
13044,0,2
13044,1,3
13044,37,1
13044,34,2
13045,25,1
13045,17,1
13046,24,2
13047,1,1
13047,14,3
13048,29,3
13048,20,2
13048,38,1
13049,38,2
13049,3,1
13049,5,3
13050,8,3
13050,23,3
13050,27,1
13050,11,1
13051,10,3
13051,0,2
13052,13,1
13052,21,2
13052,27,1
13052,5,2
13053,13,1
13054,20,3
13054,1,1
13054,10,3
13054,0,1
13055,13,2
13055,8,1
13055,16,3
13055,22,2
13056,7,1
13056,29,2
13056,3,3
13057,32,2
13057,17,3
13057,2,3
13058,19,2
13058,8,1
13059,19,3
13059,4,2
13059,24,3
13059,37,2
13060,2,3
13060,12,3
13060,23,3
13060,30,1
13061,30,2
13061,12,2
13062,24,1
13062,27,3
13063,28,1
13064,9,2
13064,37,2
13064,27,2
13064,32,1
13065,3,3
13065,27,2
13065,25,3
13065,30,3
13066,36,3
13066,3,2
13066,4,1
13067,23,3
13067,0,3
13067,37,3
13067,20,1
13068,20,2
13069,24,1
13069,33,3
13069,13,2
13070,34,3
13071,32,1
13071,22,1
13071,7,2
13071,14,2
13072,15,1
13072,28,1
13073,27,3
13074,2,3
13074,24,1
13074,27,1
13075,11,2
13075,33,1
13076,29,3
13076,36,1
13076,3,1
13077,31,2
13078,33,2
13078,4,3
13078,3,2
13079,35,2
13079,19,1
13080,10,2
13080,24,2
13081,7,2
13082,37,3
13082,34,1
13083,8,3
13083,32,3
13084,18,3
13084,4,1
13084,20,3
13084,27,1
13085,24,1
13085,14,2
13085,11,3
13085,30,3
13086,20,3
13086,19,3
13086,18,2
13086,30,3
13087,29,1
13087,11,1
13088,23,2
13089,25,3
13089,26,1
13090,12,3
13090,29,1
13090,23,2
13090,9,1
13091,24,2
13092,21,1
13092,36,2
13093,7,2
13093,10,2
13093,24,1
13094,7,2
13094,33,3
13095,16,1
13095,12,1
13095,32,1
13096,26,2
13097,21,1
13097,30,3
13097,1,3
13097,17,2
13098,29,3
13098,8,3
13099,8,3
13099,28,1
13099,16,2
13100,26,2
13101,32,2
13101,13,3
13101,8,2
13102,14,1
13102,5,1
13102,10,3
13103,17,2
13103,9,2
13103,20,1
13103,27,2
13104,25,2
13104,23,1
13104,16,2
13105,38,2
13105,3,1
13106,3,1
13107,14,2
13107,36,2
13107,12,2
13108,8,3
13108,4,1
13109,29,2
13109,2,2
13109,12,2
13110,18,3
13110,16,3
13110,17,3
13110,15,3
13111,3,3
13111,9,3
13111,37,2
13111,17,1
13112,20,3
13112,23,2
13113,35,2
13114,8,1
13114,31,1
13114,6,1
13115,32,1
13115,18,1
13116,18,3
13116,32,1
13116,11,3
13116,12,2
13117,30,2
13117,28,2
13118,12,2
13119,25,3
13119,35,1
13119,14,3
13120,25,2
13120,23,3
13121,17,1
13121,36,1
13121,15,2
13121,18,2
13122,9,1
13122,17,1
13122,0,1
13122,14,1
13123,10,2
13123,26,1
13124,0,2
13124,16,3
13125,13,2
13126,13,1
13126,3,3
13126,17,3
13126,4,2
13127,26,3
13128,15,3
13129,9,2
13129,3,1
13130,29,2
13131,5,3
13131,22,2
13131,29,2
13131,0,3
13132,13,1
13132,24,3
13132,12,1
13133,29,1
13134,28,2
13134,12,3
13135,33,3
13136,38,1
13136,8,1
13136,9,1
13137,18,3
13137,17,3
13138,0,1
13139,35,1
13139,3,2
13140,1,2
13140,19,1
13140,38,1
13141,12,2
13141,0,1
13141,9,2
13141,10,1
13142,37,3
13142,0,1
13142,12,2
13143,23,3
13143,33,1
13143,6,2
13144,1,3
13144,28,3
13144,17,1
13144,38,2
13145,1,3
13146,30,3
13147,0,2
13147,18,3
13147,7,1
13147,21,2
13148,11,3
13149,2,2
13149,32,1
13149,20,2
13150,9,2
13150,13,1
13150,37,2
13150,20,1
13151,1,2
13151,25,1
13152,38,3
13153,34,2
13153,27,1
13154,14,2
13154,16,1
13154,9,3
13155,32,1
13155,27,1
13155,15,3
13155,14,1
13156,33,3
13156,26,2
13157,35,3
13158,27,2
13158,6,1
13158,37,1
13158,18,3
13159,17,2
13159,2,1
13159,23,2
13159,14,1
13160,7,1
13160,9,3
13161,26,1
13162,16,3
13162,11,3
13162,1,3
13162,23,1
13163,13,1
13164,37,3
13164,9,2
13164,31,3
13165,32,1
13166,9,2
13166,6,1
13166,23,3
13166,22,1
13167,8,3
13167,18,2
13168,26,1
13168,24,1
13168,0,3
13168,35,3
13169,12,1
13169,32,3
13169,22,1
13169,3,3
13170,1,1
13171,30,1
13171,25,2
13171,36,1
13171,34,3
13172,4,2
13172,16,1
13172,25,1
13173,33,2
13174,8,1
13174,26,3
13175,7,3
13175,0,2
13175,21,1
13175,16,2
13176,17,3
13177,32,1
13177,6,3
13177,10,1
13178,0,1
13178,36,1
13179,22,2
13179,5,3
13179,25,2
13179,13,1
13180,35,1
13181,21,2
13181,38,2
13181,26,2
13182,21,2
13182,2,2
13182,38,3
13183,3,1
13183,32,1
13183,26,1
13183,14,2
13184,0,1
13184,6,1
13184,18,1
13185,38,1
13185,4,3
13186,31,3
13186,3,2
13186,38,1
13187,37,2
13187,16,2
13188,22,3
13188,7,3
13188,10,3
13189,37,1
13189,12,2
13189,17,3
13190,15,1
13191,7,2
13191,36,3
13191,8,1
13191,14,1
13192,22,2
13192,32,2
13193,33,1
13193,9,3
13194,20,2
13194,33,1
13194,23,1
13195,0,3
13195,29,1
13195,5,3
13196,34,3
13196,27,1
13197,24,3
13198,27,3
13199,33,1
13200,11,1
13200,35,2
13200,7,3
13201,24,1
13201,33,2
13202,7,2
13202,22,1
13203,3,1
13203,0,2
13203,24,2
13204,27,3
13205,37,3
13205,13,3
13206,32,1
13207,8,1
13207,34,1
13208,12,1
13209,12,2
13209,7,3
13210,7,2
13210,10,3
13210,30,1
13211,11,1
13211,12,2
13211,19,1
13211,5,1
13212,4,1
13212,14,1
13213,14,2
13214,22,3
13215,21,2
13216,35,3
13216,34,2
13217,1,1
13217,33,3
13217,29,3
13218,14,2
13218,28,3
13218,27,3
13218,10,3
13219,6,3
13219,31,2
13219,5,2
13219,33,1
13220,30,1
13220,12,1
13221,36,3
13221,4,1
13221,30,1
13222,6,3
13223,29,1
13223,30,3
13223,36,2
13223,17,2
13224,31,1
13224,20,3
13224,16,2
13224,1,2
13225,5,1
13225,24,1
13225,21,1
13225,18,2
13226,30,2
13226,5,3
13227,16,1
13227,28,3
13227,31,2
13228,23,2
13228,4,2
13228,2,3
13228,7,3
13229,37,2
13229,1,1
13230,25,3
13230,34,2
13230,12,1
13231,23,1
13231,24,2
13232,2,2
13232,14,1
13232,38,3
13233,12,3
13233,0,2
13233,35,1
13233,19,1
13234,26,3
13234,19,3
13235,16,2
13235,17,1
13235,13,2
13236,35,3
13236,14,3
13237,1,2
13238,13,3
13238,28,3
13238,32,2
13239,12,1
13239,22,1
13240,36,3
13240,3,1
13240,20,1
13240,6,3
13241,4,3
13242,27,1
13242,6,2
13242,26,2
13242,20,2
13243,19,2
13243,12,1
13243,16,1
13244,33,3
13245,3,2
13245,27,3
13246,16,1
13246,20,1
13246,7,2
13246,31,3
13247,3,2
13247,0,3
13248,6,1
13248,1,2
13248,25,2
13248,32,3
13249,10,1
13249,3,1
13249,31,3
13249,22,1
13250,2,2
13251,3,3
13251,28,1
13251,36,3
13252,4,3
13252,3,1
13253,27,2
13253,21,2
13253,23,2
13254,19,3
13255,28,2
13255,16,2
13256,10,3
13256,19,3
13256,9,3
13257,4,1
13257,21,1
13257,19,2
13257,36,1
13258,2,3
13258,4,3
13259,34,2
13259,17,3
13259,16,3
13259,35,1
13260,15,1
13260,19,2
13261,21,3
13261,26,2
13262,17,3
13263,33,1
13264,37,2
13265,24,3
13265,30,3
13265,0,3
13265,5,2
13266,25,1
13266,35,3
13267,23,3
13267,35,3
13268,23,1
13268,32,2
13268,31,1
13268,6,2
13269,30,1
13269,5,1
13269,27,2
13269,18,2
13270,15,1
13270,38,1
13271,18,1
13271,6,2
13271,13,1
13271,20,2
13272,0,2
13272,10,3
13272,8,1
13273,32,1
13273,34,2
13273,38,3
13274,20,1
13275,8,2
13275,35,3
13275,38,2
13275,16,2
13276,7,1
13277,31,1
13277,5,2
13277,2,3
13277,4,2
13278,5,3
13278,16,1
13278,31,2
13279,36,1
13279,6,3
13280,32,3
13280,24,2
13280,9,3
13281,1,2
13281,23,2
13281,34,2
13281,27,1
13282,15,1
13282,29,3
13282,11,3
13282,34,2
13283,3,2
13283,16,3
13283,1,2
13284,28,3
13284,18,1
13284,31,2
13285,30,2
13285,23,1
13285,32,1
13285,24,2
13286,15,3
13287,6,3
13287,37,1
13288,9,2
13288,23,1
13289,0,1
13290,19,2
13290,14,2
13290,30,2
13290,15,2
13291,33,1
13291,36,3
13291,24,2
13291,6,3
13292,31,2
13292,35,1
13292,4,2
13292,38,1
13293,30,3
13293,20,1
13293,17,1
13293,35,3
13294,8,3
13295,17,2
13295,34,2
13295,30,3
13295,25,3
13296,27,1
13296,25,1
13296,12,2
13297,8,1
13297,16,1
13297,11,2
13298,7,1
13298,20,2
13299,12,1
13299,11,2
13299,15,1
13299,34,2
13300,20,2
13300,15,1
13300,19,2
13301,10,1
13301,0,3
13302,17,2
13302,3,3
13303,5,1
13304,4,2
13304,34,1
13304,26,1
13305,35,1
13305,4,3
13306,19,3
13307,28,2
13307,13,2
13308,26,3
13308,25,1
13308,29,1
13309,26,3
13310,26,2
13311,2,3
13311,25,2
13311,24,3
13311,28,3
13312,22,1
13312,15,1
13312,2,3
13313,20,3
13313,26,1
13314,22,3
13315,2,3
13315,4,2
13316,23,3
13316,32,3
13317,7,1
13317,38,2
13318,20,1
13319,12,1
13319,38,3
13319,22,2
13319,30,3
13320,28,2
13320,4,3
13320,8,2
13320,38,2
13321,24,1
13321,1,3
13322,13,1
13322,8,1
13322,18,2
13323,34,2
13323,15,2
13323,11,1
13324,16,1
13324,35,3
13324,27,2
13325,35,3
13325,20,3
13325,17,2
13326,23,1
13327,33,3
13327,12,3
13327,29,2
13327,25,1
13328,17,2
13329,27,1
13329,23,3
13329,28,2
13329,17,1
13330,12,1
13330,31,3
13330,27,2
13330,10,3
13331,24,1
13331,1,2
13332,24,3
13332,30,2
13332,17,2
13333,32,3
13333,12,1
13334,36,3
13335,22,1
13335,12,1
13336,23,1
13336,17,2
13336,8,2
13336,3,3
13337,9,3
13337,33,3
13337,28,2
13337,5,3
13338,4,2
13338,30,3
13339,36,3
13339,7,3
13339,30,2
13340,33,2
13341,16,3
13342,27,1
13342,36,1
13343,22,3
13343,8,3
13343,15,3
13344,30,2
13344,5,2
13344,19,3
13344,17,1
13345,36,1
13345,7,2
13345,15,3
13345,0,3
13346,17,1
13346,23,3
13346,7,1
13346,22,1
13347,16,3
13348,31,1
13348,7,2
13348,26,2
13349,16,3
13349,3,2
13349,5,3
13350,15,1
13351,16,1
13351,35,2
13351,29,3
13351,11,2
13352,30,2
13352,21,3
13352,1,2
13353,32,3
13354,19,3
13354,12,1
13355,35,2
13355,12,2
13355,30,2
13355,10,3
13356,31,1
13357,13,2
13357,6,1
13357,4,3
13357,33,2
13358,25,3
13358,21,1
13358,2,2
13358,36,2
13359,4,3
13359,32,1
13359,7,2
13360,32,2
13360,34,3
13360,8,1
13360,19,1
13361,23,3
13361,31,1
13361,34,1
13361,7,3
13362,24,1
13362,17,2
13362,22,2
13362,5,2
13363,36,3
13363,34,1
13364,29,2
13364,11,3
13364,21,2
13364,12,2
13365,26,3
13365,38,1
13365,3,3
13365,4,3
13366,29,2
13367,6,2
13367,0,3
13367,4,2
13367,23,2
13368,6,2
13368,30,2
13369,0,1
13369,2,2
13370,14,1
13370,30,3
13371,8,3
13372,5,2
13372,28,1
13372,15,1
13372,11,3
13373,30,3
13373,22,1
13373,5,1
13373,31,1
13374,8,1
13374,5,2
13374,7,1
13374,4,3
13375,12,3
13375,3,1
13376,28,2
13377,8,2
13377,25,1
13377,14,1
13377,7,2
13378,23,1
13379,20,2
13380,11,3
13380,23,3
13381,21,2
13381,1,2
13381,2,1
13382,38,1
13382,25,1
13383,29,3
13383,9,1
13383,1,1
13383,22,1
13384,25,2
13384,18,1
13384,12,3
13384,32,2
13385,30,1
13386,18,2
13387,13,1
13387,0,1
13388,30,2
13388,9,3
13389,11,1
13389,22,3
13390,0,3
13391,18,3
13391,4,3
13391,32,2
13391,30,1
13392,8,1
13393,3,3
13393,34,2
13393,12,3
13394,20,3
13395,13,3
13395,12,3
13396,5,3
13396,25,3
13396,9,3
13397,32,3
13398,26,2
13398,18,3
13398,1,3
13398,23,3
13399,28,2
13399,10,2
13399,14,1
13400,29,1
13400,11,2
13401,20,3
13402,11,3
13402,20,1
13402,2,1
13402,23,2
13403,31,3
13403,26,1
13403,29,3
13403,10,1
13404,11,3
13404,24,2
13405,27,2
13405,31,3
13406,17,2
13406,20,1
13406,34,1
13407,15,2
13408,36,2
13408,25,3
13408,21,3
13409,11,2
13409,33,2
13409,30,1
13410,13,3
13410,36,1
13410,1,3
13410,21,3
13411,7,1
13411,16,2
13412,34,3
13412,9,1
13412,31,3
13413,9,3
13414,12,3
13415,23,3
13416,34,2
13417,28,2
13417,36,3
13417,3,1
13418,30,1
13418,21,3
13418,31,2
13418,15,3
13419,2,2
13419,31,3
13420,1,1
13420,7,3
13420,30,3
13420,8,1
13421,11,3
13421,18,2
13422,21,3
13422,1,3
13422,28,2
13423,9,3
13424,36,3
13424,18,2
13425,37,1
13425,17,3
13425,1,1
13426,32,1
13426,31,2
13427,28,3
13428,29,2
13429,9,3
13430,32,2
13431,30,1
13431,10,1
13431,0,3
13432,21,2
13433,13,3
13433,37,2
13434,0,1
13434,9,2
13435,17,1
13436,9,1
13436,22,3
13436,1,1
13437,26,2
13437,18,3
13437,22,1
13438,13,3
13439,7,1
13440,22,3
13440,37,3
13440,6,3
13441,6,2
13441,35,3
13441,30,1
13441,18,2
13442,17,3
13442,6,3
13442,20,3
13442,36,2
13443,19,1
13443,9,3
13444,19,2
13444,27,3
13444,14,1
13445,18,2
13446,23,3
13446,6,2
13446,15,3
13447,15,2
13447,21,3
13447,38,2
13448,5,1
13449,33,3
13449,7,3
13449,23,2
13450,31,1
13450,37,2
13450,1,3
13451,28,1
13451,18,1
13451,10,1
13451,33,1
13452,1,3
13452,15,2
13453,4,3
13453,29,2
13453,22,1
13453,31,1
13454,33,2
13455,13,2
13455,12,2
13455,32,3
13455,21,1
13456,11,2
13456,9,3
13456,28,1
13457,29,1
13457,4,3
13458,10,3
13458,22,3
13458,21,1
13458,17,3
13459,33,2
13459,3,3
13459,37,1
13460,33,2
13460,1,2
13460,24,3
13461,32,2
13461,37,1
13462,28,2
13462,12,2
13462,34,2
13462,0,2
13463,3,3
13463,17,1
13463,27,1
13464,26,3
13464,15,3
13465,27,3
13465,19,1
13465,7,2
13465,15,2
13466,38,3
13466,14,2
13467,16,2
13467,3,3
13467,20,1
13468,27,3
13468,5,3
13468,32,1
13469,24,2
13470,32,3
13470,25,1
13470,21,1
13470,8,3
13471,12,2
13471,35,3
13472,1,1
13472,32,1
13472,12,3
13472,7,2
13473,14,1
13473,9,1
13474,30,1
13474,29,3
13474,31,3
13474,3,1
13475,10,1
13476,21,3
13476,30,3
13476,16,3
13477,17,1
13478,22,1
13478,3,1
13478,0,2
13479,0,1
13480,15,3
13480,11,3
13481,9,3
13481,29,2
13481,4,3
13481,14,1
13482,6,1
13483,2,3
13483,7,3
13484,4,3
13484,8,1
13484,28,2
13485,5,3
13485,1,1
13486,4,3
13486,23,2
13487,3,2
13488,24,3
13488,25,2
13489,14,1
13489,2,3
13489,31,3
13490,18,3
13491,14,1
13492,33,3
13493,35,3
13493,20,1
13493,38,3
13494,10,2
13495,10,2
13495,29,1
13495,18,3
13496,0,1
13496,34,3
13497,36,1
13497,3,2
13497,29,1
13498,14,1
13498,2,1
13499,18,3
13499,34,2
13500,3,1
13500,21,3
13500,19,2
13501,29,3
13502,11,2
13502,1,2
13502,27,1
13503,35,2
13503,0,3
13503,17,1
13503,13,3
13504,15,2
13504,36,3
13505,22,1
13505,38,1
13505,6,3
13505,19,1
13506,31,2
13506,25,2
13506,21,1
13507,9,2
13507,31,3
13507,36,2
13508,37,3
13509,15,1
13509,3,1
13509,38,2
13510,11,3
13510,37,1
13510,1,3
13510,30,3
13511,12,2
13511,9,2
13511,13,3
13512,35,3
13512,25,1
13513,2,2
13513,38,3
13513,30,1
13514,34,2
13514,14,1
13515,7,1
13515,4,2
13515,3,1
13516,14,1
13516,19,2
13516,26,3
13516,4,1
13517,15,3
13517,35,2
13517,30,2
13518,5,3
13518,37,3
13518,29,2
13519,18,1
13519,12,2
13519,11,2
13519,3,1
13520,6,2
13520,2,2
13520,8,3
13520,15,3
13521,14,1
13522,37,3
13522,36,1
13522,1,3
13522,20,3
13523,7,1
13523,11,1
13524,36,3
13524,4,1
13524,23,2
13524,15,1
13525,4,3
13525,33,3
13525,2,1
13525,28,3
13526,14,1
13526,30,1
13526,22,3
13527,33,1
13527,31,3
13527,5,1
13527,8,3
13528,35,3
13528,34,3
13529,31,1
13529,16,2
13530,6,3
13531,33,1
13531,23,3
13531,19,3
13532,4,3
13532,22,2
13532,27,2
13532,34,2
13533,37,1
13534,34,2
13535,34,1
13535,8,1
13535,37,1
13535,38,2
13536,2,2
13536,8,3
13536,21,2
13537,4,1
13538,3,3
13538,11,3
13538,18,2
13538,13,2
13539,8,1
13539,10,3
13539,16,1
13539,24,2
13540,13,1
13540,15,1
13540,32,1
13540,18,2
13541,35,2
13541,22,3
13541,19,2
13541,11,3
13542,9,3
13542,12,2
13542,14,2
13543,27,3
13544,8,2
13544,16,2
13545,9,1
13545,33,2
13545,26,2
13545,30,1
13546,16,2
13546,9,2
13546,10,3
13546,5,3
13547,17,1
13547,28,1
13547,26,2
13548,4,1
13548,30,2
13548,15,2
13548,28,1
13549,16,1
13549,10,3
13550,31,2
13550,38,2
13550,3,3
13550,28,3
13551,13,1
13551,37,3
13551,9,2
13552,32,2
13552,25,2
13553,33,2
13553,18,3
13554,32,2
13554,24,2
13554,2,2
13554,28,2
13555,13,2
13556,37,2
13556,22,1
13556,13,2
13557,17,2
13558,21,1
13558,19,2
13558,31,1
13558,1,3
13559,12,2
13560,4,2
13561,38,3
13561,6,2
13561,19,1
13561,31,2
13562,4,3
13563,27,3
13563,10,3
13563,18,2
13563,34,2
13564,20,1
13564,15,2
13565,15,2
13565,30,3
13566,4,1
13566,34,2
13566,8,1
13566,0,2
13567,27,2
13567,22,1
13567,9,2
13568,38,3
13569,13,2
13569,33,3
13569,20,3
13569,1,2
13570,29,3
13571,34,3
13571,0,3
13572,21,3
13573,27,2
13573,24,1
13573,33,2
13574,7,3
13575,6,2
13575,24,1
13575,11,1
13576,38,1
13576,14,2
13576,21,1
13577,5,2
13577,9,1
13577,33,2
13578,3,2
13578,19,2
13579,38,2
13579,28,2
13579,9,1
13579,12,1
13580,13,1
13580,30,1
13580,36,1
13581,15,3
13582,22,2
13583,33,2
13583,30,3
13584,29,2
13584,3,3
13584,33,2
13584,38,2
13585,36,1
13586,32,2
13586,3,3
13586,26,1
13587,33,3
13587,11,3
13588,8,2
13588,14,3
13588,32,2
13589,11,2
13590,29,2
13590,36,1
13590,27,2
13590,20,2
13591,7,1
13591,1,3
13591,14,1
13592,25,3
13592,33,2
13592,4,2
13593,14,1
13593,29,3
13593,16,1
13593,8,2
13594,23,1
13594,17,1
13594,25,1
13594,35,1
13595,1,1
13595,38,2
13596,23,1
13597,12,1
13597,24,3
13598,32,2
13599,38,1
13599,2,3
13600,25,2
13600,28,3
13600,9,3
13601,8,3
13601,38,3
13602,17,2
13602,12,1
13602,5,3
13603,6,1
13604,22,1
13604,18,1
13604,13,3
13605,7,1
13606,4,2
13606,17,3
13606,18,2
13607,8,1
13608,8,3
13608,16,2
13608,9,2
13609,32,2
13609,21,3
13609,22,2
13609,29,1
13610,23,1
13611,3,2
13612,35,2
13612,30,2
13613,4,3
13614,18,2
13614,33,3
13615,25,3
13616,4,2
13616,10,3
13616,19,3
13616,25,1
13617,13,3
13617,25,1
13618,18,3
13618,17,2
13619,15,3
13619,30,3
13619,33,2
13619,1,3
13620,7,3
13620,15,3
13621,15,1
13621,35,2
13621,23,1
13621,26,2
13622,28,3
13623,14,2
13623,23,2
13624,1,2
13624,30,1
13625,4,3
13626,8,1
13626,10,1
13627,24,3
13628,11,1
13628,5,2
13628,25,2
13628,28,3
13629,10,3
13630,5,2
13630,12,1
13630,8,3
13631,33,1
13631,8,2
13632,1,1
13632,33,2
13633,25,1
13633,28,2
13633,27,1
13634,28,3
13634,27,3
13634,32,2
13635,17,3
13636,6,3
13636,0,1
13636,4,2
13636,14,3
13637,21,2
13637,1,2
13637,2,1
13637,26,3
13638,10,3
13638,30,1
13639,17,3
13639,9,3
13639,31,2
13639,38,2
13640,29,2
13640,10,2
13641,15,2
13641,38,2
13641,14,3
13642,26,3
13642,27,2
13643,28,1
13643,1,3
13644,18,2
13644,20,1
13644,6,1
13644,16,2
13645,25,3
13645,29,1
13645,1,1
13646,25,2
13646,15,2
13647,10,1
13648,1,3
13648,32,2
13649,30,1
13650,36,1
13650,25,1
13650,10,2
13650,1,1
13651,29,1
13651,25,2
13652,28,1
13652,21,1
13653,37,3
13653,0,2
13654,22,2
13655,27,2
13655,8,3
13655,22,1
13655,17,3
13656,33,3
13656,37,3
13656,25,2
13656,14,3
13657,5,2
13657,7,3
13657,2,2
13657,38,3
13658,6,2
13658,12,1
13658,29,2
13658,2,1
13659,5,1
13659,32,3
13660,35,3
13661,0,3
13661,22,3
13661,5,3
13661,6,3
13662,28,1
13662,19,1
13662,34,1
13662,22,3
13663,0,3
13663,8,1
13663,19,3
13663,11,2
13664,4,3
13664,7,2
13664,16,1
13665,8,3
13665,36,3
13665,29,1
13666,6,2
13666,5,3
13667,35,2
13668,4,2
13668,37,3
13669,14,2
13669,24,1
13669,28,1
13669,20,2
13670,28,3
13671,24,1
13671,15,3
13672,36,2
13673,7,2
13673,25,3
13673,36,1
13674,38,1
13674,6,3
13674,10,1
13674,12,3
13675,26,2
13675,27,1
13676,17,3
13677,15,2
13677,0,1
13677,24,1
13677,19,1
13678,17,1
13679,20,2
13680,38,2
13680,13,1
13680,35,3
13680,21,3
13681,7,2
13681,4,2
13681,35,2
13681,31,1
13682,24,1
13682,2,3
13682,3,1
13683,10,3
13683,23,2
13683,19,1
13683,7,2
13684,21,2
13684,37,2
13685,3,3
13686,8,2
13686,11,2
13686,31,3
13686,36,2
13687,19,1
13687,25,1
13687,24,1
13687,8,1
13688,35,2
13688,10,1
13689,22,3
13689,4,1
13690,34,3
13690,9,1
13690,31,3
13691,19,1
13691,18,2
13691,12,1
13691,17,2
13692,24,3
13692,11,3
13693,21,3
13693,4,2
13693,35,2
13694,32,2
13694,10,2
13695,32,2
13695,1,3
13696,3,3
13696,26,1
13696,10,2
13696,8,1
13697,31,2
13697,36,2
13697,26,2
13697,10,3
13698,27,2
13699,19,1
13699,23,1
13699,32,2
13699,1,2
13700,16,3
13701,38,1
13702,5,1
13702,25,2
13702,4,3
13703,33,2
13703,27,3
13703,3,3
13703,26,2
13704,35,2
13705,33,2
13705,25,3
13705,19,1
13705,17,2
13706,3,1
13706,8,2
13706,16,1
13707,20,2
13707,4,2
13707,12,3
13707,38,1
13708,0,1
13708,21,2
13709,13,2
13710,17,1
13710,18,2
13710,6,1
13711,0,3
13712,0,3
13712,38,3
13712,20,3
13712,32,1
13713,33,1
13713,0,3
13713,18,3
13714,11,2
13714,10,2
13714,21,1
13714,1,1
13715,38,2
13716,24,2
13716,13,2
13716,1,1
13716,5,1
13717,6,2
13717,23,3
13717,9,3
13717,3,3
13718,6,1
13718,8,3
13718,11,2
13719,22,2
13720,30,3
13721,4,1
13721,33,1
13722,30,2
13722,15,2
13722,32,1
13723,4,1
13724,2,3
13724,12,3
13724,22,3
13724,14,1
13725,20,1
13726,24,3
13726,25,3
13726,34,3
13726,35,1
13727,12,1
13727,27,2
13727,29,2
13727,15,2
13728,18,2
13729,30,3
13729,8,1
13729,33,1
13729,6,3
13730,26,3
13731,23,3
13731,9,2
13732,35,2
13732,28,3
13733,18,1
13733,9,1
13733,34,1
13733,1,3
13734,12,2
13735,5,2
13735,7,2
13735,18,1
13736,24,2
13736,20,1
13736,25,1
13736,10,3
13737,7,2
13737,23,3
13737,31,1
13737,35,3
13738,1,3
13739,16,2
13739,32,1
13740,17,1
13741,34,3
13741,26,3
13741,24,1
13742,8,2
13743,0,3
13743,28,2
13743,25,2
13744,24,3
13744,13,1
13744,3,1
13744,16,1
13745,9,2
13745,32,2
13746,20,1
13747,24,3
13747,19,1
13747,36,3
13747,28,3
13748,18,2
13749,10,1
13749,34,1
13749,6,1
13750,14,1
13750,1,3
13751,1,1
13751,38,1
13752,18,2
13752,12,2
13752,16,2
13753,37,3
13753,14,1
13754,9,1
13754,22,3
13754,35,3
13754,37,1
13755,20,3
13756,21,1
13756,11,3
13756,25,3
13757,30,1
13757,23,1
13758,9,2
13758,18,1
13758,2,2
13759,14,1
13760,33,2
13761,5,1
13762,23,1
13762,33,1
13762,17,1
13762,26,3
13763,1,3
13763,21,3
13763,6,2
13763,16,3
13764,3,3
13765,20,3
13766,22,3
13766,7,3
13766,6,2
13767,21,2
13768,29,3
13768,8,3
13768,4,3
13769,24,3
13769,22,1
13769,30,3
13769,6,1
13770,14,2
13770,24,1
13770,32,1
13771,22,2
13771,35,2
13772,31,2
13772,37,3
13773,18,1
13773,1,3
13773,4,2
13774,27,1
13774,1,1
13775,37,3
13775,23,1
13775,30,3
13775,4,3
13776,8,2
13776,24,2
13777,32,3
13778,20,2
13779,0,2
13779,19,1
13780,5,2
13781,38,2
13781,3,2
13781,28,2
13782,0,2
13783,29,2
13783,22,2
13784,34,3
13784,24,2
13785,19,2
13785,9,3
13785,12,2
13785,7,3
13786,2,1
13786,1,2
13786,18,3
13786,11,1
13787,30,1
13787,8,3
13788,28,2
13789,23,1
13789,37,2
13789,2,3
13789,9,3
13790,32,2
13790,13,1
13790,33,3
13791,30,1
13791,32,1
13792,4,3
13792,33,2
13792,23,1
13793,25,3
13794,22,3
13794,8,2
13794,32,2
13795,9,2
13796,3,1
13796,13,3
13797,5,1
13797,20,2
13798,37,1
13798,15,3
13798,12,3
13798,27,1
13799,18,3
13799,17,2
13799,6,3
13800,19,1
13800,12,1
13800,34,2
13800,24,1
13801,3,3
13801,25,2
13802,32,1
13802,26,2
13802,18,3
13802,4,3
13803,12,2
13803,29,3
13803,31,2
13803,26,2
13804,17,1
13804,38,1
13804,3,3
13805,26,2
13806,29,1
13806,14,1
13807,33,2
13808,38,1
13808,37,1
13809,6,2
13809,5,2
13809,35,2
13810,2,2
13811,23,3
13811,20,3
13811,0,1
13811,4,2
13812,36,3
13812,7,2
13813,28,2
13813,11,1
13813,27,2
13814,3,3
13815,18,3
13815,8,1
13815,2,3
13815,5,2
13816,6,3
13816,22,1
13817,0,1
13817,25,2
13818,6,2
13818,2,2
13818,5,1
13818,26,1
13819,33,1
13819,36,3
13819,6,2
13820,0,1
13820,16,2
13820,38,1
13820,7,1
13821,5,3
13822,23,2
13823,36,3
13824,30,1
13824,18,2
13824,9,1
13824,12,1
13825,31,2
13825,34,2
13825,3,3
13825,25,3
13826,14,1
13826,19,3
13826,34,3
13827,33,2
13827,13,2
13827,20,2
13828,17,2
13828,12,3
13828,23,2
13829,28,1
13830,34,1
13831,19,3
13831,5,1
13831,3,3
13832,35,3
13832,18,1
13833,36,2
13833,31,3
13833,35,3
13834,26,3
13834,14,3
13834,21,3
13834,4,3
13835,36,2
13836,14,3
13837,6,1
13837,35,2
13837,1,3
13837,4,3
13838,23,1
13839,34,2
13839,29,3
13840,21,1
13840,30,3
13841,25,2
13841,27,1
13841,19,1
13841,38,1
13842,14,3
13842,32,3
13842,19,2
13842,36,2
13843,22,1
13844,25,2
13844,0,3
13845,14,1
13845,11,3
13846,31,1
13846,37,1
13847,0,1
13847,28,1
13848,38,1
13848,23,2
13849,11,3
13849,38,3
13849,29,1
13849,33,2
13850,30,2
13850,15,1
13851,25,2
13851,27,2
13851,0,2
13852,7,1
13852,37,2
13853,12,1
13854,29,2
13854,30,1
13855,10,2
13855,25,1
13856,34,2
13856,11,1
13857,3,1
13857,29,1
13857,33,3
13858,32,2
13858,13,3
13859,7,1
13860,7,3
13860,9,2
13861,5,3
13861,31,3
13862,3,1
13862,29,1
13863,5,2
13863,2,2
13863,35,2
13863,16,2
13864,26,1
13864,31,3
13864,0,3
13865,38,1
13866,38,2
13866,9,1
13866,1,1
13866,8,3
13867,15,2
13867,13,2
13867,24,3
13868,33,2
13868,13,1
13869,10,2
13870,28,3
13870,18,3
13871,25,2
13872,12,1
13872,13,1
13873,5,1
13873,17,1
13874,13,2
13874,24,3
13874,28,1
13875,28,2
13875,5,2
13875,36,1
13875,3,1
13876,2,1
13876,36,2
13877,31,1
13877,23,1
13878,26,2
13878,14,3
13878,33,2
13878,5,3
13879,11,3
13880,15,1
13881,37,2
13881,32,1
13881,20,3
13882,31,2
13883,30,1
13883,32,2
13883,6,2
13884,33,3
13884,25,2
13885,17,1
13885,16,1
13886,7,2
13886,9,1
13886,5,2
13886,6,2
13887,33,1
13887,11,2
13887,9,2
13888,12,3
13888,6,3
13889,6,3
13889,8,2
13889,3,1
13890,4,1
13890,24,1
13890,38,3
13890,6,2
13891,32,2
13892,23,3
13892,36,3
13892,3,1
13892,6,2
13893,19,2
13893,24,2
13893,9,2
13894,23,1
13895,20,1
13895,33,1
13896,37,3
13897,35,2
13897,13,3
13897,34,1
13897,15,3
13898,30,3
13898,28,1
13898,13,1
13899,8,2
13899,13,3
13900,14,3
13900,0,2
13901,35,2
13902,18,1
13902,30,2
13902,37,3
13902,11,1
13903,4,3
13903,15,1
13903,9,3
13903,7,1
13904,4,2
13905,38,1
13905,23,1
13906,8,3
13906,28,3
13906,6,3
13906,36,1
13907,17,2
13908,3,2
13908,11,3
13909,9,3
13909,36,1
13910,26,1
13910,10,2
13911,3,3
13911,12,1
13912,2,3
13912,18,3
13913,8,3
13913,11,2
13913,5,2
13913,28,1
13914,22,3
13914,30,1
13914,35,3
13914,20,1
13915,14,2
13915,35,3
13915,25,3
13916,2,2
13916,6,3
13916,27,1
13916,28,1
13917,17,2
13917,31,1
13918,15,1
13918,22,3
13919,5,2
13920,11,1
13920,27,2
13920,2,1
13920,35,3
13921,16,2
13922,36,1
13922,33,3
13922,19,2
13923,1,3
13923,25,3
13923,6,3
13923,36,3
13924,30,2
13925,7,3
13925,35,1
13926,30,1
13927,31,2
13927,20,2
13927,3,3
13927,30,2
13928,29,2
13928,25,1
13928,34,2
13929,19,2
13930,19,1
13930,37,3
13930,31,2
13930,28,2
13931,19,2
13932,20,3
13932,36,3
13933,10,1
13933,34,1
13934,22,3
13934,24,1
13934,20,2
13935,19,3
13935,33,2
13935,13,3
13936,15,2
13937,33,3
13938,14,3
13938,1,2
13939,33,1
13939,31,2
13939,21,1
13940,20,2
13940,6,3
13940,24,3
13940,16,2
13941,15,1
13941,8,3
13941,21,2
13941,30,3
13942,2,2
13942,4,2
13942,7,3
13943,21,2
13943,14,1
13943,3,1
13944,6,3
13944,1,1
13944,36,1
13945,35,3
13945,0,2
13945,27,2
13946,29,2
13947,32,1
13947,10,3
13947,31,2
13948,7,3
13948,1,1
13948,34,1
13948,32,2
13949,15,1
13949,38,2
13949,27,3
13949,18,1
13950,10,3
13950,35,1
13950,34,3
13950,25,1
13951,32,3
13951,37,2
13951,11,1
13952,6,1
13953,8,3
13953,21,1
13953,5,2
13954,34,3
13954,0,3
13954,30,1
13955,36,3
13956,31,2
13956,15,3
13956,11,1
13957,35,1
13958,33,2
13958,3,3
13959,21,2
13959,27,2
13959,1,1
13960,9,3
13961,11,3
13962,22,3
13962,6,2
13962,19,3
13963,23,2
13964,15,2
13965,16,3
13965,21,1
13965,12,3
13966,3,3
13966,1,3
13967,12,2
13967,18,2
13968,19,3
13969,12,1
13969,3,2
13969,0,1
13970,34,3
13970,27,3
13970,13,3
13970,35,2
13971,1,2
13971,25,2
13971,34,1
13972,21,3
13972,2,3
13972,6,1
13972,25,3
13973,35,2
13973,11,2
13974,35,2
13974,17,2
13974,38,1
13975,18,2
13975,24,1
13975,28,1
13976,31,1
13976,0,3
13976,14,2
13977,35,3
13977,19,1
13977,13,1
13978,12,1
13978,9,2
13978,8,1
13979,33,2
13980,15,2
13980,11,3
13980,20,2
13981,30,1
13981,27,2
13981,38,2
13982,37,1
13983,24,1
13983,10,1
13984,28,3
13985,31,2
13986,17,2
13986,2,3
13987,13,1
13987,29,3
13987,33,1
13987,1,3
13988,24,3
13988,36,2
13988,6,3
13988,17,1
13989,11,3
13989,22,3
13989,24,1
13989,3,2
13990,31,1
13991,7,2
13992,30,2
13992,23,1
13992,18,1
13992,15,3
13993,5,3
13993,23,1
13994,34,2
13994,29,1
13995,38,2
13995,27,1
13995,4,1
13995,21,1
13996,29,2
13997,25,3
13997,15,2
13997,33,1
13997,7,3
13998,32,2
13999,36,2
14000,30,1
14000,32,2
14000,10,1
14001,35,3
14002,13,3
14002,26,3
14002,36,3
14003,26,1
14003,13,3
14004,32,3
14004,5,2
14004,37,3
14005,4,2
14005,12,2
14005,16,3
14006,36,3
14006,19,1
14006,31,2
14006,29,3
14007,29,1
14007,30,1
14007,19,1
14007,32,3
14008,30,2
14008,35,3
14008,34,3
14009,34,1
14009,14,3
14010,32,1
14010,34,1
14010,20,1
14011,13,1
14011,20,2
14012,23,1
14012,6,2
14012,28,2
14012,15,1
14013,20,3
14013,6,2
14013,25,1
14014,18,1
14015,30,1
14015,37,2
14015,27,3
14015,16,1
14016,5,1
14016,25,2
14016,33,1
14017,16,1
14018,20,2
14018,3,2
14019,18,1
14020,30,2
14020,14,3
14021,20,3
14022,11,2
14022,35,1
14022,17,3
14022,34,3
14023,6,1
14023,4,2
14024,37,3
14024,2,3
14024,5,3
14025,28,1
14025,13,3
14026,27,1
14026,28,3
14026,38,3
14026,21,1
14027,9,1
14027,16,3
14027,29,3
14028,5,2
14028,22,1
14028,33,1
14028,7,3
14029,16,2
14029,36,3
14029,7,1
14029,5,3
14030,7,3
14030,12,3
14030,31,2
14030,22,3
14031,12,3
14032,7,1
14033,24,3
14033,17,2
14034,28,1
14034,19,2
14034,25,1
14035,32,1
14035,21,3
14035,9,2
14036,4,2
14036,13,3
14036,8,2
14037,6,2
14037,19,1
14038,23,1
14038,18,2
14038,33,1
14038,22,1
14039,14,3
14039,13,3
14040,11,2
14040,17,3
14040,6,1
14040,14,2
14041,23,2
14041,26,1
14041,24,2
14042,9,2
14042,23,2
14042,2,1
14042,6,3
14043,7,3
14043,26,1
14043,6,3
14043,36,1
14044,2,2
14045,30,1
14045,5,2
14045,12,2
14045,23,1
14046,32,1
14047,27,2
14047,31,2
14047,0,1
14048,37,3
14048,20,1
14048,5,1
14049,26,1
14050,22,1
14051,34,1
14051,17,3
14051,1,1
14051,24,3
14052,9,2
14052,2,3
14052,34,3
14053,33,3
14053,23,3
14053,7,3
14053,19,3
14054,37,2
14054,0,2
14055,26,2
14055,32,1
14055,38,3
14056,14,1
14056,23,3
14056,18,2
14056,3,2
14057,21,1
14057,5,2
14057,33,1
14058,6,3
14058,1,1
14058,20,2
14058,13,3
14059,2,1
14060,17,1
14061,5,3
14061,31,2
14062,1,1
14062,17,3
14063,29,3
14064,36,1
14064,21,2
14064,33,1
14064,14,3
14065,4,2
14066,5,2
14066,16,3
14066,12,2
14066,17,2
14067,14,1
14067,10,1
14067,18,3
14067,12,3
14068,3,1
14069,6,1
14069,4,2
14069,37,2
14070,3,1
14070,17,2
14071,19,3
14071,16,2
14072,20,3
14072,26,1
14072,13,3
14073,2,2
14073,26,3
14073,9,3
14073,11,3
14074,38,1
14074,20,3
14075,0,3
14075,11,1
14075,18,2
14075,32,1
14076,13,3
14077,5,1
14077,33,2
14077,15,1
14077,11,3
14078,22,3
14078,36,3
14078,33,1
14078,30,3
14079,34,3
14079,29,2
14079,38,1
14080,3,3
14080,17,1
14080,2,2
14081,38,2
14081,11,1
14082,9,3
14082,12,1
14082,22,2
14082,18,3
14083,15,3
14083,9,3
14083,17,1
14083,24,2
14084,1,2
14084,10,1
14084,0,3
14085,23,2
14086,1,1
14086,37,1
14087,16,3
14087,34,3
14088,4,3
14088,13,2
14088,0,1
14089,8,1
14089,21,2
14090,16,3
14090,23,1
14090,26,2
14090,13,3
14091,37,2
14091,34,3
14091,17,2
14091,26,1
14092,31,1
14093,16,1
14093,18,3
14093,20,2
14094,16,1
14095,22,1
14095,12,1
14095,13,1
14095,15,3
14096,36,3
14097,32,1
14098,5,2
14099,18,2
14099,27,1
14099,33,1
14100,31,3
14100,26,3
14100,10,2
14100,1,1
14101,4,3
14101,0,3
14101,14,1
14101,27,1
14102,18,2
14102,20,1
14102,5,3
14102,34,2
14103,33,1
14103,22,2
14104,20,1
14104,31,1
14104,15,3
14105,22,1
14105,4,2
14106,37,2
14106,5,3
14106,36,2
14106,19,2
14107,21,2
14107,17,3
14107,33,3
14107,5,1
14108,16,3
14108,5,1
14108,30,2
14109,20,2
14109,0,3
14109,10,1
14109,26,3
14110,31,3
14111,32,2
14111,38,2
14112,5,1
14112,9,3
14112,18,1
14112,34,1
14113,9,2
14114,10,3
14114,37,3
14114,17,2
14115,24,2
14116,13,1
14116,3,3
14116,17,2
14116,38,2
14117,16,2
14117,12,2
14117,7,3
14118,33,3
14118,25,3
14118,21,3
14118,6,1
14119,25,1
14119,38,1
14119,19,1
14120,12,2
14120,1,2
14120,7,3
14121,17,1
14121,31,1
14121,10,1
14122,21,2
14122,22,2
14122,14,1
14122,24,1
14123,22,1
14123,12,3
14123,33,2
14123,37,2
14124,25,3
14124,1,3
14124,20,1
14125,1,1
14125,30,2
14126,12,2
14126,11,2
14126,2,3
14126,18,3
14127,28,1
14127,7,2
14128,31,3
14129,35,1
14129,17,3
14129,32,2
14129,25,3
14130,9,3
14130,38,2
14130,34,2
14131,29,3
14131,23,2
14131,35,1
14132,32,2
14132,34,3
14133,38,1
14133,37,1
14134,13,2
14134,34,2
14135,24,3
14136,18,2
14136,13,3
14136,28,2
14137,19,1
14137,13,3
14137,38,2
14138,37,3
14138,32,3
14138,38,2
14138,36,1
14139,0,1
14139,18,1
14139,14,3
14139,8,1
14140,35,3
14140,10,3
14140,17,1
14141,35,3
14141,18,3
14141,27,1
14142,12,1
14142,36,1
14142,23,1
14142,4,2
14143,8,2
14143,23,2
14143,24,1
14143,18,2
14144,31,2
14145,33,1
14146,29,2
14146,20,2
14147,5,2
14147,9,1
14148,23,3
14148,7,1
14148,33,3
14149,15,1
14150,8,2
14150,7,1
14150,10,2
14150,30,1
14151,7,1
14151,10,1
14151,36,3
14151,17,1
14152,28,3
14152,1,3
14152,31,2
14153,0,2
14153,15,3
14153,3,3
14153,1,2
14154,1,3
14155,22,1
14155,15,1
14155,2,1
14156,34,3
14156,12,1
14156,11,1
14156,6,2
14157,0,3
14158,4,2
14158,12,2
14158,11,2
14158,6,2
14159,27,3
14160,38,2
14160,24,2
14160,15,2
14161,0,3
14161,17,2
14161,20,1
14162,24,2
14162,19,2
14163,33,3
14164,13,2
14165,21,1
14165,37,2
14165,7,3
14165,20,2
14166,35,2
14166,33,2
14167,31,3
14167,37,3
14168,5,3
14169,10,1
14169,16,3
14170,8,3
14170,17,2
14171,2,2
14171,5,1
14171,11,1
14172,25,3
14173,4,2
14174,7,2
14174,11,1
14175,17,1
14176,8,1
14177,24,3
14177,18,3
14178,21,2
14178,4,2
14179,16,3
14179,12,1
14179,6,2
14179,22,2
14180,18,1
14180,6,1
14180,20,2
14181,34,1
14181,22,3
14182,35,2
14182,5,3
14182,31,1
14182,14,3
14183,13,1
14184,14,3
14184,23,3
14184,1,3
14184,12,3
14185,31,3
14185,0,2
14185,26,2
14186,28,3
14186,32,2
14186,6,2
14187,10,2
14187,35,2
14188,31,1
14189,35,1
14189,38,2
14189,33,1
14190,11,1
14190,13,3
14191,16,1
14191,18,2
14192,15,1
14192,34,3
14192,13,2
14192,8,2
14193,16,2
14194,26,3
14194,8,2
14194,22,2
14194,28,2
14195,12,2
14195,13,3
14195,14,2
14196,30,2
14196,10,3
14196,38,3
14197,17,1
14198,6,3
14198,0,3
14198,36,1
14198,28,1
14199,32,2
14199,5,1
14199,4,1
14200,37,2
14200,11,1
14200,29,3
14201,15,1
14201,19,1
14202,29,1
14202,33,1
14202,22,1
14203,31,2
14203,18,3
14204,37,1
14204,21,2
14205,7,3
14206,3,3
14206,7,1
14206,5,1
14207,31,2
14207,19,2
14207,21,3
14208,25,3
14209,17,1
14209,6,2
14209,38,2
14209,20,3
14210,37,3
14210,14,2
14210,5,1
14211,20,3
14212,13,3
14212,17,3
14212,35,2
14212,2,2
14213,11,3
14213,9,3
14214,26,3
14214,12,1
14215,35,3
14215,23,1
14216,29,3
14216,4,1
14216,23,3
14216,16,2
14217,28,3
14217,21,3
14217,25,2
14218,15,2
14218,18,1
14218,28,3
14218,11,2
14219,32,2
14219,14,3
14220,36,2
14220,4,2
14220,21,3
14221,16,1
14222,9,2
14222,24,3
14223,2,3
14223,33,2
14223,37,2
14224,27,3
14225,34,2
14226,20,2
14226,0,1
14226,21,1
14226,10,3
14227,36,3
14227,38,2
14228,8,1
14228,2,2
14228,37,2
14228,0,1
14229,10,3
14230,23,1
14230,1,2
14230,10,2
14231,19,2
14231,25,2
14231,34,1
14232,30,3
14232,20,3
14232,4,2
14232,11,1
14233,30,2
14233,0,3
14233,38,2
14234,35,2
14234,9,3
14234,15,1
14235,1,1
14235,10,3
14235,2,3
14236,27,2
14236,17,2
14236,1,1
14236,28,1
14237,38,2
14237,6,2
14238,15,2
14239,35,1
14239,29,2
14240,28,3
14240,14,3
14240,5,2
14241,12,3
14241,37,1
14242,34,2
14242,14,3
14243,12,1
14243,1,3
14244,24,2
14244,22,2
14245,19,3
14245,12,2
14246,11,2
14246,22,3
14247,14,3
14247,0,3
14247,1,2
14248,8,2
14249,31,3
14249,5,1
14249,36,1
14250,36,2
14251,21,2
14251,3,2
14252,30,3
14252,9,3
14252,23,2
14253,11,3
14253,34,1
14253,30,3
14253,6,2
14254,7,2
14254,14,1
14255,15,1
14255,35,2
14256,7,2
14257,33,1
14257,14,3
14258,5,1
14258,14,1
14258,1,2
14259,27,2
14259,38,2
14259,1,3
14260,23,3
14260,16,3
14261,8,1
14261,32,1
14261,5,2
14261,33,1
14262,25,2
14263,34,2
14264,6,3
14265,19,3
14265,23,1
14266,30,3
14266,37,1
14266,16,2
14267,8,2
14268,9,1
14268,7,1
14269,34,1
14269,15,3
14269,17,2
14270,23,3
14270,2,2
14270,5,1
14271,38,2
14272,24,2
14272,2,3
14272,33,3
14272,10,1
14273,38,1
14273,5,3
14273,10,1
14274,34,1
14274,27,1
14274,18,3
14275,22,3
14275,1,3
14276,20,2
14276,24,3
14276,7,2
14276,23,3
14277,0,1
14277,37,2
14277,26,3
14277,16,3
14278,23,3
14278,28,2
14278,38,2
14278,30,3
14279,20,3
14279,37,3
14279,13,1
14280,35,2
14280,24,3
14280,17,2
14281,20,3
14281,9,1
14282,9,2
14283,29,3
14284,21,1
14284,14,2
14285,3,1
14285,6,2
14285,22,1
14285,25,1
14286,20,1
14286,16,2
14286,15,2
14286,24,3
14287,20,1
14287,35,1
14287,12,3
14288,2,3
14288,16,2
14288,31,2
14288,4,2
14289,37,1
14289,31,1
14289,1,1
14290,12,3
14290,15,1
14291,27,1
14291,6,1
14292,38,2
14292,28,3
14292,2,3
14293,16,1
14294,21,3
14294,20,2
14295,11,2
14295,28,2
14295,23,3
14295,16,1
14296,9,1
14296,37,1
14297,20,2
14297,26,2
14297,9,1
14298,23,3
14298,22,2
14299,13,3
14299,18,1
14300,38,3
14300,1,1
14300,6,1
14300,2,2
14301,35,1
14301,29,2
14302,5,3
14302,1,2
14303,33,3
14303,21,3
14303,13,2
14304,26,3
14304,27,2
14305,37,1
14305,27,2
14305,31,1
14305,0,2
14306,2,1
14307,19,2
14308,24,3
14308,6,2
14308,19,3
14308,32,2
14309,37,1
14309,29,3
14309,38,3
14309,34,3
14310,24,2
14310,25,1
14310,14,2
14310,4,2
14311,26,3
14311,3,2
14312,4,2
14312,34,2
14313,7,2
14314,27,2
14314,38,3
14315,6,2
14315,27,2
14316,18,2
14316,25,3
14317,15,3
14317,26,3
14317,16,3
14317,4,2
14318,5,1
14319,24,1
14319,25,2
14319,32,2
14319,22,2
14320,2,3
14320,10,3
14320,36,3
14320,4,2
14321,16,3
14322,25,3
14322,4,3
14323,9,2
14323,33,3
14323,21,2
14323,0,3
14324,28,3
14325,12,2
14325,34,2
14325,2,1
14326,25,2
14327,27,1
14327,3,1
14327,19,2
14327,21,3
14328,27,1
14328,14,2
14328,22,3
14328,23,2
14329,18,3
14329,21,2
14329,32,2
14329,28,2
14330,34,1
14330,15,1
14330,35,1
14331,30,2
14331,29,2
14332,0,3
14332,38,3
14333,35,3
14334,35,1
14334,0,2
14334,9,1
14335,38,1
14335,31,1
14335,0,3
14335,25,3
14336,3,2
14337,14,3
14338,1,3
14339,13,1
14339,36,2
14339,22,2
14339,17,2
14340,26,2
14340,2,2
14340,6,2
14341,17,3
14341,7,1
14342,9,2
14342,26,2
14343,5,3
14343,29,2
14343,9,3
14343,11,2
14344,17,3
14344,38,3
14344,10,2
14345,10,2
14345,6,3
14345,23,2
14345,22,2
14346,3,1
14347,24,3
14347,28,1
14347,14,2
14347,29,3
14348,36,1
14348,35,3
14349,19,2
14349,27,3
14349,33,1
14349,5,3
14350,24,2
14350,6,3
14351,10,3
14351,25,1
14352,38,1
14352,10,3
14353,14,3
14354,35,1
14354,17,1
14355,36,2
14356,4,1
14356,7,3
14356,17,1
14356,10,2
14357,15,1
14357,27,1
14358,24,2
14359,35,3
14359,9,3
14359,6,3
14360,19,2
14361,2,2
14362,10,1
14363,27,3
14363,2,2
14363,0,2
14363,5,1
14364,4,3
14364,28,1
14364,26,3
14365,15,1
14365,36,3
14365,20,2
14366,34,3
14366,6,3
14366,11,1
14366,32,2
14367,1,3
14367,5,2
14367,26,2
14368,14,3
14369,25,2
14370,22,1
14370,2,1
14371,10,1
14371,3,1
14371,35,1
14371,33,1
14372,10,3
14372,16,2
14372,15,1
14373,27,2
14374,10,1
14374,3,1
14374,0,3
14374,15,3
14375,6,3
14375,22,3
14376,31,1
14376,19,1
14376,14,1
14376,9,2
14377,14,2
14377,24,2
14378,34,2
14378,20,1
14378,33,2
14378,38,3
14379,6,2
14379,14,3
14379,25,2
14379,37,1
14380,20,1
14380,38,2
14381,29,2
14381,8,1
14381,30,2
14382,17,2
14383,26,1
14383,37,3
14384,22,2
14384,34,1
14384,4,1
14385,1,1
14386,17,2
14386,15,2
14386,27,1
14387,24,3
14388,18,3
14388,6,2
14388,13,3
14388,27,1
14389,30,2
14389,32,2
14389,12,2
14390,12,2
14390,6,2
14391,12,3
14392,3,1
14393,2,3
14393,15,2
14394,1,1
14394,15,1
14394,3,2
14394,28,3
14395,6,1
14395,11,2
14396,25,1
14397,26,2
14397,23,1
14398,18,1
14398,35,1
14398,19,3
14399,37,1
14399,28,3
14399,15,2
14399,5,1
14400,31,3
14400,15,3
14400,20,3
14401,29,1
14401,3,2
14402,5,1
14403,35,1
14403,31,2
14403,8,1
14404,25,3
14404,10,1
14405,16,2
14406,2,3
14406,23,1
14406,6,1
14406,12,1
14407,34,2
14407,19,1
14407,15,2
14408,6,3
14408,30,3
14408,1,1
14408,28,2
14409,23,1
14409,14,3
14410,23,2
14411,17,2
14411,6,1
14411,32,3
14412,15,3
14412,22,1
14413,20,1
14414,34,1
14415,8,1
14415,10,3
14415,36,2
14416,20,1
14416,9,2
14417,9,2
14417,17,3
14417,21,1
14417,6,3
14418,5,2
14419,23,2
14419,12,3
14419,10,3
14419,29,3
14420,20,2
14421,30,2
14422,12,3
14422,19,3
14422,21,3
14422,20,3
14423,23,1
14423,32,2
14424,18,1
14425,9,2
14425,16,3
14425,36,3
14426,9,3
14426,24,2
14426,26,1
14427,20,2
14427,6,3
14427,8,2
14427,24,1
14428,29,2
14428,8,2
14429,14,3
14429,38,3
14430,31,3
14431,27,2
14431,33,3
14432,30,2
14432,38,2
14432,23,3
14433,5,1
14433,30,1
14433,34,1
14433,21,1
14434,22,1
14434,36,2
14434,27,2
14435,11,2
14435,33,3
14435,18,1
14436,30,2
14436,19,1
14437,7,1
14437,13,2
14438,20,3
14438,21,3
14439,12,3
14439,8,3
14439,31,3
14440,30,3
14440,34,3
14440,26,3
14441,4,3
14441,37,1
14441,22,3
14442,32,3
14442,26,2
14443,26,1
14443,24,2
14443,25,2
14443,20,1
14444,0,1
14444,7,1
14444,25,1
14445,24,1
14446,33,2
14446,1,2
14446,27,1
14446,11,3
14447,23,1
14447,7,2
14448,13,1
14448,14,2
14448,18,3
14449,10,2
14449,6,3
14449,11,3
14450,23,3
14450,25,3
14450,3,3
14451,9,2
14452,3,2
14453,6,1
14453,33,2
14453,38,3
14454,24,3
14455,18,1
14455,28,3
14455,24,2
14456,3,1
14456,34,1
14457,14,3
14457,25,2
14457,19,1
14458,26,3
14459,22,3
14460,18,2
14461,7,1
14461,15,3
14462,11,3
14463,24,1
14463,15,3
14464,29,3
14465,28,2
14465,10,1
14465,24,1
14466,12,3
14467,4,1
14467,2,2
14468,6,2
14469,19,2
14469,2,3
14469,18,2
14470,33,1
14470,13,3
14470,20,1
14470,6,1
14471,6,2
14471,0,2
14471,18,3
14472,31,3
14472,27,1
14473,34,3
14473,38,1
14474,22,3
14475,2,2
14475,14,1
14476,15,2
14476,33,2
14477,35,1
14477,38,1
14477,6,2
14477,34,2
14478,15,3
14478,2,2
14478,38,3
14478,35,1
14479,3,1
14479,20,2
14479,17,2
14479,30,1
14480,6,3
14480,33,2
14480,12,3
14480,19,3
14481,4,2
14482,23,1
14483,24,2
14483,11,1
14483,26,2
14483,1,2
14484,14,2
14484,30,2
14484,24,2
14485,27,1
14485,19,1
14486,16,1
14486,13,1
14486,33,1
14486,9,1
14487,29,1
14487,10,2
14487,27,3
14488,23,2
14488,18,2
14488,19,1
14489,18,3
14489,15,3
14489,5,1
14490,24,2
14490,36,2
14490,20,3
14490,25,2
14491,21,1
14492,14,1
14492,2,3
14492,26,2
14493,15,3
14493,34,1
14493,29,1
14493,5,3
14494,15,1
14495,10,1
14496,6,3
14496,7,1
14496,28,2
14497,4,1
14498,22,2
14499,8,1
14499,7,1
14499,22,2
14500,38,3
14500,16,2
14500,9,2
14501,7,2
14501,29,2
14501,36,1
14501,27,3
14502,9,1
14502,0,1
14503,21,1
14503,26,2
14503,38,2
14503,22,1
14504,13,2
14504,22,1
14505,19,1
14506,7,2
14507,10,2
14507,26,3
14507,29,1
14507,24,1
14508,7,1
14508,9,2
14508,15,3
14509,32,1
14509,28,1
14509,27,1
14510,37,2
14510,6,1
14510,25,3
14510,13,1
14511,28,2
14511,5,1
14511,36,1
14512,0,3
14512,8,1
14512,3,1
14512,19,3
14513,7,1
14513,30,3
14514,29,1
14514,10,1
14514,37,3
14515,17,2
14515,23,2
14515,27,3
14516,30,1
14516,3,1
14516,38,2
14516,32,1
14517,23,1
14517,19,2
14518,34,2
14518,2,1
14518,28,1
14518,29,3
14519,28,1
14520,18,3
14520,30,1
14520,37,2
14520,10,1
14521,23,1
14521,30,3
14521,20,3
14522,0,1
14522,28,3
14522,29,3
14522,36,2
14523,29,2
14523,8,2
14523,24,2
14524,2,2
14524,19,2
14524,26,2
14524,15,3
14525,27,2
14526,27,2
14526,29,3
14526,12,2
14526,16,2
14527,18,1
14527,35,3
14527,6,1
14527,28,3
14528,22,1
14528,19,1
14528,28,1
14529,17,2
14529,16,2
14529,21,2
14529,4,2
14530,0,3
14531,5,2
14532,21,2
14532,35,1
14533,17,2
14533,3,1
14533,10,1
14534,27,2
14534,13,2
14534,20,3
14535,27,2
14535,38,3
14535,37,1
14535,18,1
14536,11,2
14536,3,2
14536,36,2
14536,23,2
14537,25,3
14537,5,3
14537,11,2
14537,29,3
14538,1,1
14539,37,3
14539,14,2
14539,20,2
14540,12,3
14540,37,3
14541,4,1
14541,16,3
14542,2,1
14542,21,2
14542,16,3
14542,33,2
14543,6,2
14543,17,2
14543,24,1
14543,27,2
14544,37,2
14544,31,2
14544,28,3
14545,32,1
14545,1,1
14545,28,2
14545,20,2
14546,11,1
14546,13,1
14546,18,1
14547,32,2
14547,22,2
14547,20,3
14547,23,2
14548,12,2
14548,24,2
14548,17,2
14549,38,1
14550,18,1
14550,21,1
14550,9,3
14550,34,2
14551,17,3
14551,27,1
14551,3,1
14551,13,1
14552,37,1
14552,13,2
14553,6,1
14553,18,2
14553,29,3
14553,35,2
14554,14,2
14554,34,2
14555,14,2
14555,38,1
14555,21,1
14556,30,1
14556,5,2
14557,21,2
14558,8,3
14558,11,2
14558,34,1
14558,10,1
14559,1,2
14559,0,3
14559,31,2
14559,15,2
14560,16,1
14560,24,3
14560,8,1
14560,11,2
14561,13,2
14562,17,1
14562,38,1
14563,38,1
14563,36,1
14563,5,2
14564,4,3
14564,6,1
14565,38,3
14565,23,2
14566,10,2
14566,28,1
14567,20,2
14567,15,1
14567,17,3
14567,0,2
14568,24,3
14568,5,2
14568,20,2
14568,12,3
14569,0,2
14569,1,1
14570,33,2
14570,5,2
14571,14,1
14572,4,1
14573,15,3
14573,6,3
14573,19,3
14574,9,2
14574,11,3
14575,10,2
14575,3,1
14575,36,1
14576,7,1
14576,6,2
14576,22,3
14576,5,1
14577,36,2
14577,31,3
14578,34,3
14579,30,2
14579,38,1
14579,37,2
14579,28,2
14580,20,2
14581,13,1
14581,22,1
14582,18,3
14582,9,3
14582,8,2
14582,34,3
14583,5,1
14583,6,3
14583,11,3
14584,31,1
14584,1,2
14585,22,2
14585,14,2
14586,5,1
14586,22,3
14586,6,1
14586,32,2
14587,21,3
14587,20,2
14587,1,1
14587,17,1
14588,13,1
14588,34,1
14588,19,2
14588,20,3
14589,15,1
14590,9,2
14590,28,1
14590,2,2
14591,9,2
14591,34,1
14591,17,2
14591,15,2
14592,5,1
14593,19,3
14593,14,2
14594,0,3
14595,38,1
14595,32,3
14596,16,2
14596,1,3
14596,19,3
14597,1,1
14597,18,3
14597,6,1
14597,26,1
14598,0,3
14598,7,2
14598,17,1
14598,27,3
14599,17,3
14599,18,1
14599,15,2
14600,35,1
14600,1,3
14600,13,1
14600,24,3
14601,28,3
14601,36,1
14602,38,3
14602,3,1
14603,16,1
14603,28,3
14604,33,1
14604,38,2
14604,28,3
14605,4,2
14605,21,1
14605,22,3
14606,18,2
14606,3,2
14607,3,2
14608,17,1
14608,36,2
14609,17,3
14609,0,2
14610,26,1
14610,10,1
14610,25,3
14611,32,1
14611,18,1
14611,5,2
14612,5,2
14612,8,2
14612,7,3
14612,31,3
14613,35,1
14613,20,1
14613,38,3
14614,31,2
14614,37,2
14615,0,3
14615,27,3
14615,7,2
14616,4,3
14616,19,1
14616,25,2
14616,7,3
14617,38,3
14617,4,1
14618,32,2
14618,24,1
14618,19,3
14618,38,3
14619,8,2
14619,26,3
14619,31,1
14620,2,1
14620,0,3
14620,38,2
14620,26,3
14621,29,2
14621,30,3
14621,21,2
14622,30,2
14622,6,1
14622,21,2
14623,13,1
14623,32,3
14623,18,1
14623,35,1
14624,1,3
14624,30,3
14624,3,2
14625,3,3
14626,4,2
14626,11,1
14626,32,1
14626,9,2
14627,3,3
14627,22,2
14628,35,2
14628,20,3
14629,3,1
14629,4,1
14629,9,3
14630,24,1
14630,21,1
14631,26,1
14632,26,2
14632,12,2
14632,7,2
14633,32,2
14633,1,1
14634,34,2
14634,32,3
14635,36,3
14636,22,1
14636,29,1
14637,27,1
14637,13,1
14637,21,1
14638,22,3
14638,17,3
14639,29,3
14640,18,2
14640,31,3
14640,2,2
14641,31,2
14641,6,1
14642,21,2
14642,2,3
14643,29,1
14644,14,2
14644,17,1
14644,1,1
14644,23,2
14645,33,2
14646,30,1
14646,21,3
14646,23,1
14646,27,2
14647,34,3
14647,24,1
14647,7,3
14647,0,1
14648,29,2
14648,25,1
14648,22,1
14649,4,3
14650,2,1
14650,33,1
14650,17,3
14651,14,3
14651,24,1
14651,11,3
14651,33,1
14652,13,1
14652,32,1
14652,26,1
14653,25,3
14653,3,3
14654,24,1
14654,27,3
14654,38,1
14655,12,3
14655,26,3
14656,35,2
14656,14,2
14656,38,1
14656,28,1
14657,19,3
14657,7,2
14657,35,3
14658,34,1
14658,28,2
14658,14,3
14659,32,2
14660,22,1
14660,7,1
14661,37,2
14661,31,1
14661,25,3
14662,29,1
14662,26,2
14662,33,3
14662,34,1
14663,7,3
14663,18,3
14664,5,1
14664,29,3
14664,3,1
14665,27,1
14665,8,1
14666,15,3
14666,13,2
14666,30,2
14666,23,2
14667,19,2
14667,14,2
14667,32,3
14667,4,2
14668,19,2
14668,18,3
14669,27,3
14669,5,1
14670,8,2
14670,30,1
14670,26,1
14670,32,2
14671,28,2
14671,0,1
14671,9,3
14672,14,3
14673,11,2
14673,37,1
14673,35,1
14673,20,3
14674,14,3
14674,36,3
14675,20,1
14676,11,1
14677,25,3
14677,4,2
14678,6,3
14678,38,2
14678,8,1
14679,12,1
14679,4,1
14679,21,2
14679,15,3
14680,26,2
14680,14,1
14681,10,3
14681,18,2
14681,2,1
14682,6,1
14682,35,1
14682,20,2
14683,17,2
14683,3,3
14683,0,2
14683,6,3
14684,2,3
14684,9,3
14685,26,1
14685,10,2
14685,25,3
14685,19,2
14686,12,3
14686,31,1
14686,27,2
14686,34,2
14687,29,1
14688,6,3
14689,24,2
14689,20,3
14689,19,2
14690,27,1
14691,11,3
14691,2,1
14691,23,3
14691,13,2
14692,11,3
14692,22,1
14692,30,1
14693,37,2
14693,11,3
14693,16,3
14693,18,3
14694,7,1
14694,34,2
14694,2,3
14695,4,1
14695,7,2
14696,21,1
14696,7,1
14696,33,3
14697,23,1
14698,16,2
14698,7,3
14699,37,3
14699,0,3
14699,21,3
14700,5,2
14701,30,1
14701,15,2
14701,12,2
14701,0,3
14702,32,1
14702,37,2
14702,0,2
14702,11,3
14703,4,1
14703,35,3
14704,0,2
14705,2,2
14705,19,1
14706,13,3
14706,27,1
14707,13,2
14707,7,1
14707,23,1
14707,4,1
14708,9,3
14708,11,3
14708,24,2
14709,36,3
14710,29,2
14710,3,3
14710,12,2
14710,37,1
14711,29,3
14711,18,1
14711,30,2
14711,24,2
14712,16,3
14712,31,3
14713,4,2
14714,32,3
14714,38,2
14715,4,2
14716,20,3
14717,9,1
14717,18,3
14717,14,1
14718,0,2
14718,36,3
14718,38,3
14718,17,2
14719,26,1
14719,38,2
14719,35,2
14719,7,3
14720,12,2
14720,35,3
14721,14,3
14721,27,3
14722,10,1
14723,6,2
14724,20,2
14724,36,2
14724,31,2
14724,14,3
14725,31,1
14726,4,3
14727,14,1
14727,1,1
14728,13,2
14728,31,2
14728,3,2
14728,24,2
14729,32,3
14729,30,2
14729,11,3
14730,18,2
14730,24,2
14731,22,2
14731,8,3
14731,35,2
14731,18,1
14732,21,1
14732,14,2
14732,26,3
14732,17,1
14733,36,3
14733,37,2
14734,22,3
14735,18,2
14735,28,1
14735,34,3
14736,4,2
14737,35,1
14737,15,3
14737,26,2
14737,22,3
14738,37,3
14738,10,3
14738,7,1
14739,11,1
14739,37,3
14739,31,2
14739,18,3
14740,25,2
14740,14,3
14740,38,2
14740,23,2
14741,35,1
14741,34,3
14741,1,3
14742,37,2
14742,17,1
14743,35,1
14743,5,1
14743,3,1
14744,23,3
14744,21,2
14745,15,1
14745,30,2
14745,31,3
14745,26,2
14746,35,3
14746,32,1
14747,33,1
14748,33,3
14749,13,2
14750,20,3
14750,15,1
14750,14,1
14750,0,3
14751,32,1
14751,4,2
14751,6,2
14752,27,1
14753,1,1
14753,5,3
14753,2,3
14754,21,1
14754,15,2
14754,14,1
14755,24,2
14756,6,2
14757,12,3
14757,7,2
14757,15,1
14758,3,3
14758,17,1
14758,1,3
14758,8,1
14759,27,3
14759,21,1
14759,28,2
14760,22,1
14760,5,1
14760,25,3
14761,29,3
14762,10,3
14763,5,1
14763,17,2
14764,22,3
14765,9,3
14766,0,1
14766,19,1
14766,21,3
14767,9,2
14768,34,1
14769,23,2
14770,6,3
14770,5,2
14770,20,1
14771,36,3
14771,35,2
14772,35,1
14772,16,3
14772,28,2
14772,1,2
14773,0,3
14773,14,3
14773,18,3
14773,36,3
14774,2,3
14774,29,3
14774,34,3
14775,16,2
14776,6,3
14776,24,1
14776,36,1
14777,29,3
14777,22,3
14778,19,1
14779,30,3
14779,12,3
14779,37,2
14780,30,2
14781,2,3
14781,24,1
14782,3,1
14782,25,2
14782,12,1
14783,36,3
14783,13,3
14784,36,3
14784,29,2
14785,21,2
14786,31,1
14786,7,3
14786,17,2
14786,37,1
14787,20,2
14788,6,1
14788,25,3
14788,28,3
14788,9,1
14789,25,1
14789,31,1
14789,15,1
14790,14,1
14790,16,1
14790,6,1
14790,8,2
14791,8,2
14791,31,3
14792,28,3
14792,11,1
14792,30,3
14792,33,1
14793,5,3
14793,34,1
14793,14,2
14794,3,1
14794,33,2
14794,29,3
14794,1,1
14795,14,3
14795,26,1
14795,20,1
14796,19,2
14796,33,2
14796,22,2
14797,36,2
14797,26,1
14797,27,3
14797,21,1
14798,36,2
14798,9,2
14798,5,2
14799,10,1
14799,11,3
14799,2,2
14800,24,2
14801,15,2
14802,14,1
14803,17,3
14803,37,2
14803,1,3
14804,15,3
14805,26,3
14806,29,3
14807,4,3
14807,32,2
14807,20,3
14808,11,1
14808,30,1
14808,33,2
14809,37,3
14809,24,1
14810,35,3
14811,7,3
14812,28,3
14812,2,3
14812,36,3
14812,0,1
14813,8,2
14813,36,1
14813,4,2
14813,10,2
14814,19,2
14814,31,2
14814,25,3
14815,16,2
14816,31,3
14816,17,1
14816,25,2
14816,37,2
14817,25,3
14818,24,3
14819,21,2
14819,31,1
14819,13,2
14820,28,1
14820,10,2
14821,7,2
14821,11,3
14821,27,2
14822,16,3
14823,2,2
14823,11,2
14823,36,3
14824,6,1
14824,25,2
14825,16,2
14825,21,3
14825,36,1
14826,9,2
14826,17,1
14826,11,1
14826,30,3
14827,25,2
14827,19,2
14827,5,3
14828,8,1
14828,21,2
14829,18,2
14829,8,2
14829,20,1
14829,30,3
14830,23,1
14830,10,1
14831,4,2
14832,28,3
14832,21,3
14832,6,3
14833,12,1
14833,9,3
14833,6,3
14833,37,3
14834,6,1
14835,10,3
14835,17,1
14835,19,3
14835,31,2
14836,7,1
14836,16,1
14836,25,1
14837,9,3
14837,20,3
14837,24,1
14837,38,1
14838,30,2
14839,31,2
14839,24,2
14840,26,2
14840,12,1
14840,15,3
14840,27,2
14841,8,2
14841,3,3
14841,0,3
14842,31,3
14842,28,1
14842,5,3
14843,35,1
14843,0,3
14844,28,1
14844,17,1
14845,11,1
14845,17,2
14846,29,1
14847,2,3
14848,11,2
14848,5,1
14848,28,1
14849,13,2
14849,19,2
14849,26,1
14849,17,3
14850,30,2
14850,34,1
14851,0,3
14851,28,2
14851,17,2
14852,36,2
14853,17,1
14853,38,3
14854,30,3
14854,7,2
14854,6,3
14854,4,2
14855,11,3
14856,25,3
14857,1,3
14857,17,1
14857,14,1
14857,12,3
14858,31,1
14858,2,1
14858,13,1
14859,6,3
14859,35,2
14859,29,1
14859,20,1
14860,24,3
14860,4,1
14860,18,1
14860,27,2
14861,3,1
14862,0,1
14862,3,2
14863,38,3
14863,11,2
14863,33,1
14864,20,2
14864,8,3
14865,38,2
14865,34,1
14866,11,1
14867,32,3
14867,34,2
14867,31,3
14868,13,3
14869,25,1
14870,14,2
14870,37,2
14870,28,3
14871,32,3
14871,25,1
14871,1,3
14872,0,3
14873,2,1
14873,34,1
14873,32,1
14874,13,1
14874,9,2
14874,0,2
14875,1,3
14875,22,3
14876,14,3
14876,15,3
14877,10,3
14877,20,3
14878,26,1
14878,27,1
14878,7,3
14878,30,2
14879,19,3
14880,11,2
14880,35,3
14880,37,1
14881,10,3
14881,38,2
14882,1,1
14882,22,3
14882,34,3
14883,1,1
14883,2,3
14883,27,2
14884,9,3
14884,20,1
14884,36,3
14885,14,1
14885,30,3
14885,25,1
14885,11,2
14886,7,2
14886,35,2
14886,32,3
14887,4,2
14887,38,3
14887,19,3
14887,28,1
14888,16,3
14888,2,1
14888,10,1
14888,28,3
14889,2,3
14889,27,3
14889,34,3
14890,0,3
14890,16,1
14891,17,1
14891,34,1
14892,3,1
14893,32,1
14893,26,1
14894,11,2
14894,28,1
14894,37,1
14895,15,3
14896,11,1
14896,33,2
14897,0,3
14897,38,3
14897,19,1
14898,8,1
14899,11,2
14899,8,3
14899,19,2
14899,6,2
14900,13,2
14900,5,1
14900,25,2
14901,29,3
14901,0,3
14901,38,3
14901,26,2
14902,15,2
14902,10,2
14902,23,2
14902,37,1
14903,37,2
14903,33,3
14904,7,3
14904,21,3
14904,34,3
14905,33,2
14905,1,3
14906,8,1
14906,33,2
14906,34,3
14906,35,3
14907,34,1
14907,30,3
14907,36,3
14907,28,1
14908,16,3
14909,35,2
14909,38,2
14909,11,2
14910,14,3
14910,0,2
14911,33,3
14911,14,1
14911,35,2
14911,17,1
14912,26,1
14912,13,3
14912,17,1
14913,27,1
14914,22,2
14914,28,1
14914,6,2
14914,12,1
14915,16,2
14915,28,3
14916,28,1
14917,37,2
14917,14,3
14917,9,1
14918,2,1
14918,1,2
14918,29,3
14918,25,2
14919,13,2
14919,10,3
14919,30,2
14919,34,1
14920,21,1
14920,12,2
14920,7,2
14920,17,3
14921,28,1
14921,37,3
14921,32,3
14922,16,1
14922,0,3
14922,35,1
14923,34,3
14924,12,3
14924,3,3
14924,38,1
14924,19,3
14925,8,3
14926,20,3
14926,32,2
14926,38,1
14926,15,3
14927,2,1
14927,28,2
14927,33,3
14927,3,2
14928,17,2
14928,8,3
14928,19,1
14929,27,2
14929,6,3
14930,6,1
14931,7,1
14932,20,2
14933,30,2
14934,24,2
14934,34,1
14935,24,3
14935,36,2
14935,16,3
14935,25,1
14936,21,3
14936,8,1
14936,9,1
14937,11,1
14937,16,3
14937,22,1
14937,2,1
14938,32,1
14939,19,2
14939,11,3
14940,37,1
14940,7,1
14940,2,1
14941,0,2
14941,11,2
14942,8,2
14942,35,2
14943,7,1
14943,13,2
14943,1,1
14943,5,3
14944,35,3
14944,1,2
14945,27,3
14945,14,3
14945,24,1
14946,16,2
14946,35,3
14946,12,3
14946,4,2
14947,12,1
14947,21,3
14947,0,1
14947,11,1
14948,8,2
14948,38,2
14948,15,3
14949,10,2
14950,3,3
14950,37,3
14950,30,3
14950,35,2
14951,6,3
14952,24,3
14952,13,3
14953,11,2
14953,2,3
14953,21,1
14954,8,2
14955,32,1
14955,11,2
14956,21,3
14957,13,1
14957,4,3
14958,27,2
14958,0,2
14958,31,1
14958,29,3
14959,36,1
14959,15,3
14959,30,3
14960,33,3
14961,25,3
14961,14,1
14961,3,1
14962,9,2
14962,26,2
14962,36,2
14963,27,3
14963,2,2
14963,7,3
14963,25,2
14964,6,2
14964,24,3
14964,2,1
14964,14,1
14965,31,2
14965,34,3
14965,3,1
14965,33,2
14966,22,2
14966,38,2
14966,6,1
14967,28,1
14967,30,3
14968,7,3
14968,1,1
14968,17,3
14969,27,2
14969,16,2
14969,28,2
14970,11,2
14971,3,3
14972,6,3
14972,33,1
14972,26,2
14973,14,2
14973,31,2
14974,8,3
14975,29,2
14975,7,1
14975,38,1
14975,15,1
14976,24,3
14976,19,2
14976,11,1
14976,21,1
14977,26,3
14977,8,2
14977,22,2
14977,3,2
14978,1,1
14979,17,3
14979,29,2
14979,12,2
14979,23,2
14980,26,2
14980,13,3
14981,36,3
14981,17,2
14982,36,2
14983,20,2
14983,6,3
14984,17,1
14984,34,3
14984,11,1
14984,2,3
14985,0,2
14985,8,3
14985,12,2
14986,10,3
14986,34,1
14987,32,2
14987,33,3
14988,0,3
14988,29,2
14988,28,2
14989,5,3
14990,36,1
14990,34,3
14990,2,1
14990,27,3
14991,28,2
14991,13,2
14991,1,3
14992,16,2
14993,5,2
14994,37,1
14994,38,3
14995,12,2
14995,18,3
14996,25,1
14997,30,2
14997,28,2
14997,10,3
14998,26,3
14998,2,3
14999,17,2
14999,31,1
14999,28,2
14999,4,2
15000,37,2
15000,31,3
15000,5,3
15000,35,3
15001,18,3
15001,26,2
15001,16,3
15001,27,3
15002,11,1
15002,8,1
15002,12,1
15002,5,3
15003,32,2
15004,36,2
15004,19,1
15004,17,3
15005,17,2
15006,35,1
15006,26,2
15007,9,3
15007,3,1
15007,36,2
15007,4,2
15008,0,1
15009,21,3
15009,1,1
15010,31,1
15010,35,3
15011,9,3
15011,25,2
15011,21,2
15012,13,1
15012,2,2
15013,19,1
15013,25,2
15013,24,3
15013,29,3
15014,38,2
15015,12,2
15015,8,3
15015,7,2
15015,3,3
15016,26,1
15016,9,2
15016,34,1
15016,7,1
15017,8,2
15018,26,1
15018,16,2
15019,6,2
15019,30,1
15019,36,3
15019,0,3
15020,19,2
15020,9,1
15020,35,2
15021,3,2
15022,29,3
15022,36,2
15022,9,3
15023,4,1
15023,37,2
15024,37,1
15025,27,3
15025,14,1
15025,38,1
15026,6,2
15026,11,1
15026,4,2
15026,26,1
15027,20,3
15027,7,2
15028,38,1
15028,36,2
15028,3,3
15029,20,2
15029,1,3
15030,1,3
15030,16,3
15030,5,2
15030,38,1
15031,5,3
15031,30,1
15031,4,3
15032,0,1
15032,19,3
15032,4,3
15032,31,2
15033,14,2
15033,9,3
15034,10,3
15034,1,2
15034,13,3
15035,18,1
15035,25,2
15035,0,2
15035,20,3
15036,12,2
15036,24,1
15036,22,2
15037,8,2
15037,3,3
15038,20,1
15038,7,1
15038,26,2
15038,24,2
15039,2,2
15040,5,1
15040,23,3
15040,34,1
15040,38,1
15041,1,1
15042,25,1
15042,37,3
15042,15,3
15042,33,1
15043,12,2
15043,9,2
15043,16,2
15043,3,2
15044,0,2
15044,19,2
15045,20,3
15045,30,2
15046,38,3
15047,31,2
15047,13,3
15047,15,1
15048,36,1
15048,15,1
15048,12,3
15048,21,1
15049,18,3
15049,33,1
15049,34,2
15049,5,1
15050,18,2
15050,3,2
15050,29,2
15051,27,3
15052,24,3
15052,6,1
15052,10,3
15052,32,3
15053,10,3
15053,31,1
15054,1,3
15055,34,1
15055,31,1
15055,9,1
15056,6,2
15057,12,1
15057,0,3
15058,25,1
15058,5,3
15059,12,1
15060,20,3
15060,21,3
15060,0,2
15060,35,2
15061,30,2
15061,12,2
15062,24,3
15062,32,2
15063,6,3
15063,31,3
15063,27,3
15063,34,3
15064,23,1
15064,37,1
15065,31,1
15065,37,1
15066,17,3
15066,26,3
15066,13,3
15067,33,3
15067,29,1
15067,25,1
15067,9,3
15068,34,1
15068,32,2
15069,37,3
15070,38,2
15070,32,2
15070,12,1
15070,8,2
15071,10,3
15071,12,2
15072,23,1
15073,0,2
15074,20,3
15075,30,3
15075,21,3
15075,27,2
15076,13,2
15076,4,3
15076,19,3
15077,20,3
15078,0,1
15078,12,2
15078,7,1
15078,15,2
15079,22,3
15079,24,2
15080,9,3
15080,31,2
15080,34,1
15081,24,2
15081,17,1
15082,36,2
15082,7,3
15082,18,2
15082,12,1
15083,10,2
15084,22,1
15085,26,1
15085,37,2
15085,38,1
15085,20,3
15086,34,2
15086,31,1
15087,26,1
15087,6,3
15087,16,1
15087,17,3
15088,19,3
15088,27,1
15088,29,1
15089,29,1
15089,8,3
15090,27,2
15091,23,3
15091,15,1
15091,1,2
15092,29,3
15092,21,3
15093,31,2
15093,10,2
15094,14,1
15094,9,2
15095,25,3
15095,6,3
15096,34,3
15096,20,3
15097,4,3
15097,30,3
15097,18,1
15097,7,1
15098,28,2
15099,22,1
15100,37,3
15100,12,2
15100,27,3
15100,20,2
15101,2,1
15101,9,3
15102,16,2
15102,2,2
15103,38,3
15103,25,3
15103,18,3
15103,31,2
15104,25,1
15104,26,1
15105,13,1
15106,10,3
15107,7,3
15108,23,1
15108,15,3
15108,20,2
15109,24,1
15109,0,3
15109,14,3
15109,9,1
15110,1,3
15110,13,3
15110,9,1
15111,23,3
15112,7,1
15112,10,1
15113,10,1
15113,31,2
15114,7,3
15115,20,1
15115,12,3
15115,37,1
15116,24,2
15116,21,2
15116,37,2
15117,31,2
15117,6,1
15118,34,1
15118,15,3
15118,1,2
15118,11,1
15119,19,1
15119,24,3
15119,33,1
15119,32,3
15120,24,2
15121,22,3
15121,38,2
15121,27,2
15121,32,1
15122,29,1
15122,5,1
15122,30,1
15122,37,2
15123,19,2
15124,29,1
15125,24,2
15125,4,1
15126,13,3
15127,22,2
15127,7,3
15127,25,2
15128,20,2
15128,35,2
15128,24,3
15128,16,3
15129,27,2
15129,2,1
15130,36,1
15130,24,3
15130,13,2
15131,34,3
15131,7,3
15132,5,2
15132,29,1
15133,38,3
15134,19,1
15134,3,1
15134,7,3
15134,33,1
15135,32,2
15135,5,3
15136,31,2
15137,19,2
15137,9,3
15137,16,1
15137,10,1
15138,7,3
15138,35,2
15139,5,2
15139,22,2
15139,11,3
15140,21,3
15141,2,3
15141,17,2
15141,29,1
15141,6,3
15142,29,2
15142,19,1
15143,5,2
15143,10,2
15143,32,2
15143,1,3
15144,36,2
15144,31,3
15144,4,2
15144,7,1
15145,2,3
15145,3,2
15145,14,3
15146,34,2
15146,9,2
15146,10,3
15146,31,1
15147,32,3
15147,26,1
15147,20,3
15148,27,2
15148,29,2
15148,0,3
15149,20,3
15149,9,1
15149,32,1
15150,0,1
15150,21,2
15150,38,2
15151,36,1
15151,13,2
15151,21,1
15151,33,2
15152,26,1
15153,21,2
15154,37,2
15154,1,1
15154,9,2
15154,13,1
15155,30,3
15155,2,2
15156,35,3
15156,17,1
15156,23,2
15156,3,2
15157,11,1
15158,17,3
15158,28,2
15158,10,3
15159,18,3
15160,32,1
15161,9,1
15161,23,2
15161,0,2
15161,12,3
15162,18,2
15162,2,1
15163,21,1
15163,12,1
15164,35,1
15164,33,2
15164,21,3
15165,8,3
15165,27,1
15165,3,3
15165,21,2
15166,35,2
15166,22,2
15166,23,1
15166,6,1
15167,0,3
15167,3,3
15167,11,3
15167,12,1
15168,26,1
15168,17,1
15168,27,3
15168,7,1
15169,11,3
15170,33,3
15170,3,3
15171,20,3
15171,11,2
15171,12,2
15171,24,1
15172,35,1
15173,3,2
15173,14,1
15174,37,1
15174,28,2
15174,19,3
15175,22,1
15175,36,2
15176,19,3
15176,15,2
15176,4,2
15177,33,2
15177,2,1
15178,36,2
15178,4,3
15178,30,1
15179,32,2
15179,14,2
15179,2,2
15179,35,3
15180,12,3
15180,0,2
15180,7,2
15181,19,2
15181,27,1
15181,13,1
15181,34,1
15182,32,3
15182,25,1
15182,8,3
15183,15,1
15183,9,2
15184,6,2
15184,28,3
15184,32,3
15184,5,1
15185,38,2
15185,17,1
15185,24,3
15186,3,2
15186,28,1
15186,15,1
15186,27,3
15187,29,2
15187,16,1
15187,5,1
15188,36,1
15188,7,2
15188,18,3
15188,10,3
15189,8,3
15189,0,3
15189,19,1
15189,33,1
15190,13,3
15190,17,2
15190,31,3
15190,27,2
15191,10,3
15191,0,2
15191,34,3
15192,24,3
15192,3,3
15193,24,2
15193,1,2
15193,3,2
15193,35,3
15194,31,1
15194,24,2
15194,26,2
15195,21,1
15196,7,2
15196,24,3
15197,23,1
15197,19,2
15197,0,2
15198,28,2
15198,3,2
15199,8,2
15200,25,3
15201,32,3
15202,9,1
15203,30,1
15203,25,3
15203,29,2
15203,34,2
15204,6,1
15204,37,3
15204,38,3
15204,23,3
15205,31,2
15206,31,2
15206,2,1
15206,4,1
15207,11,1
15207,28,1
15208,37,3
15208,7,3
15209,31,2
15209,2,3
15209,19,1
15210,3,3
15210,27,1
15210,38,3
15210,37,1
15211,1,3
15211,0,3
15211,27,1
15212,34,2
15212,4,1
15212,12,3
15213,10,3
15213,12,2
15214,0,2
15214,20,3
15214,2,1
15215,28,3
15215,20,1
15215,27,1
15216,31,3
15216,33,2
15216,30,1
15217,6,3
15217,35,2
15217,11,1
15218,24,3
15218,12,2
15218,2,2
15219,37,3
15219,25,1
15220,11,3
15220,19,1
15220,1,2
15221,38,3
15222,8,3
15222,20,3
15223,15,3
15223,12,3
15224,15,1
15224,2,2
15224,22,2
15225,3,3
15225,35,3
15225,11,2
15225,0,1
15226,17,2
15227,17,2
15228,25,3
15229,31,1
15229,36,2
15229,33,2
15230,31,1
15230,13,3
15230,3,3
15230,16,2
15231,13,1
15231,30,1
15231,8,2
15232,23,2
15233,16,2
15234,14,3
15234,25,3
15234,13,2
15234,4,1
15235,22,2
15235,16,3
15235,37,3
15236,30,1
15236,2,1
15237,34,2
15237,7,1
15237,35,2
15238,27,1
15238,20,3
15238,8,1
15238,4,1
15239,19,3
15239,1,2
15240,15,3
15241,17,3
15241,38,1
15241,11,3
15242,35,3
15242,22,3
15243,20,1
15243,6,3
15243,2,2
15243,24,1
15244,30,1
15244,27,3
15244,21,3
15244,2,2
15245,14,3
15245,25,1
15245,7,1
15245,20,1
15246,34,1
15246,27,1
15246,17,2
15246,38,3
15247,34,1
15247,17,2
15247,36,2
15247,12,3
15248,35,1
15249,9,1
15249,35,2
15249,14,2
15250,6,1
15251,16,3
15251,17,2
15252,27,1
15252,25,2
15252,35,2
15253,9,3
15253,2,2
15253,30,2
15254,37,3
15254,38,3
15255,19,2
15256,13,1
15256,34,2
15257,8,1
15258,4,1
15258,13,1
15258,8,2
15258,23,2
15259,31,1
15260,38,2
15261,17,2
15261,31,2
15262,24,1
15262,3,1
15262,31,2
15262,7,1
15263,12,3
15263,0,2
15264,29,2
15264,24,2
15264,15,1
15265,20,2
15265,34,2
15265,7,1
15266,27,1
15266,36,1
15267,12,3
15268,29,2
15269,26,2
15269,36,3
15269,18,3
15270,12,2
15271,18,1
15272,25,2
15272,9,2
15273,6,2
15273,10,1
15274,34,2
15274,32,3
15274,21,2
15275,32,2
15275,31,3
15275,11,3
15276,31,3
15276,37,3
15276,21,3
15277,20,3
15277,29,1
15277,36,3
15277,4,3
15278,25,3
15279,27,3
15279,28,3
15279,23,1
15279,3,2
15280,7,3
15280,5,3
15281,25,1
15282,7,2
15282,14,1
15283,6,1
15284,24,1
15285,25,2
15286,22,2
15286,29,2
15286,18,1
15287,8,1
15287,7,3
15288,6,1
15288,20,3
15289,7,1
15289,38,1
15289,13,1
15289,29,3
15290,12,1
15290,23,3
15290,6,3
15290,24,2
15291,20,1
15291,31,2
15291,1,1
15292,5,3
15292,12,1
15293,7,1
15294,12,2
15294,24,1
15295,18,2
15295,29,2
15295,7,3
15295,22,2
15296,29,2
15297,35,3
15297,8,2
15297,0,1
15297,26,1
15298,21,2
15299,16,3
15299,27,3
15299,12,1
15299,31,3
15300,31,2
15300,2,1
15300,3,3
15300,15,3
15301,13,1
15302,5,2
15302,23,1
15303,33,1
15303,22,2
15304,8,1
15304,5,2
15305,13,2
15305,29,1
15305,0,1
15305,28,2
15306,23,1
15307,2,3
15307,25,2
15308,18,1
15308,37,3
15309,37,1
15309,26,2
15310,25,2
15310,37,2
15310,7,2
15310,15,3
15311,4,1
15312,24,2
15312,32,2
15313,14,1
15313,23,2
15313,37,1
15313,0,1
15314,11,1
15315,23,1
15315,1,1
15316,18,2
15316,34,2
15316,4,1
15317,26,2
15317,30,1
15317,5,1
15318,32,1
15318,4,1
15319,33,1
15320,12,2
15320,18,3
15320,25,1
15320,22,1
15321,4,3
15321,2,3
15322,28,1
15322,25,1
15322,18,3
15323,27,3
15323,14,1
15324,9,3
15325,33,2
15325,37,2
15325,31,2
15326,33,2
15327,22,1
15328,6,1
15329,1,2
15329,12,1
15330,17,3
15330,10,3
15330,13,2
15330,30,2
15331,31,3
15331,34,3
15331,27,3
15332,3,3
15332,33,3
15333,21,1
15333,28,2
15334,26,1
15334,23,3
15335,15,2
15335,27,1
15336,0,1
15336,2,2
15337,20,3
15337,0,2
15337,31,2
15337,34,1
15338,15,3
15338,25,1
15339,38,3
15339,21,2
15339,27,2
15340,2,1
15341,25,3
15342,34,1
15342,7,2
15342,8,2
15343,34,3
15343,30,1
15343,29,2
15344,32,3
15344,37,2
15344,20,3
15345,25,3
15345,14,3
15346,19,1
15347,32,1
15347,0,2
15347,11,1
15347,16,2
15348,5,3
15348,37,1
15349,24,1
15349,20,3
15350,30,3
15351,34,1
15352,36,3
15352,31,3
15352,27,2
15353,24,1
15354,25,1
15354,28,2
15355,20,3
15355,0,3
15356,8,2
15356,38,3
15357,34,1
15357,13,1
15358,34,2
15358,28,1
15358,22,3
15359,22,1
15360,3,1
15360,24,2
15360,14,2
15361,11,2
15361,2,3
15361,4,3
15362,20,1
15362,22,3
15363,10,2
15363,2,2
15363,27,3
15364,20,1
15364,26,3
15364,36,2
15364,19,2
15365,23,3
15365,2,3
15366,34,3
15366,33,2
15366,21,1
15367,26,3
15367,0,1
15367,11,2
15367,8,3
15368,10,2
15368,2,2
15368,11,2
15369,28,2
15370,30,1
15370,35,3
15370,36,1
15370,24,3
15371,24,3
15372,38,3
15373,17,2
15373,36,3
15374,16,2
15374,29,3
15374,5,2
15374,36,1
15375,35,2
15375,22,2
15376,8,2
15376,13,3
15376,16,2
15376,28,1
15377,38,1
15377,3,1
15378,19,3
15378,25,3
15378,13,3
15378,1,1
15379,4,2
15379,14,3
15379,23,1
15379,30,3
15380,26,2
15380,19,3
15381,5,2
15381,4,1
15382,36,2
15382,9,1
15383,36,2
15384,30,1
15384,28,1
15384,5,3
15385,5,1
15385,25,3
15386,24,2
15386,16,3
15387,27,2
15388,0,1
15389,31,2
15389,28,3
15390,9,3
15390,5,1
15391,18,3
15392,2,1
15392,6,1
15392,36,2
15393,2,2
15393,35,1
15394,28,3
15395,16,2
15395,10,3
15395,27,1
15395,23,3
15396,11,3
15397,3,2
15397,36,1
15397,31,3
15398,37,3
15398,15,2
15398,13,1
15399,29,1
15399,34,3
15399,9,2
15399,23,3
15400,4,2
15401,35,2
15401,31,3
15402,9,3
15402,30,2
15402,18,2
15403,28,3
15403,17,2
15403,10,1
15404,3,2
15404,1,3
15404,8,1
15404,16,1
15405,26,3
15406,17,3
15406,6,1
15406,16,1
15407,14,2
15407,37,2
15408,32,2
15408,37,3
15408,16,1
15408,6,2
15409,7,3
15409,2,1
15409,18,1
15409,13,2
15410,19,3
15411,36,3
15412,12,2
15412,38,1
15413,33,2
15413,32,2
15413,17,3
15414,34,3
15414,24,3
15415,9,3
15415,11,2
15415,12,1
15416,14,3
15416,24,3
15416,36,3
15416,26,1
15417,27,3
15417,0,2
15418,13,1
15418,4,2
15419,22,3
15419,13,3
15419,37,1
15420,9,2
15420,25,3
15420,1,3
15421,2,3
15421,28,3
15421,4,2
15421,16,1
15422,22,3
15422,1,3
15423,12,2
15423,9,2
15423,15,2
15424,14,3
15424,37,2
15424,0,2
15425,37,1
15425,38,2
15425,35,1
15425,27,3
15426,7,2
15426,19,1
15426,14,3
15427,27,3
15427,10,1
15427,22,2
15428,15,3
15429,4,2
15429,3,3
15429,18,2
15430,19,3
15431,0,2
15432,1,3
15432,22,2
15432,36,2
15432,9,1
15433,3,3
15433,35,1
15433,2,3
15434,18,2
15435,35,2
15435,31,1
15436,16,1
15436,35,1
15437,9,3
15437,36,1
15437,11,3
15438,11,3
15438,25,3
15438,21,1
15439,29,1
15440,10,1
15440,28,2
15441,10,1
15441,23,2
15442,12,2
15443,20,1
15443,18,1
15443,9,2
15443,7,2
15444,4,3
15444,31,3
15444,19,3
15445,9,3
15445,30,2
15445,35,3
15445,13,2
15446,6,2
15446,36,3
15446,23,3
15446,11,3
15447,10,1
15448,28,3
15449,23,3
15449,31,1
15449,12,1
15450,8,1
15451,32,1
15451,19,2
15452,9,3
15453,0,1
15453,20,2
15454,25,2
15454,4,2
15454,2,1
15455,9,2
15456,14,2
15456,6,3
15457,22,1
15458,14,3
15458,2,2
15458,37,2
15459,6,3
15459,3,1
15459,25,1
15460,9,1
15460,37,2
15460,6,1
15460,26,3
15461,20,1
15461,19,1
15461,34,1
15461,33,1
15462,19,1
15463,31,3
15464,24,3
15464,16,2
15464,8,2
15464,27,3
15465,0,3
15466,4,3
15466,36,2
15466,27,1
15466,33,2
15467,37,1
15467,3,1
15467,11,3
15467,17,2
15468,26,3
15468,8,1
15468,36,3
15469,37,2
15469,28,1
15470,28,2
15470,36,1
15470,18,3
15471,36,2
15471,1,3
15472,21,3
15472,4,2
15472,27,2
15473,14,1
15474,22,2
15474,12,2
15474,38,3
15474,15,2
15475,34,1
15475,27,2
15476,7,2
15476,35,3
15476,19,1
15477,38,1
15478,34,1
15479,20,3
15479,30,1
15479,18,2
15480,12,1
15481,33,1
15482,32,3
15482,9,1
15483,18,2
15483,11,2
15483,37,1
15483,13,2
15484,3,2
15484,35,1
15484,14,2
15484,7,1
15485,30,2
15486,19,2
15486,0,3
15486,37,1
15487,37,2
15487,29,3
15487,14,3
15488,1,2
15488,12,1
15489,21,1
15490,28,2
15490,13,3
15490,34,1
15490,2,2
15491,8,3
15492,31,2
15492,23,3
15493,15,3
15494,25,2
15494,33,2
15495,25,3
15495,6,1
15495,27,2
15496,12,3
15496,11,1
15497,32,3
15498,38,2
15499,9,2
15499,4,2
15500,10,3
15500,4,3
15501,30,1
15501,2,2
15501,1,2
15502,18,2
15502,36,1
15502,15,3
15502,30,2
15503,7,3
15503,12,3
15503,37,2
15504,3,2
15504,5,2
15504,38,2
15504,32,2
15505,36,2
15505,28,2
15505,11,2
15506,12,2
15507,13,3
15507,0,3
15507,37,3
15507,3,1
15508,20,3
15508,8,3
15508,32,1
15508,15,2
15509,1,2
15509,9,2
15509,0,1
15510,12,1
15510,29,3
15510,37,1
15511,17,1
15512,25,3
15512,27,1
15513,33,2
15513,10,2
15513,29,3
15513,36,2
15514,6,2
15514,18,2
15514,5,2
15514,4,3
15515,22,3
15515,24,2
15515,25,3
15515,23,3
15516,15,3
15516,6,1
15516,30,2
15516,27,1
15517,1,1
15517,11,3
15518,3,1
15519,21,1
15519,11,2
15519,10,2
15520,35,1
15520,25,2
15521,15,2
15521,17,3
15521,22,2
15522,37,1
15522,28,1
15522,1,3
15522,0,3
15523,21,3
15523,3,3
15523,28,3
15523,31,3
15524,27,1
15525,5,1
15525,9,3
15525,33,2
15525,10,2
15526,5,2
15526,37,2
15527,26,3
15527,12,2
15528,18,1
15528,26,2
15528,35,1
15528,10,2
15529,24,2
15530,7,2
15530,10,3
15530,26,2
15531,22,1
15531,1,2
15531,21,2
15531,13,1
15532,26,1
15532,14,2
15532,36,1
15533,6,1
15533,21,3
15534,18,1
15534,17,1
15535,5,3
15535,17,3
15536,15,2
15536,6,1
15537,19,1
15537,12,2
15537,1,1
15537,10,1
15538,25,3
15538,30,2
15538,24,3
15539,7,1
15539,20,2
15540,31,1
15540,13,2
15540,15,3
15541,22,2
15541,19,2
15541,37,3
15541,29,3
15542,30,3
15542,0,3
15542,3,2
15543,18,1
15543,38,2
15543,8,1
15544,12,3
15544,31,2
15544,26,1
15544,8,1
15545,6,3
15545,37,1
15545,15,3
15546,21,3
15546,13,3
15547,19,3
15547,13,3
15547,20,2
15548,27,3
15548,12,1
15548,33,3
15548,8,3
15549,35,3
15549,12,3
15550,18,1
15550,8,2
15550,25,2
15551,7,3
15551,22,2
15551,16,1
15552,20,1
15552,27,3
15552,21,3
15552,26,1
15553,20,3
15553,28,3
15553,18,2
15554,5,3
15555,30,2
15555,34,1
15555,12,3
15556,36,1
15557,25,3
15557,8,3
15557,21,1
15558,12,2
15558,22,2
15559,10,1
15560,33,3
15560,13,2
15560,36,2
15560,6,1
15561,35,1
15561,2,1
15562,36,2
15563,20,1
15564,20,3
15565,5,3
15565,27,2
15565,19,3
15565,25,2
15566,16,3
15566,14,1
15567,22,2
15567,3,2
15567,6,3
15568,21,2
15568,1,1
15568,37,3
15568,33,2
15569,8,1
15570,28,1
15570,38,2
15570,17,1
15570,31,3
15571,32,3
15571,28,3
15571,2,3
15572,4,3
15572,34,1
15572,36,3
15572,23,2
15573,34,3
15574,21,1
15575,36,2
15576,34,1
15576,29,3
15577,15,2
15577,32,2
15577,16,3
15578,24,3
15578,36,2
15579,38,3
15579,20,1
15579,21,3
15579,35,1
15580,10,2
15580,18,2
15580,26,1
15581,16,2
15582,9,2
15582,4,2
15582,31,1
15583,27,3
15584,34,2
15584,27,3
15585,14,3
15585,8,2
15586,0,3
15586,16,1
15587,31,2
15587,38,3
15588,15,3
15589,8,2
15590,12,3
15590,27,2
15591,4,3
15592,27,2
15593,30,2
15593,23,3
15593,15,1
15593,22,1
15594,36,1
15594,22,2
15594,30,1
15594,16,3
15595,9,1
15595,0,2
15595,29,3
15596,10,3
15596,11,3
15596,32,3
15596,34,1
15597,32,2
15597,34,2
15597,9,1
15598,6,3
15598,38,2
15598,7,2
15599,17,2
15599,10,3
15599,19,3
15599,38,2
15600,23,2
15600,17,1
15600,12,3
15601,38,2
15601,34,1
15601,28,1
15601,8,1
15602,31,2
15602,28,3
15602,38,3
15603,26,2
15603,34,1
15603,33,2
15604,13,3
15604,26,2
15604,32,2
15605,25,1
15605,23,2
15605,18,1
15605,2,3
15606,25,2
15607,16,2
15608,19,2
15609,20,1
15609,37,1
15610,16,2
15610,14,2
15611,9,2
15611,12,2
15611,31,2
15611,18,3
15612,38,3
15612,28,1
15612,16,3
15612,31,1
15613,35,2
15614,18,3
15615,38,2
15616,5,2
15616,9,3
15616,28,3
15617,17,3
15617,23,3
15617,26,3
15618,10,2
15619,26,3
15619,35,1
15619,2,2
15619,22,3
15620,15,3
15620,22,1
15620,37,2
15621,29,2
15622,18,3
15622,8,3
15622,2,3
15623,29,2
15623,23,3
15624,28,3
15624,36,1
15624,7,1
15625,15,3
15626,33,1
15626,8,3
15626,31,1
15626,14,2
15627,5,1
15627,1,3
15627,33,2
15627,3,3
15628,17,2
15629,36,3
15629,0,3
15629,13,2
15630,19,2
15630,21,3
15630,2,1
15630,8,3
15631,19,2
15632,11,3
15633,27,1
15634,1,1
15634,12,2
15635,8,2
15635,24,1
15635,13,1
15635,30,1
15636,22,1
15637,9,2
15637,22,2
15638,10,3
15639,25,2
15639,11,2
15639,31,1
15640,32,1
15641,9,3
15641,32,2
15642,22,3
15642,11,3
15643,8,2
15643,32,1
15643,37,2
15643,12,1
15644,20,2
15644,37,1
15644,36,2
15645,4,1
15646,26,3
15646,30,1
15647,3,3
15647,35,2
15647,25,1
15648,4,3
15648,9,2
15648,21,1
15649,10,2
15649,7,3
15649,2,3
15650,9,1
15650,12,1
15650,5,3
15650,17,1
15651,17,2
15651,9,3
15652,26,1
15652,20,3
15653,30,2
15653,3,3
15654,3,1
15654,20,3
15655,7,2
15655,19,3
15656,16,2
15656,6,2
15657,10,2
15657,12,3
15657,37,1
15657,29,2
15658,17,1
15659,36,1
15660,27,2
15660,17,2
15661,13,2
15661,7,2
15661,31,2
15661,35,2
15662,28,1
15663,20,3
15664,26,3
15665,24,1
15665,15,1
15665,18,2
15666,34,1
15667,12,1
15667,11,2
15667,33,3
15668,0,1
15668,15,2
15668,35,2
15669,8,2
15670,4,2
15671,15,2
15672,18,2
15672,3,3
15672,14,2
15672,24,1
15673,9,1
15674,4,1
15674,17,3
15674,35,2
15675,27,2
15675,9,2
15676,24,2
15677,6,3
15678,18,3
15678,23,1
15679,12,1
15680,26,3
15680,24,3
15680,1,2
15680,27,2
15681,27,1
15682,1,2
15683,3,3
15683,14,2
15683,19,1
15684,31,2
15685,27,1
15686,31,1
15686,7,3
15687,0,3
15687,4,3
15687,12,3
15688,25,2
15688,15,1
15688,21,1
15689,5,1
15690,32,2
15690,34,1
15690,36,2
15690,5,3
15691,20,1
15691,33,2
15691,3,2
15691,6,1
15692,17,2
15692,5,3
15692,27,1
15693,32,3
15694,10,1
15694,24,1
15694,27,3
15695,12,3
15696,35,3
15696,18,1
15697,21,3
15698,13,3
15698,7,1
15699,31,1
15699,28,2
15699,34,1
15700,16,3
15700,37,3
15700,30,3
15701,2,3
15701,29,3
15702,3,2
15702,31,1
15702,21,2
15703,34,2
15703,28,2
15703,22,1
15704,5,3
15704,19,2
15705,18,1
15705,25,1
15706,5,3
15706,13,2
15707,18,2
15707,23,1
15707,27,1
15707,19,1
15708,4,1
15708,28,1
15708,5,3
15709,26,2
15709,8,2
15710,27,2
15710,36,3
15710,11,2
15710,15,1
15711,14,3
15711,38,1
15712,16,2
15713,23,1
15714,5,1
15714,22,3
15714,17,1
15714,29,3
15715,38,3
15716,23,3
15716,5,3
15717,22,1
15717,7,3
15717,32,3
15717,5,3
15718,20,2
15718,23,1
15719,21,3
15719,26,2
15719,27,3
15720,4,1
15720,38,3
15720,24,2
15720,6,3
15721,5,2
15721,33,2
15722,23,1
15722,13,2
15722,30,1
15723,9,2
15724,17,2
15724,16,3
15724,7,2
15725,12,2
15726,35,2
15727,2,3
15728,1,1
15728,2,1
15729,15,1
15730,31,1
15730,28,2
15730,12,1
15731,8,2
15731,20,3
15732,37,1
15732,19,2
15732,2,1
15733,28,1
15733,11,2
15734,8,1
15734,21,3
15735,13,2
15735,28,2
15735,27,1
15736,12,2
15737,24,1
15737,30,1
15737,1,3
15738,15,1
15738,21,3
15738,7,2
15738,36,3
15739,3,2
15740,21,2
15740,10,1
15740,29,2
15741,37,3
15741,2,1
15741,25,3
15741,17,3
15742,18,2
15743,12,1
15744,7,2
15744,6,2
15745,33,1
15745,18,3
15745,15,2
15746,5,1
15746,27,3
15747,9,3
15747,33,2
15748,26,2
15749,14,1
15750,16,3
15751,33,2
15751,1,2
15751,27,2
15752,1,3
15752,13,2
15752,6,3
15752,7,1
15753,23,2
15753,5,2
15753,0,2
15754,14,2
15754,24,1
15754,8,3
15754,25,2
15755,9,2
15755,27,3
15756,15,3
15756,20,2
15757,19,1
15758,12,1
15759,38,3
15759,18,3
15760,30,1
15760,9,1
15761,31,2
15762,32,2
15762,15,2
15762,10,3
15762,23,2
15763,38,1
15764,1,1
15764,2,3
15764,17,3
15764,6,1
15765,11,1
15766,5,3
15766,30,3
15767,8,2
15767,13,2
15767,21,2
15767,18,3
15768,3,3
15768,33,2
15768,16,1
15768,19,2
15769,17,3
15769,16,3
15770,4,2
15770,16,3
15770,38,1
15770,19,2
15771,9,3
15771,13,1
15772,25,1
15773,18,3
15774,11,3
15774,22,2
15774,30,1
15775,38,2
15775,31,3
15776,2,1
15776,6,2
15777,37,1
15777,31,3
15777,38,3
15778,3,3
15778,6,3
15778,8,1
15779,5,3
15779,32,1
15779,19,1
15780,13,1
15780,10,3
15781,2,1
15781,23,1
15781,32,3
15781,27,2
15782,38,2
15783,26,2
15783,7,2
15783,24,2
15784,16,1
15784,8,3
15785,23,1
15785,37,1
15785,5,2
15786,23,3
15786,2,3
15787,16,3
15787,28,3
15787,23,1
15787,19,2
15788,38,3
15788,34,1
15789,29,1
15790,1,2
15790,12,2
15790,8,2
15791,17,3
15792,15,2
15793,34,1
15793,7,2
15794,6,1
15794,13,1
15794,23,2
15795,11,3
15795,20,3
15796,16,1
15797,9,3
15797,18,1
15797,7,3
15797,32,2
15798,12,1
15798,25,2
15798,1,2
15798,18,1
15799,16,3
15799,6,1
15799,0,1
15800,1,2
15800,25,1
15800,37,3
15800,28,3
15801,28,1
15801,2,3
15801,35,1
15802,18,2
15803,10,1
15803,18,3
15803,30,2
15804,28,1
15804,31,3
15804,0,2
15805,7,3
15806,36,1
15807,20,3
15807,6,3
15807,17,2
15808,10,2
15808,11,2
15808,33,3
15808,4,3
15809,14,2
15810,12,1
15810,33,2
15811,35,1
15811,5,2
15812,18,2
15812,37,2
15812,27,2
15813,12,3
15813,34,2
15813,2,2
15813,13,2
15814,37,1
15814,28,2
15814,32,2
15815,30,3
15815,34,2
15815,24,3
15815,14,1
15816,30,3
15816,35,1
15817,21,1
15817,19,3
15817,29,3
15817,13,3
15818,18,2
15818,32,3
15818,24,2
15818,23,3
15819,25,3
15819,29,1
15820,36,1
15820,12,1
15820,13,3
15820,27,2
15821,34,1
15821,13,2
15822,30,2
15822,0,3
15822,32,3
15823,31,2
15823,8,1
15823,33,3
15824,35,2
15825,4,3
15825,37,3
15825,14,3
15826,0,3
15826,24,1
15827,28,1
15827,18,2
15827,35,1
15827,29,3
15828,0,1
15828,8,1
15828,25,3
15829,13,3
15829,7,2
15829,18,2
15830,25,3
15830,0,2
15830,35,1
15831,9,2
15831,14,3
15831,33,1
15831,17,1
15832,35,3
15832,26,2
15833,5,3
15834,15,2
15834,3,2
15835,16,3
15836,10,3
15836,9,3
15836,4,2
15837,6,3
15838,13,3
15839,28,1
15839,4,3
15839,7,3
15840,5,2
15840,22,2
15841,28,1
15841,16,2
15841,37,2
15842,28,3
15842,1,2
15842,19,1
15843,13,2
15843,33,1
15843,10,3
15844,7,1
15844,30,1
15844,2,3
15844,34,1
15845,8,3
15845,6,3
15845,22,3
15846,21,3
15846,20,1
15846,1,2
15846,11,3
15847,27,1
15847,29,2
15847,17,2
15848,17,3
15848,19,3
15848,34,1
15848,36,1
15849,23,1
15849,14,2
15849,26,3
15849,30,2
15850,33,1
15850,0,2
15851,8,3
15851,12,1
15852,34,2
15852,4,3
15853,16,3
15853,31,2
15853,23,3
15853,24,3
15854,34,2
15854,27,2
15854,38,1
15855,34,3
15855,32,1
15855,36,2
15856,16,3
15856,24,3
15857,22,1
15858,38,2
15858,18,3
15858,11,2
15859,10,2
15859,27,2
15859,4,2
15859,17,3
15860,0,2
15860,29,1
15861,4,1
15861,23,1
15861,28,1
15861,5,2
15862,2,2
15863,15,2
15863,1,2
15864,32,1
15864,23,3
15865,15,1
15866,20,2
15866,34,1
15866,0,3
15867,5,3
15867,34,3
15867,9,2
15867,30,2
15868,17,1
15868,16,1
15868,19,2
15869,6,3
15870,5,1
15871,10,3
15871,32,1
15872,5,2
15872,34,2
15872,8,1
15873,18,1
15873,7,2
15874,21,1
15874,11,3
15874,12,3
15875,2,3
15875,23,2
15876,36,2
15876,13,2
15876,5,2
15876,27,1
15877,4,1
15877,7,2
15878,0,2
15878,28,2
15878,6,1
15879,8,2
15880,27,2
15881,1,3
15881,19,2
15882,16,1
15882,26,3
15882,6,2
15882,25,2
15883,1,1
15883,18,3
15883,28,3
15883,33,3
15884,8,3
15884,22,1
15884,10,1
15885,10,3
15885,28,1
15885,1,3
15886,14,3
15886,32,2
15886,10,1
15886,13,2
15887,28,2
15887,25,3
15887,13,3
15888,32,3
15888,38,2
15888,27,2
15889,3,3
15889,1,3
15890,15,1
15890,12,3
15890,7,3
15891,26,3
15891,12,1
15891,18,1
15892,10,3
15892,19,3
15892,36,2
15893,18,3
15894,23,2
15894,11,2
15895,38,1
15896,11,1
15896,22,3
15897,9,2
15897,8,1
15897,33,3
15897,21,2
15898,9,3
15899,20,3
15899,15,3
15899,16,2
15900,0,3
15900,35,1
15900,23,2
15900,34,2
15901,22,1
15902,26,3
15902,28,1
15903,16,3
15903,33,2
15904,31,1
15904,3,1
15905,11,2
15906,29,3
15906,14,2
15906,33,3
15907,11,2
15908,7,2
15908,24,3
15908,21,1
15908,25,1
15909,22,2
15909,32,2
15910,14,3
15911,34,3
15911,20,2
15912,25,3
15912,1,1
15913,0,2
15914,29,1
15914,30,1
15914,24,2
15914,26,3
15915,30,2
15915,5,1
15915,11,1
15915,29,3
15916,14,2
15916,30,2
15916,15,1
15916,23,1
15917,13,1
15917,12,3
15917,2,1
15917,9,2
15918,36,1
15918,14,2
15918,37,1
15919,16,1
15919,1,1
15920,14,3
15920,5,1
15920,29,2
15921,7,3
15921,9,1
15921,34,2
15922,15,2
15923,8,1
15923,7,1
15924,20,1
15924,27,3
15924,24,3
15925,38,3
15926,20,3
15926,24,3
15926,36,2
15926,10,2
15927,15,3
15927,0,2
15928,10,1
15928,3,2
15928,25,3
15928,5,3
15929,6,2
15930,22,3
15930,25,3
15930,35,2
15930,19,3
15931,37,1
15932,20,2
15932,16,2
15932,36,3
15932,14,3
15933,12,3
15933,15,3
15933,37,1
15934,8,2
15934,31,2
15934,14,1
15935,12,3
15935,37,3
15936,31,1
15936,6,2
15936,17,1
15937,11,1
15938,21,2
15938,24,1
15938,4,3
15939,7,1
15940,10,2
15940,26,2
15940,32,1
15941,20,3
15941,11,3
15941,23,3
15941,18,1
15942,0,1
15942,26,3
15943,32,1
15943,22,1
15943,37,1
15944,30,3
15944,15,3
15944,8,1
15945,17,2
15945,6,3
15945,2,1
15945,0,3
15946,12,3
15946,24,3
15946,32,1
15946,29,1
15947,4,1
15948,30,3
15948,25,1
15948,24,3
15949,4,1
15949,15,1
15949,32,3
15949,10,3
15950,27,1
15951,36,1
15952,18,1
15953,24,2
15954,7,1
15954,13,2
15955,33,1
15955,13,1
15955,34,1
15955,22,1
15956,4,2
15956,3,2
15957,14,2
15958,38,2
15958,1,3
15958,27,3
15959,11,1
15959,25,3
15959,9,2
15959,17,1
15960,9,3
15960,10,2
15960,21,1
15960,17,3
15961,26,3
15961,4,3
15961,0,3
15961,34,1
15962,25,3
15962,0,2
15963,16,3
15964,35,3
15964,30,3
15965,37,3
15966,6,1
15966,24,3
15966,31,1
15967,6,2
15967,4,1
15967,15,3
15968,5,1
15969,22,3
15969,24,1
15969,25,3
15970,11,1
15971,16,1
15971,29,1
15971,0,3
15972,3,1
15972,16,1
15972,37,1
15972,26,2
15973,10,3
15973,3,3
15974,36,3
15974,26,1
15975,9,3
15975,19,2
15976,3,2
15976,8,2
15976,4,3
15977,16,2
15977,12,2
15978,18,2
15978,31,2
15978,22,2
15978,38,2
15979,10,3
15979,31,3
15979,12,3
15980,32,1
15980,17,3
15981,25,3
15981,9,1
15981,22,2
15982,17,3
15983,7,2
15983,31,3
15983,8,3
15984,4,1
15984,19,1
15984,23,1
15985,26,3
15985,5,3
15985,21,3
15985,35,2
15986,21,1
15986,30,2
15986,18,2
15986,15,1
15987,20,1
15987,35,1
15988,16,3
15988,24,1
15989,32,2
15989,17,3
15989,29,3
15989,31,1
15990,30,2
15990,6,1
15990,11,1
15990,23,2
15991,14,1
15991,8,1
15991,25,3
15992,7,3
15992,22,3
15992,0,2
15992,30,2
15993,0,1
15993,17,1
15994,3,1
15995,28,3
15996,31,3
15997,25,3
15997,21,2
15998,38,3
15998,33,3
15999,22,3
15999,20,2
15999,9,3
16000,21,2
16000,30,3
16000,10,2
16001,0,2
16001,38,1
16001,28,2
16001,32,2
16002,24,2
16002,16,1
16003,17,2
16003,37,3
16003,35,3
16003,11,2
16004,20,1
16004,16,3
16004,9,2
16005,32,2
16006,14,1
16006,21,3
16006,18,2
16007,30,2
16008,23,1
16009,33,2
16010,6,1
16010,34,3
16011,2,3
16012,15,1
16013,33,2
16013,17,1
16013,15,1
16014,14,2
16014,19,2
16015,11,3
16016,38,2
16017,19,2
16017,32,1
16017,36,2
16017,3,3
16018,26,2
16018,29,2
16018,21,1
16019,3,3
16019,27,1
16019,23,2
16019,37,1
16020,9,2
16020,30,3
16021,31,3
16021,29,1
16021,32,2
16022,8,3
16022,18,2
16022,20,1
16023,8,3
16023,36,1
16023,21,2
16024,37,1
16024,11,3
16024,38,3
16024,4,3
16025,13,3
16025,1,3
16025,18,2
16026,13,3
16026,38,2
16027,30,3
16027,12,3
16027,2,3
16028,33,3
16029,38,2
16029,0,2
16029,16,1
16030,20,1
16031,7,1
16031,30,2
16032,3,1
16032,18,1
16032,19,2
16032,28,1
16033,37,2
16033,12,1
16034,32,3
16035,17,1
16036,23,3
16036,3,3
16036,9,1
16037,26,1
16037,17,1
16038,3,2
16038,37,3
16039,34,1
16039,37,1
16040,23,3
16041,1,2
16041,14,1
16041,21,3
16042,8,2
16042,4,2
16042,26,1
16043,30,2
16043,20,2
16043,6,2
16044,6,3
16044,1,1
16045,33,2
16046,14,3
16046,22,1
16046,5,3
16047,21,3
16047,12,1
16047,7,1
16048,20,1
16048,23,1
16049,15,1
16049,24,1
16049,22,2
16049,17,1
16050,1,3
16051,18,3
16051,16,3
16051,33,2
16051,28,1
16052,36,2
16052,1,2
16052,13,1
16052,14,1
16053,12,3
16053,13,1
16053,34,3
16053,4,1
16054,0,2
16054,25,2
16054,16,2
16055,3,2
16055,31,3
16055,5,1
16055,35,1
16056,12,3
16056,4,2
16057,6,1
16058,38,2
16058,3,3
16058,0,2
16058,14,2
16059,25,3
16059,12,3
16059,9,2
16059,10,1
16060,11,2
16060,9,1
16060,5,3
16061,11,3
16061,7,2
16061,29,3
16062,38,1
16063,25,2
16063,18,2
16064,6,2
16064,7,1
16064,26,1
16065,33,1
16065,25,1
16066,19,2
16066,26,1
16066,5,3
16067,23,2
16067,35,2
16068,26,3
16069,13,1
16069,15,2
16069,7,2
16070,31,1
16070,23,1
16071,2,1
16071,36,2
16071,31,3
16071,14,3
16072,20,2
16072,34,1
16072,12,3
16072,33,2
16073,37,2
16074,23,2
16074,31,1
16075,17,3
16075,30,3
16075,28,2
16075,25,1
16076,6,1
16076,5,3
16077,36,1
16077,32,3
16077,16,3
16077,21,2
16078,24,2
16078,28,3
16079,34,1
16079,4,2
16079,16,3
16079,25,3
16080,18,3
16080,29,2
16080,32,2
16080,35,2
16081,0,3
16081,27,2
16082,0,2
16082,18,3
16082,27,1
16083,33,3
16083,25,1
16083,35,3
16083,29,2
16084,32,1
16084,17,3
16085,25,1
16085,34,3
16085,28,3
16086,13,3
16086,26,3
16086,8,2
16087,25,3
16088,9,2
16088,23,3
16088,12,2
16088,5,3
16089,3,3
16090,16,2
16090,37,2
16090,24,1
16091,17,2
16091,8,3
16091,3,3
16092,6,3
16092,14,2
16093,17,1
16093,20,2
16093,24,1
16094,3,1
16094,9,2
16094,14,1
16095,22,2
16095,20,2
16095,33,1
16095,23,2
16096,33,3
16097,16,2
16097,23,2
16097,5,1
16098,12,2
16098,35,3
16098,22,2
16099,23,1
16100,27,2
16100,0,1
16100,21,3
16100,35,1
16101,15,3
16101,27,1
16102,3,2
16102,6,1
16102,14,2
16103,25,3
16104,21,1
16104,36,2
16104,38,3
16104,23,3
16105,1,2
16105,6,1
16106,38,2
16106,31,1
16106,35,2
16106,17,3
16107,38,1
16107,2,2
16108,5,1
16109,4,1
16110,4,1
16111,38,2
16111,23,1
16111,10,1
16111,33,2
16112,22,3
16112,37,2
16112,20,1
16113,11,2
16114,13,1
16114,29,2
16114,33,1
16114,34,1
16115,30,3
16115,37,3
16115,38,2
16116,34,1
16116,25,2
16116,18,3
16117,7,1
16117,11,2
16117,33,1
16117,38,3
16118,21,1
16118,36,1
16118,25,1
16118,19,3
16119,16,2
16120,29,3
16121,14,3
16121,29,2
16122,21,2
16123,18,1
16123,5,3
16124,17,2
16124,34,3
16124,4,1
16125,14,1
16126,30,1
16127,0,2
16128,21,3
16128,25,3
16128,16,3
16129,12,3
16129,0,3
16129,2,2
16129,10,1
16130,19,1
16130,38,3
16131,9,1
16131,16,2
16131,37,2
16132,14,3
16133,34,3
16133,23,3
16133,19,2
16134,27,1
16135,3,2
16135,20,1
16135,38,1
16135,22,3
16136,10,3
16137,3,1
16138,11,2
16139,17,1
16139,30,1
16140,15,3
16140,33,3
16141,19,2
16141,2,3
16141,31,2
16141,25,1
16142,35,1
16143,32,2
16143,16,3
16143,14,2
16143,11,3
16144,20,2
16144,36,3
16145,7,3
16145,26,2
16145,30,3
16145,13,3
16146,0,3
16146,19,1
16146,11,3
16147,19,2
16148,21,2
16148,10,1
16149,6,1
16150,22,1
16150,17,2
16150,3,2
16151,32,1
16151,17,2
16152,38,1
16152,21,3
16152,24,2
16153,33,1
16153,23,1
16153,11,2
16153,28,1
16154,11,3
16155,34,1
16155,12,3
16155,21,1
16155,33,1
16156,6,2
16156,30,2
16156,19,3
16156,32,3
16157,3,1
16157,18,2
16157,33,1
16157,21,2
16158,3,3
16158,14,2
16158,38,1
16159,33,3
16159,0,3
16159,29,3
16159,22,2
16160,25,3
16161,4,3
16161,37,1
16161,26,3
16161,0,2
16162,8,3
16162,9,3
16163,31,1
16163,11,3
16164,14,2
16164,32,1
16165,37,1
16166,36,1
16166,11,2
16167,29,1
16167,33,1
16168,36,3
16169,23,2
16169,1,3
16170,15,2
16170,26,2
16170,1,2
16170,13,3
16171,37,2
16171,13,2
16172,3,3
16173,32,1
16173,25,2
16173,38,2
16174,19,1
16174,34,3
16175,10,3
16175,5,2
16176,31,3
16176,21,3
16177,33,1
16177,16,3
16178,35,2
16178,13,2
16179,4,1
16180,19,1
16180,23,2
16180,25,3
16180,34,1
16181,9,2
16181,21,3
16181,38,1
16182,21,1
16182,20,3
16182,14,1
16182,11,3
16183,30,2
16183,18,3
16183,19,1
16184,35,2
16185,18,2
16186,24,1
16186,18,3
16186,15,2
16187,4,2
16188,35,1
16188,30,3
16188,23,3
16189,13,1
16189,3,3
16190,19,2
16191,2,1
16191,27,1
16192,8,1
16192,34,1
16192,9,2
16193,24,2
16193,25,1
16193,32,3
16194,22,1
16194,20,3
16195,16,3
16196,13,1
16197,22,1
16197,16,1
16197,1,3
16197,2,3
16198,23,2
16198,37,2
16198,35,1
16199,10,3
16199,26,2
16199,20,1
16199,31,3
16200,0,1
16200,37,1
16201,20,1
16201,19,2
16202,35,2
16203,5,3
16203,14,1
16204,17,2
16204,20,2
16205,9,2
16206,33,1
16206,9,1
16206,29,1
16206,31,3
16207,14,2
16207,27,1
16207,21,2
16208,33,3
16208,19,2
16208,16,3
16209,34,1
16209,3,1
16210,12,3
16211,20,3
16211,34,1
16211,3,2
16212,35,1
16212,14,3
16212,32,1
16212,38,3
16213,21,3
16213,36,1
16213,26,3
16214,35,1
16215,27,3
16216,33,1
16216,2,1
16216,30,1
16216,5,3
16217,5,2
16217,35,1
16217,9,1
16217,20,2
16218,19,3
16218,30,3
16219,22,3
16219,38,3
16219,1,1
16220,25,1
16220,32,2
16220,6,1
16221,9,1
16221,24,2
16222,13,1
16222,26,1
16222,37,3
16222,36,1
16223,0,3
16223,4,1
16223,26,2
16223,35,1
16224,13,1
16224,1,2
16225,7,2
16225,33,2
16226,25,3
16226,29,3
16226,19,2
16227,27,1
16227,25,1
16228,13,1
16229,7,3
16229,15,1
16229,38,1
16229,27,3
16230,30,2
16230,25,2
16230,38,3
16231,11,1
16231,18,2
16232,22,3
16232,32,2
16232,33,3
16233,35,2
16234,18,1
16234,25,3
16235,31,3
16235,12,2
16235,32,3
16235,25,3
16236,17,3
16236,14,1
16236,7,1
16237,1,3
16237,9,1
16238,32,1
16238,10,3
16238,16,3
16238,4,2
16239,9,3
16240,10,3
16240,19,2
16241,32,2
16241,27,2
16241,29,3
16242,17,2
16243,3,2
16243,4,1
16243,14,1
16244,34,1
16244,7,1
16244,27,3
16244,30,3
16245,17,3
16245,23,3
16246,25,2
16246,19,2
16246,37,3
16247,19,1
16248,21,1
16248,29,1
16248,38,3
16249,30,3
16249,16,1
16250,18,3
16251,21,3
16251,10,1
16252,18,3
16252,2,3
16253,28,1
16253,8,2
16253,35,1
16254,11,1
16254,35,1
16254,26,3
16255,17,2
16255,28,3
16255,3,3
16255,9,3
16256,20,3
16257,24,2
16258,20,1
16258,14,3
16259,7,3
16259,36,3
16259,9,3
16260,14,2
16260,4,1
16260,31,3
16260,35,3
16261,9,1
16261,28,2
16261,21,2
16262,3,2
16262,37,2
16263,8,3
16263,27,3
16263,6,2
16264,35,2
16264,23,1
16264,33,3
16264,38,2
16265,10,1
16266,3,3
16266,27,2
16266,28,1
16267,19,3
16267,23,1
16268,38,2
16268,31,2
16268,14,1
16269,35,1
16269,27,3
16269,28,1
16270,36,1
16270,31,2
16270,13,1
16271,30,1
16271,28,3
16271,8,1
16272,19,2
16272,10,2
16273,33,2
16274,30,1
16274,7,1
16274,37,2
16275,12,1
16276,31,3
16276,7,2
16277,14,3
16277,21,3
16278,27,3
16278,9,2
16279,27,3
16279,36,1
16279,9,1
16280,32,3
16280,13,2
16280,10,3
16280,14,1
16281,32,3
16282,35,3
16283,33,1
16284,34,2
16284,16,3
16284,24,1
16285,13,2
16285,38,3
16285,3,1
16286,22,1
16286,2,1
16287,2,2
16287,0,2
16288,3,1
16289,3,3
16289,26,2
16289,2,3
16289,14,1
16290,37,2
16291,27,2
16292,38,2
16292,18,2
16292,35,3
16292,36,1
16293,8,1
16293,15,1
16293,31,1
16293,18,1
16294,18,2
16295,22,3
16295,18,3
16296,35,2
16296,12,3
16296,9,1
16296,21,1
16297,34,3
16298,38,2
16299,32,3
16300,16,2
16301,8,2
16301,25,1
16301,17,1
16302,25,3
16302,33,1
16302,8,3
16303,38,3
16303,31,3
16303,27,1
16303,30,3
16304,37,2
16304,26,1
16305,13,3
16305,31,3
16305,29,3
16305,25,1
16306,15,1
16307,22,2
16307,24,1
16308,30,1
16309,10,3
16309,30,1
16309,15,1
16309,16,3
16310,15,3
16310,33,2
16310,12,3
16311,21,2
16311,22,3
16312,18,2
16312,27,3
16313,18,1
16314,18,2
16314,38,3
16314,14,1
16315,35,3
16315,24,3
16316,0,2
16317,22,1
16317,27,3
16317,24,2
16318,17,3
16318,11,2
16318,4,2
16318,26,1
16319,20,3
16319,19,3
16319,2,2
16319,9,2
16320,24,2
16320,37,3
16321,38,1
16322,3,3
16322,2,3
16323,15,1
16323,12,1
16324,26,2
16324,22,3
16324,4,1
16324,17,3
16325,32,3
16325,12,3
16325,3,3
16326,4,2
16327,34,1
16327,23,3
16327,3,2
16328,8,3
16328,14,2
16328,12,3
16328,10,3
16329,11,1
16329,9,2
16330,18,1
16330,32,1
16330,5,3
16331,8,1
16332,16,2
16333,1,1
16333,25,2
16333,2,2
16333,31,1
16334,21,3
16334,17,2
16335,4,2
16335,6,2
16336,38,3
16336,1,3
16336,13,3
16336,10,1
16337,7,1
16337,23,1
16337,3,3
16337,18,3
16338,14,3
16338,4,2
16338,10,3
16338,31,2
16339,15,1
16339,27,3
16339,37,2
16339,11,2
16340,2,2
16340,22,2
16340,35,2
16341,7,1
16341,35,2
16342,22,3
16342,13,2
16343,30,3
16343,12,2
16344,10,2
16344,12,3
16345,12,1
16345,34,2
16345,28,3
16345,22,3
16346,14,1
16346,21,2
16346,34,1
16347,22,3
16348,3,3
16348,2,1
16348,5,1
16348,6,2
16349,3,2
16349,21,3
16349,20,2
16350,16,2
16351,13,2
16351,20,3
16351,4,3
16352,27,1
16352,14,1
16352,4,2
16353,25,1
16353,38,1
16353,36,1
16354,3,3
16354,14,2
16355,20,1
16356,3,2
16356,2,1
16356,32,2
16357,32,2
16358,8,3
16358,15,2
16358,31,2
16358,16,1
16359,37,1
16359,18,2
16360,37,1
16360,11,3
16361,33,3
16361,26,1
16361,4,1
16361,31,3
16362,26,1
16362,16,3
16362,34,2
16363,27,3
16363,23,2
16364,28,3
16364,17,2
16364,2,1
16364,10,3
16365,12,1
16365,36,2
16366,0,3
16366,7,2
16367,6,1
16367,35,2
16367,37,1
16367,26,2
16368,30,3
16368,29,2
16369,21,2
16369,3,2
16369,9,3
16369,14,2
16370,8,2
16370,6,3
16370,9,2
16371,13,3
16372,31,1
16372,38,1
16373,26,3
16373,8,2
16374,9,1
16374,24,1
16374,27,3
16374,38,2
16375,15,1
16375,1,2
16375,36,1
16375,32,1
16376,27,3
16376,5,1
16376,17,3
16376,8,2
16377,14,2
16377,27,3
16377,3,1
16377,4,2
16378,20,1
16378,13,1
16378,21,3
16378,22,3
16379,23,2
16379,11,3
16380,2,1
16380,22,2
16380,36,3
16381,24,2
16381,26,2
16381,3,3
16382,22,1
16382,1,3
16383,6,3
16384,6,2
16384,29,2
16385,0,1
16385,18,3
16385,28,1
16386,2,1
16387,35,2
16388,8,3
16389,11,1
16389,35,1
16389,8,3
16389,13,3
16390,23,3
16390,20,1
16390,3,1
16390,19,2
16391,30,3
16391,24,2
16392,3,2
16392,12,1
16392,29,2
16392,4,3
16393,16,2
16393,36,1
16394,14,1
16394,12,3
16394,28,3
16394,13,2
16395,16,2
16395,24,1
16395,6,3
16396,9,1
16396,14,1
16397,19,2
16398,21,3
16398,13,3
16398,24,2
16398,5,1
16399,35,3
16399,33,1
16400,14,3
16400,11,2
16400,31,1
16401,30,2
16401,16,1
16401,6,2
16401,5,1
16402,30,2
16402,8,2
16402,20,3
16403,12,1
16404,12,3
16405,18,3
16405,29,2
16406,24,2
16407,5,2
16407,37,3
16408,22,3
16409,24,2
16410,0,2
16410,8,1
16410,30,1
16410,10,3
16411,10,2
16411,33,3
16411,4,1
16411,28,1
16412,1,3
16413,33,2
16413,8,2
16413,9,2
16413,1,2
16414,24,1
16414,11,3
16414,28,2
16414,38,1
16415,30,3
16415,5,3
16415,29,2
16416,23,2
16416,20,3
16416,30,1
16416,2,2
16417,12,2
16418,34,1
16418,5,2
16419,20,2
16419,0,3
16420,9,1
16420,33,2
16420,35,3
16421,17,3
16422,23,1
16423,16,3
16423,7,2
16423,29,1
16424,7,1
16424,34,1
16424,23,2
16425,16,1
16425,29,2
16426,22,1
16427,16,3
16428,38,1
16428,24,3
16429,29,1
16429,25,2
16429,3,3
16429,36,2
16430,6,1
16430,22,1
16431,14,2
16432,2,1
16432,31,3
16432,30,2
16432,28,1
16433,21,2
16434,5,1
16434,17,3
16434,7,3
16435,34,1
16436,14,2
16436,36,1
16437,22,1
16437,6,1
16438,0,2
16439,11,3
16439,29,2
16439,33,3
16439,32,2
16440,37,3
16440,0,3
16441,26,3
16441,35,2
16442,13,2
16443,16,2
16443,33,1
16444,17,1
16444,2,2
16444,14,1
16445,31,3
16445,18,2
16445,14,3
16445,11,2
16446,17,1
16446,19,3
16446,11,2
16446,10,2
16447,32,1
16448,10,2
16448,7,1
16448,4,3
16448,14,1
16449,13,2
16449,35,3
16450,21,1
16450,23,3
16451,9,3
16452,7,3
16452,3,2
16452,38,1
16452,22,1
16453,0,2
16454,15,2
16454,14,1
16454,11,2
16455,14,3
16455,20,3
16456,20,2
16457,9,1
16457,37,3
16457,12,3
16457,38,1
16458,11,3
16458,21,2
16458,25,1
16458,26,3
16459,38,2
16459,23,2
16459,16,1
16459,13,2
16460,13,3
16461,21,2
16461,13,3
16461,26,3
16462,4,2
16463,27,1
16464,18,1
16464,38,1
16465,12,3
16465,7,3
16466,3,1
16466,23,1
16466,24,2
16467,33,2
16468,12,1
16469,36,3
16470,32,2
16470,5,1
16470,15,3
16471,35,2
16471,26,1
16471,30,3
16472,10,2
16473,0,3
16473,17,2
16473,2,3
16473,34,1
16474,2,1
16475,21,1
16475,25,3
16476,2,3
16476,17,1
16476,28,3
16477,23,3
16477,1,2
16477,34,2
16477,6,1
16478,16,1
16478,28,2
16478,2,3
16478,11,1
16479,31,3
16479,32,2
16480,33,1
16481,36,2
16481,37,1
16481,22,3
16481,12,2
16482,20,1
16482,23,2
16482,13,3
16483,10,3
16483,18,2
16484,5,2
16484,25,3
16484,23,1
16485,3,2
16485,0,2
16486,16,1
16486,0,2
16486,26,3
16487,37,3
16487,11,3
16487,26,2
16487,31,3
16488,24,2
16488,31,2
16488,18,2
16488,34,3
16489,34,2
16490,20,3
16490,19,2
16490,32,1
16490,33,3
16491,3,3
16491,1,1
16491,10,1
16491,31,1
16492,1,3
16492,10,1
16493,14,1
16493,25,3
16493,6,1
16494,8,2
16494,23,1
16494,29,3
16495,6,2
16495,27,1
16495,15,1
16495,19,2
16496,24,1
16497,15,1
16497,35,1
16497,24,2
16498,21,2
16498,2,1
16498,29,3
16499,30,1
16499,38,2
16499,36,1
16500,34,3
16500,33,2
16500,27,2
16501,13,2
16501,7,3
16501,20,3
16502,15,3
16503,20,3
16503,0,1
16503,28,2
16503,34,1
16504,3,1
16504,11,3
16505,18,1
16506,19,3
16506,14,3
16507,4,1
16508,36,2
16508,13,1
16509,30,2
16509,18,3
16510,19,2
16510,37,1
16510,16,3
16511,37,1
16511,13,1
16511,14,3
16511,26,3
16512,7,1
16512,29,1
16512,34,1
16513,38,1
16514,2,1
16514,37,3
16515,7,2
16515,16,2
16515,15,2
16515,12,2
16516,35,3
16516,11,1
16516,33,1
16516,29,1
16517,25,3
16517,18,3
16518,27,1
16519,10,3
16519,6,2
16519,20,1
16519,12,1
16520,15,2
16520,13,3
16521,16,1
16521,2,3
16521,7,2
16522,20,2
16522,17,3
16522,38,3
16523,29,2
16524,2,3
16524,11,3
16525,34,1
16525,32,1
16525,29,2
16526,33,2
16526,23,3
16526,17,2
16527,32,2
16527,10,3
16527,0,2
16527,31,2
16528,19,3
16528,1,1
16528,31,3
16529,36,1
16529,8,1
16530,29,2
16531,37,1
16532,30,2
16532,28,3
16532,17,2
16533,3,2
16534,18,1
16534,35,1
16535,33,2
16535,4,1
16536,18,3
16536,34,1
16536,33,1
16536,10,3
16537,4,2
16537,11,3
16537,33,3
16537,14,2
16538,16,2
16539,27,1
16539,17,1
16540,23,2
16540,31,1
16540,7,3
16540,9,3
16541,33,3
16541,34,3
16542,30,2
16543,28,2
16543,10,3
16543,18,1
16543,16,1
16544,28,2
16545,8,1
16545,16,2
16545,33,1
16546,23,1
16546,19,1
16546,32,2
16546,27,2
16547,14,1
16547,33,1
16547,28,3
16547,12,2
16548,14,2
16548,31,1
16549,1,2
16549,22,1
16549,10,1
16549,34,2
16550,10,1
16551,36,3
16552,38,1
16552,31,2
16553,23,2
16553,4,1
16553,1,2
16554,18,1
16554,35,1
16554,1,1
16554,30,1
16555,12,3
16555,15,3
16555,6,3
16555,36,3
16556,22,2
16557,27,1
16557,34,2
16557,7,2
16558,17,2
16558,0,3
16558,15,2
16558,2,1
16559,15,1
16560,17,3
16561,4,1
16561,10,3
16562,36,1
16562,6,1
16562,22,2
16563,3,3
16563,37,3
16564,6,1
16565,38,1
16565,31,2
16565,10,3
16565,25,3
16566,31,3
16566,28,1
16566,6,3
16567,33,2
16567,17,1
16567,37,2
16568,20,1
16568,1,2
16568,25,1
16568,19,1
16569,31,1
16569,18,1
16569,3,1
16569,5,1
16570,3,2
16570,4,2
16571,13,2
16572,7,2
16573,6,3
16574,0,2
16574,26,3
16574,35,2
16574,3,2
16575,32,2
16575,10,2
16575,28,3
16576,11,2
16576,14,3
16576,22,2
16577,14,2
16577,31,3
16577,16,2
16577,7,3
16578,5,2
16578,16,1
16579,8,1
16580,38,1
16580,11,2
16580,19,3
16580,15,1
16581,35,1
16582,29,1
16583,12,2
16584,32,3
16585,16,1
16585,0,1
16585,24,2
16586,27,2
16586,20,3
16587,18,2
16588,9,2
16589,30,2
16589,12,2
16589,32,2
16590,6,1
16590,23,1
16590,21,2
16590,22,3
16591,24,2
16591,7,3
16591,14,1
16591,13,3
16592,29,1
16592,38,1
16592,26,3
16593,28,1
16594,3,2
16594,9,2
16595,0,3
16596,33,1
16596,8,2
16596,32,2
16596,21,3
16597,11,1
16597,31,2
16597,23,1
16598,29,1
16599,26,1
16599,21,3
16599,4,1
16600,2,3
16600,15,1
16601,0,2
16601,4,1
16602,22,2
16602,37,1
16602,2,3
16603,13,2
16603,5,3
16603,9,2
16604,24,1
16604,32,2
16604,21,2
16604,31,2
16605,8,2
16605,20,1
16606,36,3
16606,18,3
16607,21,2
16607,12,1
16607,38,2
16608,8,2
16608,24,2
16609,1,1
16609,10,2
16609,16,1
16609,22,2
16610,2,3
16610,12,1
16610,22,3
16611,11,1
16611,26,1
16611,29,3
16612,24,2
16612,16,3
16612,13,2
16613,29,3
16614,21,1
16614,28,3
16614,12,1
16614,25,3
16615,31,3
16615,12,3
16615,14,1
16615,7,2
16616,3,1
16616,28,2
16616,33,2
16616,10,2
16617,34,1
16617,30,2
16617,12,2
16618,35,2
16618,18,3
16619,35,3
16619,37,2
16619,30,3
16620,24,1
16620,17,2
16620,22,3
16621,2,2
16622,26,3
16622,19,3
16622,32,1
16622,17,2
16623,0,3
16624,9,2
16624,13,1
16624,35,3
16625,22,2
16625,10,2
16625,35,1
16625,21,2
16626,26,2
16626,12,1
16626,37,1
16627,37,2
16628,10,1
16628,31,3
16628,28,3
16628,13,1
16629,15,1
16629,20,3
16630,28,1
16630,35,3
16630,27,1
16631,21,1
16631,26,3
16631,6,1
16632,38,1
16632,25,3
16632,10,1
16633,13,1
16633,10,1
16633,2,3
16633,24,3
16634,3,3
16634,24,1
16635,5,3
16635,38,2
16635,9,1
16635,7,3
16636,28,2
16637,4,3
16637,11,3
16638,18,2
16638,28,3
16638,5,2
16639,29,2
16639,32,1
16639,7,2
16640,28,1
16640,20,1
16640,27,1
16641,13,2
16641,17,1
16642,28,2
16642,33,1
16642,12,2
16642,30,1
16643,10,3
16643,33,1
16644,16,2
16645,2,2
16646,13,3
16647,32,3
16647,37,2
16648,12,2
16649,19,3
16649,3,2
16650,37,2
16651,0,1
16651,24,1
16652,26,1
16652,9,3
16653,4,1
16653,12,3
16654,18,1
16654,38,2
16654,5,3
16654,33,1
16655,12,3
16656,12,1
16656,18,2
16656,26,3
16657,10,3
16658,16,1
16659,37,3
16659,36,1
16660,25,1
16660,26,1
16661,1,1
16662,22,3
16662,33,2
16662,36,3
16662,23,2
16663,24,3
16663,2,1
16664,37,2
16665,35,3
16666,5,2
16667,4,2
16667,37,3
16668,27,3
16668,18,2
16669,1,3
16669,12,1
16669,38,3
16669,21,3
16670,23,2
16670,31,3
16671,31,1
16672,12,3
16673,16,1
16673,38,3
16673,0,1
16674,23,3
16674,16,2
16674,3,2
16675,13,3
16675,30,3
16675,0,1
16675,38,2
16676,1,3
16676,27,2
16676,6,2
16677,15,3
16677,29,3
16678,9,1
16678,19,2
16678,28,1
16678,31,1
16679,17,1
16679,23,3
16680,16,3
16681,31,1
16681,15,3
16682,10,2
16683,37,1
16683,22,1
16683,38,1
16684,25,2
16684,36,2
16685,19,2
16685,35,2
16685,10,1
16685,22,2
16686,30,1
16686,32,3
16686,25,3
16687,10,1
16687,11,2
16688,11,2
16688,18,2
16689,0,3
16689,26,2
16689,32,1
16690,19,2
16690,13,1
16690,20,2
16691,38,3
16691,0,1
16692,36,2
16692,14,1
16692,32,2
16692,1,2
16693,0,1
16694,23,1
16694,24,1
16694,5,1
16694,27,2
16695,6,2
16695,16,2
16695,34,1
16695,0,3
16696,13,1
16697,8,1
16697,23,2
16697,37,3
16697,21,3
16698,29,3
16698,28,1
16698,12,2
16698,11,2
16699,19,2
16700,13,2
16700,4,2
16701,5,2
16702,2,3
16702,16,3
16702,15,2
16702,31,1
16703,32,2
16704,22,1
16705,0,1
16706,24,1
16706,33,1
16707,28,3
16707,5,3
16708,6,2
16708,1,1
16709,29,2
16709,1,2
16709,8,2
16709,27,1
16710,28,1
16710,38,2
16711,15,2
16711,18,2
16711,8,3
16711,32,2
16712,20,1
16712,37,1
16712,27,1
16712,38,3
16713,27,2
16713,6,1
16714,36,1
16714,13,3
16715,8,2
16715,28,1
16716,2,2
16716,7,2
16717,38,3
16718,19,3
16718,4,2
16718,5,3
16718,27,3
16719,0,2
16719,14,2
16719,12,3
16720,33,2
16721,4,1
16721,3,3
16722,23,3
16722,18,1
16723,24,3
16723,28,1
16723,9,3
16723,2,1
16724,11,1
16724,37,3
16724,28,2
16724,9,2
16725,7,3
16726,10,1
16726,18,2
16727,7,1
16727,1,3
16728,10,2
16728,3,2
16728,8,1
16729,11,3
16729,24,1
16729,16,2
16730,15,1
16730,2,1
16730,23,2
16730,17,2
16731,7,2
16732,38,1
16732,23,1
16732,35,1
16732,0,2
16733,4,2
16733,6,1
16733,30,3
16734,7,3
16734,13,3
16734,20,1
16735,25,1
16735,21,2
16735,3,3
16735,9,3
16736,15,3
16736,21,1
16736,8,1
16736,33,2
16737,36,2
16737,24,2
16738,18,1
16738,10,3
16738,2,3
16738,5,1
16739,3,3
16739,24,3
16739,2,1
16740,0,1
16740,16,2
16741,8,3
16741,19,2
16741,2,3
16741,16,1
16742,28,3
16742,33,3
16742,10,2
16743,38,3
16744,35,1
16744,31,1
16745,36,2
16745,5,3
16745,32,3
16746,14,1
16746,25,1
16746,17,2
16747,37,3
16747,11,1
16747,4,2
16747,38,3
16748,1,1
16748,11,1
16749,25,3
16750,16,3
16750,14,1
16751,2,2
16751,24,3
16751,20,2
16752,2,2
16752,28,1
16752,29,3
16753,0,2
16753,5,1
16753,28,3
16753,11,2
16754,23,1
16754,18,3
16754,37,1
16755,25,1
16755,22,1
16756,7,2
16757,35,2
16757,29,2
16758,3,1
16758,20,1
16758,37,1
16758,1,3
16759,33,2
16759,32,2
16759,35,1
16759,19,2
16760,17,2
16760,26,2
16760,1,1
16761,26,1
16762,26,3
16762,7,3
16762,3,2
16763,9,1
16763,27,3
16763,11,1
16763,14,1
16764,37,2
16764,19,2
16764,3,3
16764,20,1
16765,12,1
16765,13,3
16765,14,2
16765,37,3
16766,36,3
16766,16,3
16766,8,2
16766,29,3
16767,24,1
16767,21,1
16767,29,1
16768,16,3
16768,7,3
16768,36,1
16769,5,3
16769,7,1
16769,12,3
16769,11,2
16770,29,1
16770,19,2
16771,7,3
16771,0,2
16771,9,1
16772,17,1
16773,25,1
16773,23,3
16773,21,1
16773,6,3
16774,7,3
16774,26,1
16774,14,1
16774,34,3
16775,23,1
16775,22,2
16775,6,3
16775,32,3
16776,15,1
16776,13,2
16777,37,1
16777,29,2
16778,30,2
16779,7,2
16780,14,3
16780,13,3
16781,13,2
16782,23,2
16783,24,3
16783,4,3
16783,1,3
16784,22,1
16784,30,2
16785,35,3
16785,20,1
16785,4,1
16786,38,1
16786,13,1
16787,4,2
16787,24,2
16788,28,2
16788,16,2
16788,7,3
16788,30,3
16789,22,1
16789,34,3
16790,2,2
16791,32,2
16791,19,3
16792,23,2
16792,36,1
16793,31,1
16793,36,3
16793,10,3
16794,22,3
16795,1,2
16795,20,3
16796,30,3
16796,0,3
16796,31,3
16796,29,2
16797,24,3
16798,28,3
16799,17,3
16800,12,3
16800,10,3
16800,28,1
16800,36,2
16801,34,3
16801,6,3
16801,21,1
16802,10,2
16802,21,2
16803,29,3
16804,16,2
16804,10,1
16804,28,1
16805,2,3
16805,7,1
16806,5,2
16807,9,3
16807,24,2
16808,10,1
16809,5,3
16809,34,1
16809,37,3
16810,16,2
16810,38,1
16811,36,2
16811,8,1
16811,30,3
16812,25,1
16812,20,3
16812,30,3
16812,16,2
16813,1,1
16813,28,2
16814,9,2
16814,22,3
16815,3,3
16816,3,2
16817,13,1
16818,20,2
16818,9,2
16819,22,3
16819,3,1
16820,2,1
16820,38,3
16820,21,1
16820,29,2
16821,25,2
16821,4,3
16822,5,2
16822,6,1
16822,1,1
16823,7,1
16823,36,2
16824,10,3
16824,3,2
16824,13,3
16824,1,1
16825,32,2
16825,37,1
16825,16,2
16826,28,2
16826,17,3
16826,22,3
16826,36,1
16827,5,1
16827,24,3
16827,15,1
16827,17,2
16828,23,2
16828,19,2
16828,22,3
16828,10,3
16829,16,1
16830,10,1
16830,3,2
16830,31,1
16831,19,2
16832,27,2
16832,10,2
16833,14,1
16833,6,3
16833,23,3
16833,15,2
16834,31,1
16834,22,1
16835,37,2
16835,16,3
16835,2,3
16836,35,1
16837,15,2
16838,36,1
16839,2,1
16839,14,3
16839,34,1
16839,22,1
16840,25,3
16841,0,2
16842,0,2
16842,24,2
16842,34,2
16843,5,2
16843,33,2
16843,11,2
16843,28,3
16844,0,3
16845,18,2
16845,31,1
16845,7,2
16846,5,2
16846,33,2
16846,30,3
16846,16,2
16847,0,1
16847,20,2
16847,13,3
16847,33,3
16848,9,3
16848,6,1
16848,18,1
16848,19,3
16849,14,1
16849,7,2
16849,0,1
16850,28,2
16850,4,2
16851,37,3
16851,2,2
16852,13,3
16852,16,2
16852,3,1
16853,31,3
16854,29,1
16855,36,3
16855,22,2
16855,4,3
16855,21,3
16856,27,1
16857,23,1
16858,25,1
16858,18,2
16858,34,2
16859,17,3
16860,6,3
16860,12,3
16860,34,1
16861,4,2
16861,22,2
16861,36,1
16862,33,1
16862,16,1
16862,17,3
16862,6,3
16863,3,3
16863,17,1
16863,2,3
16864,30,1
16864,14,1
16864,18,1
16864,1,2
16865,33,3
16865,25,3
16866,17,2
16866,19,2
16866,32,1
16867,5,2
16867,4,3
16868,5,2
16868,18,2
16868,6,1
16869,22,2
16870,30,1
16870,3,1
16870,16,2
16870,22,1
16871,27,3
16871,18,3
16871,37,2
16872,26,3
16872,38,3
16873,27,1
16873,21,2
16873,17,3
16873,38,2
16874,0,2
16874,12,3
16875,4,2
16876,35,1
16876,28,1
16877,34,1
16877,22,3
16878,17,1
16878,3,1
16878,20,2
16879,25,2
16880,26,2
16880,35,2
16880,14,3
16880,32,1
16881,9,3
16882,16,3
16883,26,3
16883,12,1
16883,17,1
16884,31,2
16885,37,3
16885,35,3
16885,18,3
16885,28,1
16886,27,1
16886,14,1
16886,30,2
16886,32,2
16887,21,2
16887,32,2
16887,24,1
16887,27,3
16888,38,1
16888,37,3
16888,12,1
16889,18,3
16889,31,1
16889,21,2
16890,25,1
16890,21,3
16890,16,3
16891,38,1
16891,8,2
16892,23,3
16893,10,1
16893,11,1
16894,14,3
16894,12,3
16895,17,3
16895,23,2
16895,19,3
16895,27,3
16896,29,3
16896,32,3
16896,15,2
16896,21,1
16897,28,1
16897,23,2
16897,30,2
16897,16,2
16898,16,3
16899,14,1
16899,25,2
16899,9,2
16900,24,1
16900,18,3
16900,6,3
16901,20,3
16901,27,3
16902,25,3
16902,29,1
16903,2,2
16903,21,2
16904,16,3
16905,14,1
16905,9,2
16906,0,1
16906,10,1
16906,8,1
16907,35,1
16908,17,1
16908,11,3
16908,23,1
16909,14,3
16909,17,2
16909,31,1
16909,7,2
16910,1,2
16910,36,1
16910,33,2
16910,3,2
16911,29,1
16911,35,2
16912,34,1
16913,15,3
16914,32,1
16915,8,1
16915,18,1
16915,10,1
16916,28,3
16916,32,2
16916,35,3
16917,10,3
16917,12,3
16917,14,1
16917,34,3
16918,17,1
16919,20,3
16919,28,2
16920,18,2
16920,30,1
16920,3,3
16921,5,1
16921,1,3
16922,17,3
16922,12,3
16923,34,1
16923,31,2
16923,18,3
16924,6,2
16924,3,2
16924,28,2
16925,12,1
16925,38,1
16925,36,2
16926,16,2
16926,2,2
16926,23,2
16926,15,2
16927,6,2
16927,22,3
16927,16,1
16928,35,3
16928,0,2
16928,24,2
16929,35,1
16930,32,1
16930,4,2
16930,26,3
16931,27,1
16931,33,1
16932,26,1
16932,8,2
16932,13,1
16932,31,3
16933,14,3
16934,11,3
16934,6,2
16935,1,1
16935,32,2
16936,21,3
16936,0,2
16937,37,1
16938,1,2
16938,35,2
16938,15,1
16938,37,3
16939,16,1
16939,37,2
16939,2,3
16939,5,2
16940,4,1
16941,35,3
16941,0,1
16942,37,1
16943,32,2
16943,8,2
16943,7,3
16943,14,1
16944,4,2
16944,21,3
16944,6,2
16945,21,1
16946,21,1
16946,23,2
16946,32,1
16947,5,1
16948,37,2
16949,19,2
16950,37,2
16950,6,3
16950,36,2
16950,2,3
16951,6,1
16952,33,2
16953,38,3
16954,20,1
16954,26,2
16954,4,3
16954,16,2
16955,22,3
16956,34,3
16957,23,2
16957,32,2
16958,31,3
16959,14,1
16959,25,2
16959,6,3
16959,26,2
16960,30,2
16960,28,3
16960,37,2
16961,14,1
16962,17,2
16962,21,1
16962,24,3
16963,30,3
16963,2,1
16963,29,3
16964,1,2
16964,18,2
16964,2,3
16965,17,2
16965,25,3
16965,11,1
16965,5,1
16966,25,1
16967,10,3
16968,19,3
16968,26,2
16969,29,3
16969,7,1
16969,28,2
16970,23,1
16970,29,1
16971,15,1
16972,6,1
16972,3,1
16973,25,3
16973,11,2
16973,24,3
16973,17,2
16974,23,3
16975,5,1
16975,11,2
16975,13,1
16975,38,2
16976,13,1
16977,34,3
16977,8,2
16978,30,2
16978,21,3
16978,28,3
16978,31,1
16979,8,1
16979,21,3
16979,1,2
16980,32,1
16980,9,2
16980,7,1
16981,21,2
16981,12,2
16982,14,3
16982,20,2
16983,0,2
16984,38,3
16984,35,1
16984,27,2
16984,11,1
16985,38,1
16985,23,3
16985,21,3
16986,25,2
16986,16,1
16987,31,2
16987,25,1
16987,21,2
16987,32,1
16988,28,2
16989,23,1
16989,9,1
16989,10,3
16990,14,3
16990,33,3
16990,4,2
16990,2,2
16991,25,2
16992,23,2
16993,18,1
16993,28,2
16994,18,1
16995,14,3
16995,3,2
16995,32,1
16995,30,3
16996,36,2
16996,14,2
16996,31,2
16997,37,3
16997,36,3
16997,11,1
16998,36,3
16998,21,3
16998,1,1
16998,32,3
16999,22,2
16999,30,1
16999,6,1
16999,16,3
17000,20,3
17000,23,3
17000,28,1
17001,20,3
17001,21,3
17001,26,1
17001,18,3
17002,11,2
17002,32,1
17002,1,3
17002,4,3
17003,11,2
17003,24,1
17003,1,2
17004,16,2
17004,12,3
17004,2,3
17004,25,2
17005,36,2
17005,1,1
17005,34,2
17005,26,1
17006,30,2
17006,6,2
17007,23,2
17008,34,1
17009,32,3
17009,24,2
17009,36,3
17010,3,1
17010,5,2
17010,2,3
17011,7,1
17011,14,1
17012,10,1
17012,27,1
17012,0,2
17012,12,3
17013,16,2
17013,36,3
17013,38,3
17014,7,3
17014,34,3
17014,24,3
17015,18,3
17015,20,2
17016,35,1
17017,30,1
17018,28,3
17019,15,3
17019,7,2
17019,28,2
17020,2,3
17020,27,1
17020,5,3
17021,2,2
17021,23,3
17022,23,1
17023,23,2
17024,20,1
17024,18,2
17024,6,3
17024,29,1
17025,38,1
17025,32,2
17025,15,2
17026,22,1
17026,23,2
17026,37,1
17027,33,1
17027,16,2
17027,2,2
17028,3,2
17029,4,3
17029,34,2
17029,0,3
17029,32,2
17030,23,3
17030,20,1
17030,18,1
17031,28,1
17031,10,1
17032,37,2
17033,3,2
17034,31,1
17034,26,1
17035,26,2
17035,8,1
17036,0,2
17036,34,3
17037,38,2
17038,0,3
17038,34,1
17038,36,2
17038,14,3
17039,14,1
17039,10,2
17040,12,2
17040,8,1
17041,13,2
17041,24,1
17041,29,3
17041,31,3
17042,33,1
17042,10,2
17042,4,3
17042,6,3
17043,18,2
17043,24,2
17043,11,1
17044,17,2
17044,15,3
17044,0,1
17045,34,2
17045,15,3
17046,14,1
17047,11,1
17047,30,1
17047,8,2
17048,14,3
17048,23,3
17048,37,1
17048,10,2
17049,33,1
17049,35,1
17049,20,3
17049,6,3
17050,31,2
17050,16,1
17050,4,1
17050,18,3
17051,1,2
17051,32,1
17051,8,2
17051,24,1
17052,13,3
17053,30,2
17053,9,2
17053,25,3
17054,37,1
17054,0,2
17054,33,3
17055,28,2
17055,16,3
17055,31,2
17056,22,2
17056,16,3
17056,4,2
17056,10,1
17057,35,1
17057,4,3
17058,37,1
17058,12,2
17058,35,1
17059,2,3
17059,9,3
17060,6,3
17060,21,1
17061,0,2
17061,31,1
17061,4,1
17062,16,1
17062,2,1
17062,15,1
17062,20,2
17063,27,1
17063,37,3
17063,23,1
17063,16,1
17064,19,2
17064,3,2
17064,29,3
17065,30,3
17066,0,2
17066,17,3
17067,25,2
17067,24,2
17067,6,1
17068,18,1
17068,38,3
17069,28,1
17069,25,1
17069,22,1
17069,38,2
17070,16,2
17070,34,3
17070,15,3
17070,17,2
17071,19,2
17071,17,2
17071,36,1
17072,0,1
17073,24,1
17073,4,1
17073,2,1
17074,24,2
17074,2,2
17075,24,3
17076,26,3
17077,18,2
17078,4,2
17079,16,1
17080,23,1
17080,22,1
17081,27,1
17081,25,3
17081,12,3
17081,23,3
17082,33,2
17082,3,1
17082,25,3
17083,29,3
17084,24,2
17085,19,2
17085,37,3
17085,15,3
17086,30,1
17086,8,1
17086,13,3
17086,31,2
17087,26,3
17087,31,2
17088,5,2
17089,24,3
17089,29,1
17090,7,3
17090,3,2
17091,32,2
17092,21,2
17092,9,3
17092,30,1
17093,9,2
17094,22,2
17094,30,2
17094,31,2
17094,13,1
17095,18,3
17095,6,2
17096,4,3
17096,13,3
17096,17,1
17097,10,3
17097,1,1
17098,7,3
17098,3,2
17098,13,2
17098,4,2
17099,8,1
17099,37,2
17100,30,3
17100,33,3
17100,20,3
17101,19,2
17102,29,1
17102,34,3
17103,13,3
17104,18,1
17104,13,2
17104,19,3
17105,31,2
17106,2,1
17107,21,1
17108,16,1
17108,32,2
17108,23,2
17108,13,2
17109,10,1
17109,7,2
17109,3,3
17110,28,1
17110,16,2
17110,3,3
17110,7,1
17111,1,3
17111,15,2
17112,20,3
17113,27,3
17113,9,1
17113,36,3
17113,19,2
17114,11,3
17114,8,3
17114,23,3
17115,10,3
17115,32,1
17115,18,1
17116,38,2
17117,22,2
17117,14,3
17118,38,3
17118,33,3
17118,20,3
17119,17,2
17120,33,1
17120,3,1
17120,19,1
17120,36,1
17121,5,2
17121,17,1
17121,1,3
17122,29,2
17122,34,1
17123,18,3
17123,22,2
17124,16,2
17124,31,2
17124,7,3
17124,3,1
17125,7,2
17125,26,2
17125,20,1
17125,15,3
17126,20,2
17126,17,3
17127,18,1
17127,24,3
17127,28,2
17128,28,2
17129,37,2
17130,3,2
17130,12,2
17130,27,3
17131,18,1
17131,29,1
17131,21,1
17131,28,2
17132,34,1
17132,1,2
17133,19,1
17133,34,3
17133,9,1
17134,22,1
17134,3,2
17134,13,1
17134,7,3
17135,32,2
17135,2,2
17136,35,3
17136,5,3
17136,8,1
17137,16,1
17138,8,3
17138,13,3
17138,30,1
17138,17,3
17139,37,1
17139,14,3
17140,16,1
17140,36,1
17140,1,1
17141,31,3
17141,38,1
17142,14,3
17142,9,2
17142,33,3
17142,24,2
17143,7,3
17144,20,2
17144,34,3
17144,32,3
17144,33,3
17145,10,3
17145,9,2
17145,6,3
17145,22,3
17146,21,1
17146,12,2
17147,38,1
17148,32,1
17148,33,1
17148,22,3
17149,29,2
17149,18,1
17149,31,3
17150,15,3
17150,16,2
17150,5,3
17150,9,1
17151,10,3
17151,16,1
17151,3,3
17152,21,3
17152,17,1
17153,37,2
17154,14,1
17155,14,3
17155,20,2
17156,31,3
17156,28,1
17157,15,1
17157,6,3
17158,8,2
17159,5,3
17159,32,3
17159,10,3
17159,2,3
17160,18,1
17160,26,3
17160,25,1
17160,24,2
17161,11,1
17161,33,3
17162,17,3
17162,7,1
17162,25,1
17163,11,2
17164,23,2
17165,2,3
17165,24,2
17165,1,3
17166,35,2
17167,11,2
17168,13,2
17168,32,2
17168,6,2
17168,28,3
17169,11,3
17169,0,2
17169,21,2
17169,25,1
17170,28,2
17170,5,2
17170,21,3
17170,24,3
17171,0,2
17171,17,3
17171,27,1
17171,29,3
17172,33,1
17172,28,1
17172,9,3
17173,17,3
17173,34,2
17173,7,1
17173,35,3
17174,35,2
17174,21,2
17174,31,3
17174,37,1
17175,24,3
17175,28,2
17175,1,1
17175,29,3
17176,33,1
17176,28,1
17176,34,2
17177,6,1
17177,9,1
17177,19,1
17178,22,3
17178,18,3
17178,12,3
17179,21,1
17179,3,1
17180,27,3
17180,11,2
17180,17,1
17180,6,1
17181,2,1
17181,22,1
17181,19,3
17182,33,2
17183,38,1
17183,8,2
17183,10,3
17184,35,3
17184,19,1
17184,32,3
17185,19,3
17186,4,1
17186,19,3
17186,21,3
17186,33,1
17187,0,2
17188,34,2
17189,16,2
17189,24,3
17190,8,3
17190,19,2
17190,11,2
17190,22,3
17191,13,1
17191,34,3
17191,15,2
17192,30,2
17192,28,3
17192,21,3
17192,8,1
17193,1,3
17193,7,2
17193,33,3
17194,13,1
17195,38,3
17195,19,1
17196,28,3
17197,7,3
17198,26,2
17198,1,2
17198,14,2
17199,21,3
17199,25,2
17200,31,1
17200,17,1
17200,38,2
17200,1,3
17201,27,2
17201,21,3
17201,3,1
17202,16,3
17202,33,3
17202,12,1
17203,5,2
17204,21,1
17204,13,1
17204,36,2
17205,4,3
17205,10,1
17205,1,1
17205,30,3
17206,10,1
17206,29,2
17206,23,2
17206,19,1
17207,27,3
17207,5,1
17207,10,2
17207,26,1
17208,32,2
17209,19,2
17209,2,3
17209,10,2
17209,24,1
17210,36,3
17210,22,2
17211,12,1
17211,37,2
17212,35,3
17212,21,3
17212,3,1
17212,1,2
17213,20,2
17213,13,1
17213,6,1
17213,1,2
17214,6,2
17214,31,1
17214,32,1
17215,8,1
17215,35,1
17216,35,3
17217,36,1
17217,0,2
17218,10,2
17218,19,2
17218,18,1
17219,37,1
17220,37,1
17220,16,2
17220,1,1
17220,9,2
17221,29,1
17222,30,1
17222,38,1
17222,6,2
17223,38,1
17224,21,3
17224,10,1
17225,23,1
17225,12,2
17225,31,1
17225,28,2
17226,34,1
17227,4,1
17228,27,1
17229,19,1
17229,14,1
17229,38,1
17230,18,2
17230,17,1
17230,27,3
17231,32,3
17231,25,1
17232,25,3
17232,37,1
17233,3,1
17233,13,1
17234,23,1
17235,24,3
17235,1,1
17235,38,1
17236,12,2
17237,25,2
17237,26,2
17237,30,3
17238,19,2
17238,4,2
17238,25,2
17238,9,2
17239,3,2
17239,9,3
17239,26,2
17239,20,3
17240,38,1
17241,31,3
17241,37,2
17241,16,1
17241,34,3
17242,25,1
17243,0,3
17243,34,3
17244,28,1
17244,38,1
17245,5,1
17245,8,1
17245,23,1
17245,0,3
17246,0,1
17246,35,1
17246,16,2
17247,27,1
17247,6,2
17247,34,1
17248,22,1
17248,11,3
17249,23,2
17249,22,2
17250,21,2
17251,23,3
17251,18,1
17252,20,1
17252,8,1
17252,28,2
17252,3,2
17253,10,3
17253,21,3
17253,16,1
17253,33,3
17254,20,2
17254,18,2
17254,12,2
17254,14,1
17255,6,1
17255,34,3
17255,3,2
17256,5,2
17257,1,3
17257,38,3
17257,13,1
17257,6,1
17258,0,3
17259,12,3
17259,27,1
17260,20,2
17260,30,3
17260,35,1
17261,19,1
17261,21,3
17262,7,1
17262,35,3
17262,34,1
17263,0,2
17263,2,3
17263,18,1
17263,21,3
17264,30,1
17264,14,2
17265,24,3
17265,3,2
17265,31,3
17265,1,3
17266,7,1
17267,3,1
17267,17,1
17267,15,3
17268,31,2
17269,8,1
17269,25,3
17269,33,2
17269,34,3
17270,2,2
17271,8,1
17271,6,1
17272,19,1
17273,28,2
17273,8,1
17273,12,1
17273,30,1
17274,19,2
17274,9,1
17275,4,2
17275,20,3
17275,8,3
17275,36,3
17276,17,1
17276,28,2
17277,1,2
17277,20,2
17277,14,3
17277,11,2
17278,9,3
17278,6,2
17278,21,3
17279,10,1
17279,27,3
17279,37,2
17280,22,2
17280,18,2
17280,38,2
17281,20,1
17281,28,2
17282,24,2
17283,18,3
17283,23,1
17283,29,1
17284,2,2
17284,13,3
17284,10,2
17284,33,1
17285,10,2
17285,23,3
17285,18,2
17286,13,2
17286,32,1
17286,21,3
17286,9,1
17287,33,1
17287,28,1
17287,34,2
17287,7,2
17288,21,1
17288,24,2
17289,16,3
17289,26,1
17289,2,1
17290,10,1
17290,3,1
17291,30,1
17291,25,2
17291,31,1
17292,29,3
17292,28,3
17293,7,2
17293,2,1
17294,33,2
17294,19,1
17295,34,3
17296,13,2
17297,9,1
17297,31,3
17297,17,2
17297,38,3
17298,38,3
17298,15,3
17298,0,3
17299,38,2
17299,6,2
17300,0,3
17300,3,3
17300,26,3
17301,9,1
17301,3,2
17302,5,1
17302,15,2
17303,5,1
17303,26,2
17304,37,1
17304,12,1
17304,29,1
17304,9,2
17305,38,3
17306,16,3
17306,7,3
17307,18,1
17308,16,3
17309,15,3
17310,20,2
17310,6,2
17311,20,2
17311,15,1
17311,1,3
17312,0,1
17313,7,1
17313,35,1
17313,26,2
17313,36,2
17314,29,3
17314,28,1
17314,20,3
17315,7,3
17315,12,3
17316,1,3
17316,17,1
17316,13,1
17316,24,1
17317,8,1
17318,22,1
17318,1,1
17319,3,1
17319,30,1
17319,1,2
17319,32,1
17320,19,1
17320,11,2
17321,37,1
17321,15,3
17321,25,3
17321,31,1
17322,20,1
17322,0,2
17322,14,3
17323,22,1
17323,17,3
17324,28,1
17324,2,3
17325,17,2
17326,9,3
17326,29,1
17327,27,3
17327,7,1
17327,30,3
17327,25,3
17328,13,3
17328,21,3
17329,29,1
17329,19,2
17329,13,3
17329,38,3
17330,22,2
17330,4,2
17331,12,2
17331,28,3
17331,21,2
17332,20,3
17332,30,3
17332,4,1
17333,8,3
17333,6,2
17333,32,3
17334,27,3
17334,35,2
17334,21,2
17334,12,1
17335,17,3
17335,38,2
17335,30,2
17336,32,3
17336,16,3
17337,26,3
17338,0,2
17338,5,2
17339,25,3
17339,5,2
17339,3,2
17339,37,2
17340,37,1
17341,28,3
17342,38,3
17342,24,3
17342,28,1
17342,29,2
17343,28,3
17343,25,1
17343,4,2
17343,2,2
17344,11,2
17344,19,1
17344,37,3
17345,28,2
17345,11,3
17346,18,1
17346,32,1
17347,15,3
17347,8,3
17348,6,2
17348,36,1
17348,5,3
17349,21,2
17350,38,2
17350,21,1
17351,32,3
17352,23,1
17353,11,1
17353,34,1
17353,32,3
17354,0,1
17355,19,1
17355,37,1
17356,14,3
17357,23,2
17357,15,3
17358,20,1
17358,22,1
17358,26,3
17358,29,3
17359,19,2
17359,25,2
17360,10,3
17360,35,3
17361,11,1
17361,14,2
17362,32,1
17362,27,1
17362,21,2
17363,9,2
17364,3,3
17364,14,1
17364,22,2
17365,37,1
17365,14,3
17365,27,2
17365,11,3
17366,2,1
17366,10,3
17366,30,3
17366,31,2
17367,1,2
17367,3,2
17368,4,3
17368,16,3
17368,35,1
17369,1,3
17370,5,1
17370,21,1
17370,14,3
17370,32,2
17371,17,3
17371,15,1
17372,7,2
17372,37,1
17372,38,1
17373,34,2
17374,33,3
17374,28,3
17375,4,2
17375,24,3
17375,9,1
17375,22,3
17376,2,3
17376,13,3
17376,17,2
17376,34,3
17377,18,1
17378,13,1
17378,1,3
17378,27,3
17379,25,3
17379,33,1
17379,8,1
17380,3,2
17380,28,2
17381,38,2
17382,13,1
17383,10,3
17383,17,2
17383,27,3
17383,29,3
17384,26,3
17384,0,3
17384,20,1
17385,3,2
17386,34,3
17386,38,1
17386,22,2
17387,20,3
17388,27,2
17388,28,3
17389,36,3
17389,10,3
17390,1,2
17390,31,1
17390,15,2
17391,20,2
17391,24,1
17391,10,1
17391,29,3
17392,3,3
17392,21,3
17392,23,2
17393,26,1
17393,2,3
17393,31,3
17393,7,1
17394,5,2
17394,13,2
17394,28,2
17395,16,1
17395,4,2
17395,29,1
17396,9,1
17396,32,1
17396,26,1
17396,20,2
17397,34,2
17397,20,3
17398,1,2
17398,28,1
17398,30,3
17399,26,1
17399,12,1
17399,3,3
17400,12,2
17400,14,3
17401,13,3
17401,21,3
17402,10,3
17402,31,1
17402,29,2
17402,34,2
17403,2,1
17403,22,2
17404,28,1
17405,4,1
17405,21,2
17405,9,1
17406,16,2
17407,35,3
17408,24,3
17408,5,2
17408,3,1
17408,32,2
17409,32,1
17409,20,1
17409,0,2
17410,11,3
17410,4,2
17411,27,3
17411,21,2
17411,35,1
17412,35,3
17412,29,3
17412,18,2
17412,13,3
17413,0,2
17414,32,3
17414,8,3
17414,5,3
17415,35,3
17416,33,3
17416,0,3
17416,25,3
17416,17,3
17417,4,3
17417,32,2
17418,31,2
17419,18,3
17420,30,2
17420,34,1
17421,9,2
17422,6,3
17422,32,1
17422,38,2
17422,35,3
17423,0,2
17423,27,3
17423,29,1
17423,10,1
17424,7,1
17424,15,2
17424,12,1
17424,29,3
17425,6,1
17426,15,1
17426,28,1
17426,10,3
17427,36,1
17428,35,2
17428,19,1
17428,9,1
17428,18,1
17429,16,2
17429,36,1
17430,9,2
17430,35,3
17430,25,1
17430,28,2
17431,2,3
17431,0,2
17431,17,3
17431,1,1
17432,1,3
17432,28,1
17432,0,2
17432,4,2
17433,25,1
17434,27,2
17434,28,1
17434,34,2
17435,31,2
17435,22,1
17435,18,2
17435,37,3
17436,10,1
17436,7,2
17436,13,2
17436,14,1
17437,31,2
17437,3,2
17437,17,1
17438,21,3
17438,14,3
17439,17,2
17440,32,3
17441,3,2
17442,6,2
17443,5,1
17444,16,1
17444,31,2
17445,10,1
17445,36,2
17445,19,1
17446,19,3
17447,2,3
17447,32,2
17447,6,3
17447,9,1
17448,0,1
17448,15,1
17449,29,1
17450,21,1
17450,28,3
17450,23,3
17451,12,3
17452,12,1
17452,14,2
17453,23,3
17453,35,3
17453,1,1
17454,31,1
17454,28,2
17454,16,3
17455,14,3
17455,30,1
17455,8,1
17455,10,2
17456,33,1
17456,15,3
17457,15,2
17458,29,1
17458,35,3
17458,31,2
17459,9,2
17459,6,2
17460,19,3
17460,17,3
17461,22,3
17461,3,1
17462,25,1
17463,32,3
17463,33,3
17463,30,2
17463,35,3
17464,16,1
17464,29,3
17465,9,1
17465,36,1
17466,14,3
17467,19,2
17467,30,1
17468,21,2
17468,8,2
17468,16,1
17468,13,2
17469,16,1
17469,15,2
17469,21,1
17469,29,3
17470,29,3
17470,25,3
17470,30,1
17470,3,2
17471,20,1
17471,14,1
17471,12,2
17472,29,3
17472,10,3
17472,21,1
17472,20,2
17473,9,1
17473,35,1
17474,19,2
17475,3,3
17475,5,2
17475,12,3
17475,24,3
17476,0,3
17476,8,2
17477,19,2
17477,24,3
17477,3,2
17478,13,3
17478,34,1
17478,23,3
17478,1,3
17479,37,2
17480,5,1
17480,2,3
17480,14,3
17480,16,3
17481,4,1
17481,12,3
17482,36,2
17482,5,1
17483,17,2
17483,34,2
17483,19,3
17484,13,2
17485,7,3
17485,32,3
17485,0,1
17486,37,1
17486,6,3
17487,25,1
17488,8,1
17489,11,1
17490,2,1
17491,4,2
17491,18,1
17491,2,2
17492,26,2
17492,24,3
17492,11,1
17493,38,3
17493,4,2
17494,6,2
17495,7,2
17495,36,2
17495,23,3
17496,2,1
17497,11,1
17497,23,3
17498,17,2
17498,28,2
17498,9,1
17498,29,3
17499,12,3
17499,34,1
17499,6,3
17500,11,2
17501,15,2
17501,22,3
17502,30,2
17502,3,3
17502,38,1
17503,25,2
17504,29,2
17505,36,2
17505,17,3
17505,34,2
17506,24,3
17506,3,1
17506,14,2
17507,23,3
17507,1,1
17508,4,3
17509,11,2
17509,4,1
17510,25,2
17511,33,3
17511,26,2
17511,36,3
17512,29,3
17512,9,1
17513,33,2
17513,6,3
17514,8,1
17514,6,3
17515,25,1
17516,9,1
17516,29,3
17516,21,2
17516,32,3
17517,37,3
17518,12,3
17518,7,3
17518,31,1
17518,14,2
17519,33,2
17519,10,1
17520,28,3
17520,2,2
17521,12,1
17521,4,3
17521,17,1
17522,29,2
17522,10,2
17523,27,2
17523,31,2
17523,24,1
17523,15,1
17524,14,2
17524,20,2
17525,30,2
17525,5,1
17525,3,3
17526,12,2
17526,10,3
17526,11,1
17527,17,2
17527,13,2
17527,25,2
17527,6,1
17528,9,1
17529,8,3
17529,12,3
17529,17,2
17530,5,3
17530,29,1
17530,0,2
17530,34,1
17531,0,2
17532,1,1
17532,17,1
17533,24,1
17534,23,1
17535,11,1
17535,23,1
17536,7,3
17536,22,2
17537,5,3
17538,16,3
17538,13,3
17538,21,3
17538,35,2
17539,3,2
17539,12,3
17540,37,1
17540,12,2
17540,36,3
17540,23,2
17541,33,1
17541,31,1
17542,2,1
17543,38,2
17543,10,1
17543,37,3
17543,4,3
17544,26,3
17544,33,3
17545,14,3
17545,5,2
17545,0,3
17545,38,2
17546,32,3
17546,10,3
17547,8,2
17547,24,1
17547,14,2
17547,29,1
17548,3,2
17548,29,1
17548,33,1
17548,0,1
17549,25,3
17549,35,1
17550,20,1
17550,22,3
17550,19,1
17551,19,2
17551,5,3
17552,37,3
17552,31,3
17552,0,1
17553,12,2
17553,23,2
17553,18,3
17554,10,1
17554,29,3
17554,18,2
17554,21,3
17555,18,1
17555,10,3
17555,6,2
17556,11,3
17557,24,3
17557,20,2
17557,7,1
17558,21,3
17558,15,1
17558,20,1
17558,36,2
17559,36,1
17560,27,1
17560,34,2
17560,25,3
17560,18,2
17561,6,1
17562,10,3
17563,16,2
17563,2,2
17563,30,3
17564,35,3
17564,33,2
17565,4,2
17565,31,3
17565,18,2
17565,19,3
17566,19,1
17567,31,3
17567,10,3
17567,3,1
17568,17,2
17568,22,3
17568,21,3
17568,19,1
17569,1,1
17569,19,2
17569,11,1
17569,17,2
17570,35,3
17570,33,3
17571,33,3
17572,29,1
17572,23,3
17572,6,2
17573,20,1
17573,27,1
17574,3,3
17574,5,2
17574,9,2
17574,16,2
17575,23,1
17576,27,3
17576,31,1
17576,18,2
17577,31,3
17577,33,1
17577,38,2
17578,30,3
17578,20,1
17579,28,2
17579,31,1
17579,25,1
17579,9,1
17580,9,2
17580,28,3
17581,8,3
17581,17,3
17582,21,2
17582,20,3
17583,23,3
17584,33,1
17585,33,3
17585,28,2
17586,2,1
17586,23,3
17587,35,1
17588,20,3
17588,34,3
17589,36,2
17590,0,1
17590,24,1
17590,29,1
17591,22,2
17591,24,2
17591,3,3
17592,6,2
17592,22,3
17593,19,3
17593,31,3
17594,22,2
17594,31,2
17594,19,2
17594,33,3
17595,21,1
17595,3,2
17596,24,3
17596,2,1
17596,18,1
17597,8,2
17597,32,2
17598,35,1
17598,0,3
17599,8,2
17599,5,3
17600,26,1
17601,37,2
17602,22,1
17602,2,2
17603,35,3
17603,5,1
17603,19,2
17603,17,3
17604,19,1
17604,1,3
17605,27,2
17605,26,2
17605,29,1
17605,30,1
17606,38,2
17606,28,3
17606,3,1
17607,5,3
17608,34,3
17609,19,1
17610,27,2
17611,4,3
17612,29,2
17612,26,3
17612,13,1
17613,6,1
17613,16,2
17613,36,3
17614,7,3
17614,15,2
17614,32,2
17615,7,3
17615,14,2
17615,17,2
17615,34,1
17616,12,1
17617,23,2
17617,12,2
17618,0,3
17618,3,2
17618,25,1
17618,29,2
17619,29,3
17619,25,2
17619,6,1
17620,28,1
17620,23,2
17621,14,2
17621,11,1
17622,20,3
17623,36,3
17623,6,2
17624,12,2
17625,8,2
17625,28,1
17625,3,1
17625,9,3
17626,8,2
17626,18,1
17626,28,3
17626,7,3
17627,2,3
17627,14,2
17627,25,2
17627,4,3
17628,14,3
17628,38,3
17628,25,1
17628,34,1
17629,17,3
17630,16,1
17630,23,3
17630,20,2
17631,22,3
17631,1,2
17632,18,2
17632,20,1
17633,18,1
17634,28,1
17634,29,2
17634,22,1
17635,25,2
17635,15,3
17635,23,2
17635,5,1
17636,5,2
17637,13,2
17637,3,2
17637,34,1
17638,23,2
17638,3,3
17638,11,2
17638,34,1
17639,12,3
17639,6,2
17639,20,3
17639,38,1
17640,31,3
17640,32,3
17640,16,3
17641,19,2
17642,14,3
17642,0,2
17642,21,3
17643,12,3
17643,8,2
17643,5,3
17643,13,1
17644,22,1
17644,13,1
17644,18,2
17644,3,3
17645,13,2
17645,28,2
17645,21,2
17646,11,2
17646,18,2
17646,27,2
17647,8,2
17647,16,3
17647,9,2
17647,13,2
17648,10,2
17648,14,2
17648,32,2
17649,19,1
17650,29,2
17650,14,2
17650,31,3
17651,16,3
17651,28,1
17652,28,1
17652,7,3
17652,17,3
17653,37,3
17653,34,3
17653,10,2
17653,0,1
17654,14,1
17655,19,1
17655,12,1
17656,0,1
17657,7,1
17657,21,2
17657,29,3
17657,19,1
17658,4,2
17659,33,3
17659,30,2
17659,14,1
17659,38,1
17660,30,1
17660,35,1
17660,22,1
17660,25,2
17661,9,1
17662,33,1
17662,22,1
17662,8,2
17662,26,2
17663,25,2
17663,7,1
17663,8,1
17664,14,1
17664,7,3
17664,37,1
17665,14,3
17665,13,2
17665,12,2
17666,5,3
17667,25,1
17667,10,2
17667,11,2
17668,35,2
17668,12,3
17668,30,2
17668,14,1
17669,21,3
17669,3,1
17669,8,2
17669,9,3
17670,38,1
17670,19,1
17670,27,1
17670,0,1
17671,17,1
17671,8,3
17672,26,3
17672,23,2
17672,8,1
17673,16,1
17673,10,3
17673,26,2
17674,14,3
17674,4,3
17675,33,3
17676,4,3
17677,36,2
17677,4,1
17678,3,2
17678,8,2
17678,27,2
17678,32,3
17679,22,1
17679,17,3
17679,3,1
17680,32,3
17680,2,3
17681,14,1
17681,36,1
17682,38,3
17683,26,2
17683,7,2
17684,30,2
17685,25,1
17685,11,2
17685,24,2
17686,6,2
17686,7,1
17687,7,3
17688,1,2
17689,33,2
17689,2,2
17690,12,1
17690,17,2
17690,24,2
17691,19,2
17691,3,1
17691,4,2
17692,24,3
17693,38,1
17694,10,3
17694,4,2
17695,18,2
17695,25,2
17696,3,1
17697,5,3
17697,34,3
17697,35,2
17697,23,2
17698,36,1
17698,25,3
17698,32,2
17699,10,2
17699,33,3
17700,5,3
17701,26,3
17701,4,2
17702,22,2
17702,5,3
17702,7,2
17703,0,1
17704,34,2
17704,37,3
17705,6,3
17705,9,2
17705,18,2
17705,2,2
17706,19,1
17706,26,3
17706,18,2
17706,6,2
17707,5,3
17707,4,3
17707,36,2
17708,8,3
17709,37,2
17709,22,1
17709,1,1
17710,23,3
17710,25,3
17710,19,3
17710,38,3
17711,9,1
17712,2,1
17712,38,2
17712,25,3
17712,5,3
17713,1,1
17714,2,3
17714,14,1
17715,38,2
17715,19,3
17715,5,2
17716,16,2
17716,27,1
17717,8,3
17718,10,1
17718,27,1
17719,37,3
17719,6,3
17719,7,2
17719,1,2
17720,30,3
17721,35,1
17721,16,3
17721,26,1
17722,12,1
17723,18,1
17724,12,2
17724,6,3
17724,8,3
17725,6,1
17725,20,3
17726,33,3
17726,20,2
17726,14,1
17727,22,3
17728,5,2
17728,27,3
17728,24,2
17729,26,3
17729,20,3
17729,8,1
17730,15,2
17730,20,3
17730,33,2
17731,31,1
17731,5,2
17731,21,3
17731,15,3
17732,10,2
17732,24,1
17732,6,3
17733,18,2
17733,12,3
17733,9,3
17733,24,1
17734,23,3
17734,7,3
17734,26,1
17734,30,2
17735,4,3
17735,36,1
17735,11,2
17735,0,2
17736,18,2
17736,25,3
17736,1,2
17736,4,1
17737,23,3
17737,4,1
17737,25,1
17737,0,2
17738,29,1
17739,30,1
17739,25,1
17739,10,3
17739,5,2
17740,15,1
17740,28,3
17740,12,1
17741,18,2
17741,16,1
17741,26,3
17742,38,1
17742,37,3
17742,18,2
17743,28,1
17744,34,2
17744,20,3
17745,27,1
17745,21,3
17745,14,3
17746,23,1
17746,30,1
17747,0,1
17747,30,3
17747,37,1
17748,16,1
17748,25,1
17749,6,3
17749,23,3
17750,6,3
17750,4,1
17750,23,1
17750,22,1
17751,34,1
17751,24,1
17751,9,3
17752,28,3
17752,8,2
17752,12,1
17753,5,2
17754,35,3
17754,37,1
17754,14,2
17754,11,2
17755,29,1
17756,28,3
17757,23,3
17758,28,3
17758,25,2
17759,3,1
17760,7,3
17760,29,2
17760,25,1
17760,2,1
17761,31,2
17762,12,2
17762,18,2
17762,2,1
17762,33,1
17763,2,2
17763,35,3
17764,38,3
17764,26,1
17764,18,2
17764,6,3
17765,18,3
17765,6,2
17765,3,1
17765,32,2
17766,25,3
17766,13,2
17766,3,1
17767,30,2
17767,33,3
17767,15,2
17768,30,3
17768,36,1
17769,26,3
17769,9,2
17769,24,1
17770,34,1
17770,2,2
17770,28,3
17771,2,1
17771,14,3
17771,20,1
17771,11,3
17772,16,3
17772,31,1
17773,10,2
17773,0,1
17774,2,3
17775,31,1
17775,9,1
17776,5,1
17776,19,3
17777,15,1
17777,32,2
17778,10,3
17778,13,1
17779,37,3
17780,7,2
17780,8,1
17780,38,3
17781,15,3
17781,6,1
17781,5,3
17781,37,1
17782,4,3
17782,7,2
17783,16,2
17783,32,2
17784,34,2
17785,3,3
17786,21,1
17786,27,3
17787,30,3
17787,0,3
17787,33,3
17787,14,2
17788,19,3
17789,4,3
17789,0,3
17789,17,1
17789,20,2
17790,28,3
17790,34,1
17791,0,2
17791,19,3
17791,1,2
17792,13,3
17793,17,3
17793,29,2
17793,26,3
17793,10,2
17794,19,1
17795,7,1
17795,23,1
17795,16,3
17795,4,3
17796,8,3
17796,0,1
17796,15,2
17797,36,1
17797,23,1
17797,15,2
17798,16,2
17798,20,2
17799,22,2
17799,34,2
17799,26,1
17800,18,1
17801,22,1
17801,2,2
17801,21,2
17802,3,3
17802,36,3
17802,17,2
17802,0,1
17803,1,3
17803,34,3
17803,0,3
17803,17,1
17804,1,3
17805,21,3
17805,28,3
17805,3,1
17805,16,2
17806,10,1
17806,31,1
17806,0,2
17807,15,2
17807,25,3
17807,18,3
17807,13,2
17808,36,2
17809,12,1
17810,27,2
17811,22,3
17811,16,3
17812,25,1
17812,11,1
17812,21,1
17813,14,1
17814,31,3
17815,38,1
17815,13,1
17815,25,3
17816,8,3
17816,6,1
17817,7,1
17818,16,3
17819,8,3
17819,6,3
17819,10,2
17820,22,1
17820,19,2
17820,20,1
17821,29,2
17822,37,1
17822,1,1
17823,21,2
17823,24,3
17824,28,1
17824,19,2
17825,36,3
17826,3,2
17827,13,3
17828,0,3
17828,27,3
17828,28,3
17829,12,2
17830,35,2
17831,9,2
17831,27,1
17831,8,2
17831,20,1
17832,35,2
17832,20,1
17832,23,3
17833,8,3
17833,13,2
17834,27,2
17834,3,3
17834,19,2
17835,30,3
17835,34,1
17836,9,3
17837,20,2
17837,38,1
17838,30,1
17838,14,1
17839,25,2
17839,16,3
17839,10,3
17839,33,3
17840,10,2
17840,1,1
17840,14,2
17840,37,1
17841,21,3
17841,24,2
17842,36,3
17843,4,2
17843,23,1
17843,27,1
17843,22,3
17844,23,1
17844,7,2
17844,16,3
17845,24,3
17845,27,1
17845,29,2
17845,14,2
17846,0,1
17847,7,3
17847,13,1
17847,37,3
17848,0,3
17848,8,1
17848,36,1
17848,32,3
17849,37,1
17849,0,1
17849,2,1
17849,10,3
17850,23,3
17850,32,2
17850,12,3
17851,24,2
17851,11,2
17852,22,1
17852,24,3
17852,25,1
17852,33,2
17853,33,2
17853,34,3
17853,24,2
17853,21,1
17854,33,3
17854,16,1
17855,23,1
17855,36,1
17856,3,1
17857,20,1
17858,5,3
17859,22,2
17860,25,3
17860,24,3
17861,37,3
17861,34,3
17862,3,2
17862,0,3
17862,28,3
17863,20,2
17863,31,1
17863,8,3
17863,3,1
17864,8,2
17864,4,3
17864,32,2
17864,15,3
17865,36,1
17865,37,1
17866,37,1
17866,33,2
17867,3,1
17868,20,3
17868,11,1
17869,12,3
17869,36,3
17869,14,3
17869,17,1
17870,2,1
17870,13,3
17871,17,3
17872,19,2
17872,22,2
17873,30,1
17873,32,3
17873,9,2
17873,12,2
17874,38,1
17874,31,3
17874,6,3
17875,19,1
17875,3,2
17876,17,2
17876,29,2
17877,11,1
17877,36,2
17877,8,1
17878,38,1
17878,14,3
17878,26,3
17879,8,1
17880,37,2
17880,12,2
17881,31,3
17881,1,2
17881,23,1
17881,24,3
17882,24,3
17882,8,2
17882,32,3
17882,25,3
17883,17,3
17884,24,1
17885,19,3
17885,17,2
17886,27,2
17886,29,3
17886,22,2
17887,23,1
17887,32,3
17888,29,1
17888,18,2
17888,4,1
17888,20,1
17889,18,1
17890,7,2
17890,9,1
17890,17,2
17891,17,3
17891,32,1
17892,38,1
17892,28,2
17892,37,3
17892,18,1
17893,15,2
17893,20,3
17894,21,2
17894,8,1
17895,30,2
17895,16,1
17895,6,2
17895,27,3
17896,16,3
17896,29,2
17896,26,2
17897,27,2
17898,31,1
17899,15,2
17899,14,2
17899,7,3
17900,36,2
17901,1,1
17901,7,1
17901,18,1
17901,16,2
17902,20,2
17902,21,2
17903,10,2
17904,24,2
17904,34,2
17904,25,1
17905,37,3
17905,12,3
17905,18,2
17905,9,1
17906,12,3
17906,7,2
17907,6,2
17907,34,1
17907,28,1
17907,21,1
17908,3,3
17909,10,3
17909,23,2
17909,31,3
17909,27,1
17910,10,3
17910,38,2
17910,12,3
17910,20,3
17911,35,1
17911,32,1
17911,33,2
17912,28,3
17913,37,3
17914,30,1
17915,16,3
17915,8,3
17916,2,1
17916,16,1
17917,24,3
17918,14,3
17918,32,2
17919,35,1
17919,24,2
17919,27,3
17919,13,1
17920,1,2
17921,9,3
17922,2,2
17922,21,1
17922,5,2
17922,29,3
17923,4,2
17923,32,1
17923,27,2
17924,20,2
17925,6,3
17925,27,2
17925,20,1
17926,14,2
17926,12,2
17926,32,3
17927,33,1
17927,36,1
17927,24,1
17927,19,1
17928,12,3
17929,5,2
17930,4,1
17930,30,2
17931,18,3
17931,36,1
17931,12,2
17931,33,3
17932,20,1
17933,22,3
17933,8,1
17933,2,3
17934,24,3
17935,33,2
17935,24,1
17935,0,1
17935,10,3
17936,35,3
17936,4,1
17936,36,1
17937,33,3
17937,27,1
17937,31,1
17938,30,2
17939,17,3
17939,19,2
17939,18,2
17940,21,3
17940,4,1
17940,1,1
17941,2,3
17941,36,3
17941,18,3
17942,2,2
17942,13,1
17942,7,3
17942,11,1
17943,21,3
17943,34,3
17943,31,2
17943,1,3
17944,33,2
17944,34,3
17944,8,2
17944,1,3
17945,4,3
17945,34,1
17945,24,2
17945,17,3
17946,17,1
17946,28,2
17947,23,3
17948,13,2
17949,37,3
17949,29,3
17949,15,3
17949,30,1
17950,7,1
17950,9,2
17950,36,1
17951,14,3
17951,4,1
17951,26,1
17951,8,2
17952,14,1
17952,2,1
17952,12,2
17952,9,3
17953,10,3
17953,0,3
17954,34,2
17954,38,3
17955,3,2
17955,6,1
17955,14,3
17956,32,1
17957,12,3
17957,33,3
17958,19,1
17958,5,1
17958,10,3
17958,8,3
17959,24,1
17960,10,3
17960,14,3
17961,4,2
17961,28,2
17961,11,1
17961,38,3
17962,20,3
17962,8,2
17963,15,1
17963,21,1
17963,25,1
17963,36,3
17964,32,1
17964,5,3
17964,29,3
17965,1,2
17966,23,3
17966,15,1
17966,35,1
17966,9,1
17967,27,1
17968,17,1
17968,14,1
17969,35,2
17969,27,2
17969,8,1
17969,19,1
17970,24,2
17970,29,3
17970,16,2
17971,32,2
17971,34,1
17971,9,3
17972,34,1
17972,28,2
17972,5,3
17973,19,3
17973,31,3
17973,37,3
17973,36,2
17974,34,3
17974,1,3
17974,17,2
17974,38,1
17975,16,1
17976,1,1
17976,29,2
17976,17,3
17976,14,1
17977,6,1
17978,30,1
17978,33,2
17979,10,3
17979,30,1
17980,16,1
17981,28,2
17981,27,2
17981,32,1
17982,3,3
17983,5,1
17983,38,2
17983,1,2
17983,29,3
17984,33,2
17984,16,1
17984,7,2
17984,15,3
17985,35,2
17985,29,1
17986,18,3
17986,11,3
17986,4,1
17986,29,1
17987,33,2
17988,23,3
17989,10,3
17989,3,2
17990,6,1
17990,24,2
17991,35,2
17991,36,1
17991,11,3
17991,28,1
17992,38,3
17992,0,2
17992,35,2
17992,7,1
17993,30,3
17993,34,1
17993,3,3
17993,11,2
17994,24,3
17994,36,2
17994,1,3
17994,27,3
17995,24,1
17996,10,2
17997,2,3
17997,7,2
17997,11,3
17998,26,3
17998,6,1
17999,33,3
17999,36,3
17999,32,3
18000,29,3
18000,19,2
18000,0,1
18001,25,2
18001,14,1
18002,15,1
18002,17,1
18003,36,1
18003,1,1
18003,24,1
18003,23,3
18004,28,2
18004,27,2
18004,18,2
18005,18,2
18005,5,2
18005,1,2
18005,16,3
18006,2,3
18006,35,3
18006,3,3
18007,38,2
18007,25,3
18008,38,1
18008,32,2
18008,31,3
18008,21,2
18009,36,3
18009,16,1
18009,21,2
18010,21,1
18011,35,2
18011,4,1
18011,20,1
18012,10,2
18013,29,1
18013,5,3
18014,32,3
18015,11,3
18016,22,2
18016,28,3
18016,37,1
18016,33,3
18017,22,2
18017,34,3
18017,30,1
18017,19,1
18018,35,1
18018,0,2
18018,33,1
18018,10,2
18019,19,3
18019,31,3
18019,29,1
18019,3,2
18020,22,3
18021,13,1
18022,36,1
18022,16,1
18022,18,2
18022,7,2
18023,9,2
18023,21,3
18023,26,1
18023,14,2
18024,22,2
18024,15,2
18025,8,3
18025,19,3
18025,15,3
18026,27,2
18027,8,3
18027,17,1
18027,27,2
18028,4,1
18029,7,3
18030,10,1
18031,25,3
18031,4,2
18031,5,1
18031,35,2
18032,17,3
18033,22,3
18033,16,3
18033,14,3
18033,18,3
18034,18,3
18035,31,3
18036,10,1
18037,8,1
18038,5,3
18038,2,1
18038,30,3
18038,21,2
18039,14,1
18039,5,3
18039,26,1
18040,36,1
18040,28,1
18041,8,1
18042,28,1
18042,17,2
18043,10,1
18043,15,3
18043,37,1
18043,0,1
18044,18,3
18044,2,2
18044,34,3
18044,7,3
18045,20,3
18045,27,3
18045,17,1
18046,22,3
18046,26,3
18046,33,1
18047,19,1
18047,22,3
18048,27,1
18049,33,2
18049,23,1
18049,32,1
18050,1,1
18050,6,3
18050,38,3
18051,24,3
18052,16,1
18052,2,2
18052,19,1
18052,10,2
18053,4,2
18054,23,2
18054,14,1
18054,3,3
18055,37,2
18055,2,1
18056,5,3
18056,33,1
18056,32,2
18057,18,1
18057,24,3
18057,4,1
18058,9,2
18058,26,2
18058,1,2
18059,36,2
18060,4,1
18060,16,3
18060,35,3
18060,20,3
18061,8,1
18062,6,1
18062,13,1
18063,34,2
18063,31,1
18064,25,1
18064,2,1
18064,14,2
18064,13,2
18065,21,3
18065,29,2
18065,20,3
18065,30,1
18066,11,3
18066,17,3
18066,5,3
18066,20,2
18067,17,2
18067,16,1
18067,24,2
18068,22,1
18068,24,1
18069,15,3
18070,26,1
18070,8,3
18071,38,3
18071,2,2
18071,22,2
18072,18,1
18072,16,1
18072,30,2
18073,13,2
18073,0,2
18073,36,1
18074,8,2
18075,22,1
18075,21,3
18076,13,2
18077,9,3
18077,2,2
18078,7,3
18078,3,1
18078,18,2
18078,17,2
18079,22,2
18080,4,1
18080,19,3
18081,12,2
18081,21,1
18082,11,2
18082,24,3
18083,0,1
18083,36,2
18084,8,3
18084,38,3
18084,4,1
18084,26,1
18085,20,2
18086,31,2
18086,16,3
18086,34,3
18086,21,3
18087,24,1
18087,13,2
18088,3,1
18088,29,1
18088,9,3
18089,2,1
18089,13,2
18089,19,1
18090,9,1
18090,31,3
18091,28,3
18092,28,1
18092,9,1
18092,1,3
18093,14,3
18093,17,3
18093,10,3
18093,30,2
18094,4,2
18094,35,2
18095,24,3
18095,18,2
18095,14,1
18096,31,2
18097,35,1
18097,3,2
18097,36,1
18097,14,1
18098,24,2
18099,3,1
18099,17,1
18100,2,1
18101,16,1
18101,21,2
18101,6,1
18102,31,1
18102,14,1
18103,16,3
18103,21,1
18104,26,3
18104,18,2
18104,24,2
18105,3,3
18105,6,2
18105,13,2
18106,35,2
18106,1,1
18106,15,2
18107,33,1
18107,20,3
18107,13,3
18108,29,2
18108,11,2
18108,30,1
18109,19,3
18109,2,3
18110,29,2
18110,33,1
18110,14,2
18111,22,1
18111,18,2
18112,29,2
18112,23,3
18112,25,3
18113,5,2
18114,18,1
18114,4,2
18114,28,3
18115,38,1
18116,14,3
18116,31,2
18116,22,1
18116,25,1
18117,26,2
18117,12,3
18117,27,1
18118,31,2
18118,23,2
18119,33,1
18120,28,2
18120,15,2
18120,18,3
18121,8,1
18121,12,2
18121,31,2
18121,6,1
18122,15,1
18122,6,2
18123,22,3
18124,9,1
18124,18,3
18124,23,3
18125,36,2
18125,24,2
18125,22,1
18126,11,3
18126,34,2
18126,15,2
18127,7,2
18127,20,3
18128,11,3
18128,17,2
18129,6,1
18129,5,3
18129,15,2
18129,12,1
18130,22,2
18130,4,2
18131,37,1
18132,34,2
18132,5,3
18132,38,1
18132,23,3
18133,16,1
18133,27,2
18133,6,1
18134,37,2
18135,14,2
18135,18,3
18136,26,1
18137,23,1
18137,4,2
18138,26,2
18138,3,1
18138,24,1
18138,32,1
18139,9,1
18139,0,2
18139,15,3
18140,25,1
18140,0,3
18141,31,3
18141,6,2
18141,9,1
18141,27,3
18142,15,1
18142,9,2
18142,31,3
18143,11,1
18143,21,1
18143,7,2
18143,36,1
18144,26,1
18144,12,2
18145,31,2
18146,29,1
18146,35,3
18146,1,1
18147,6,3
18148,19,3
18148,30,3
18148,17,3
18148,32,3
18149,10,3
18149,5,2
18150,0,2
18151,35,1
18151,19,2
18151,25,1
18152,38,2
18152,37,3
18153,18,1
18153,25,1
18153,32,3
18153,19,2
18154,20,3
18154,8,3
18154,25,1
18155,17,1
18155,21,2
18156,12,2
18156,11,1
18156,24,2
18156,27,1
18157,13,2
18157,9,3
18158,37,2
18159,38,1
18159,16,2
18159,35,2
18160,33,1
18160,36,1
18160,12,2
18160,20,1
18161,11,3
18161,28,1
18162,30,2
18162,29,3
18163,35,1
18164,0,3
18164,11,3
18164,3,1
18165,7,2
18165,13,2
18166,12,1
18166,24,2
18166,5,1
18166,16,3
18167,38,1
18167,31,3
18168,34,3
18168,20,1
18168,12,2
18169,12,1
18169,37,3
18169,13,2
18170,17,2
18170,18,3
18170,38,1
18171,23,1
18171,17,3
18171,30,1
18172,29,1
18172,25,3
18173,24,1
18173,7,3
18173,19,1
18174,9,1
18175,9,3
18176,14,2
18177,17,2
18177,37,3
18177,15,3
18178,37,3
18178,12,1
18179,4,1
18179,1,1
18180,24,1
18180,23,1
18181,27,2
18182,16,1
18182,27,2
18182,15,2
18182,25,3
18183,15,2
18183,24,1
18183,8,3
18184,18,3
18184,13,3
18185,21,1
18185,1,3
18186,7,1
18186,3,1
18186,17,3
18186,6,3
18187,15,3
18188,14,3
18188,24,3
18189,27,1
18189,29,1
18189,0,2
18190,31,2
18191,27,3
18191,35,2
18191,12,3
18191,10,2
18192,16,3
18193,27,1
18193,12,1
18193,6,2
18194,20,1
18195,13,3
18195,33,2
18195,9,3
18195,6,3
18196,12,1
18196,20,3
18196,4,3
18196,34,1
18197,2,3
18197,28,2
18197,14,3
18197,12,3
18198,1,2
18198,29,2
18198,8,1
18198,24,1
18199,9,2
18199,25,1
18199,11,3
18199,34,2
18200,16,2
18200,37,2
18200,36,2
18200,26,3
18201,27,1
18201,24,3
18201,11,1
18202,22,3
18203,4,1
18203,9,1
18203,36,1
18203,33,1
18204,7,2
18204,11,2
18205,6,3
18205,30,3
18205,34,3
18206,21,1
18206,26,2
18207,22,1
18207,24,2
18208,21,3
18208,26,3
18209,22,3
18209,27,3
18210,27,3
18211,17,1
18212,27,1
18213,22,3
18213,24,2
18213,1,1
18214,27,1
18214,7,2
18214,31,1
18215,38,3
18215,32,1
18215,27,2
18216,1,3
18217,16,2
18217,3,3
18218,6,1
18218,27,2
18218,36,2
18218,24,2
18219,16,1
18220,19,1
18220,3,1
18220,34,2
18220,25,3
18221,3,2
18222,6,1
18222,19,3
18222,9,1
18223,35,1
18223,11,3
18223,23,1
18224,21,3
18224,12,2
18224,20,2
18225,22,3
18225,34,3
18225,19,3
18226,17,3
18226,34,2
18226,37,2
18226,31,2
18227,20,3
18228,7,1
18228,6,3
18228,16,2
18229,12,1
18229,27,3
18230,6,1
18230,23,3
18230,11,3
18231,16,3
18231,38,1
18231,20,1
18232,31,3
18232,3,1
18233,28,2
18233,16,2
18234,2,2
18234,34,3
18235,12,2
18235,5,3
18235,36,1
18235,4,2
18236,6,1
18236,19,3
18237,35,3
18237,38,1
18237,10,3
18238,13,1
18238,15,1
18238,9,3
18239,4,3
18239,31,2
18239,7,3
18239,28,1
18240,38,1
18241,7,1
18242,31,1
18243,35,3
18243,30,1
18244,35,2
18244,28,2
18244,36,1
18245,12,2
18245,8,3
18245,7,1
18245,2,1
18246,34,3
18246,36,1
18246,3,2
18246,28,2
18247,22,3
18247,34,2
18247,10,3
18247,26,3
18248,7,2
18249,15,2
18249,5,1
18250,17,3
18250,24,2
18250,18,3
18251,12,3
18251,26,3
18251,3,1
18252,7,1
18253,28,3
18254,3,3
18254,21,2
18254,35,3
18255,28,3
18255,34,2
18255,19,2
18256,27,1
18256,33,3
18256,8,1
18257,15,2
18258,34,2
18258,21,3
18258,16,1
18258,8,1
18259,34,3
18259,12,3
18259,36,3
18259,24,3
18260,17,3
18260,31,3
18260,13,2
18260,36,1
18261,11,1
18262,22,3
18263,33,2
18264,9,3
18264,23,1
18265,11,1
18265,7,2
18265,35,1
18266,10,3
18266,0,3
18266,20,2
18266,27,1
18267,29,3
18267,3,2
18268,3,1
18268,37,1
18268,9,2
18269,7,1
18269,13,3
18270,16,2
18271,3,2
18271,4,1
18272,33,1
18272,38,1
18272,15,1
18272,21,2
18273,26,1
18273,16,1
18273,18,2
18273,13,2
18274,30,3
18274,34,1
18274,31,2
18275,17,1
18275,28,1
18276,25,3
18276,1,3
18276,24,3
18277,1,3
18277,25,2
18277,6,3
18278,26,1
18279,19,2
18279,17,2
18279,37,3
18279,31,1
18280,14,3
18281,17,1
18282,37,2
18282,22,1
18282,17,3
18283,17,2
18284,13,3
18284,37,2
18285,30,1
18286,26,2
18286,21,1
18286,28,3
18286,14,1
18287,33,3
18287,13,3
18287,25,2
18288,22,2
18288,10,1
18288,24,2
18288,35,3
18289,4,3
18289,24,3
18290,16,1
18290,30,3
18290,15,1
18291,12,2
18291,16,3
18291,24,3
18292,8,1
18292,22,2
18293,31,3
18293,26,2
18293,25,2
18293,2,3
18294,23,2
18294,3,2
18294,37,3
18294,27,3
18295,10,2
18295,38,1
18296,25,3
18296,21,2
18296,26,2
18296,1,1
18297,35,3
18297,8,3
18298,34,2
18298,0,3
18298,26,3
18298,5,1
18299,9,3
18299,24,1
18300,11,3
18300,38,2
18300,18,1
18301,31,1
18301,10,3
18301,32,2
18301,3,2
18302,17,2
18302,2,3
18302,11,2
18303,3,3
18303,29,1
18303,28,3
18304,18,3
18304,30,1
18305,24,2
18305,2,2
18305,3,1
18305,23,3
18306,35,2
18306,37,2
18307,26,3
18307,37,1
18308,9,1
18308,21,1
18308,38,3
18309,37,1
18309,13,2
18309,22,3
18310,4,3
18310,18,2
18311,14,2
18311,31,1
18311,34,3
18312,6,2
18313,31,1
18314,32,3
18315,21,2
18315,31,2
18315,0,1
18316,32,2
18317,31,1
18317,3,1
18318,13,1
18319,11,3
18320,25,3
18320,5,1
18320,26,2
18320,17,1
18321,23,3
18322,1,3
18322,6,3
18322,38,2
18323,29,3
18324,29,1
18324,7,2
18324,6,3
18324,15,1
18325,12,2
18325,4,1
18325,13,3
18326,27,1
18327,19,3
18327,6,1
18327,20,1
18328,36,2
18328,20,2
18329,38,1
18330,32,3
18331,6,3
18332,27,1
18332,21,2
18332,36,1
18333,1,3
18333,38,1
18333,14,2
18333,32,2
18334,31,1
18334,37,2
18334,14,2
18334,12,3
18335,27,3
18335,26,2
18335,13,3
18335,34,3
18336,33,1
18336,3,3
18336,16,3
18336,15,3
18337,22,3
18338,15,2
18339,27,3
18339,38,2
18340,30,2
18341,7,2
18341,14,3
18342,27,3
18343,29,2
18343,26,1
18343,11,3
18343,12,1
18344,11,3
18344,35,1
18344,16,1
18344,29,3
18345,29,3
18345,7,3
18345,33,3
18346,33,3
18346,2,3
18347,29,3
18347,34,1
18348,7,2
18349,16,1
18349,5,1
18350,22,2
18350,5,2
18350,27,3
18351,22,2
18352,16,2
18353,19,2
18353,24,2
18354,7,3
18354,37,2
18354,22,3
18354,16,2
18355,24,3
18355,21,2
18355,2,3
18356,29,2
18356,4,1
18356,11,3
18357,15,1
18357,31,1
18358,15,1
18358,3,2
18358,27,1
18359,36,1
18359,18,3
18360,7,2
18360,21,2
18361,4,3
18361,16,3
18361,12,1
18362,19,1
18362,18,1
18363,0,2
18364,22,1
18364,0,2
18364,4,2
18364,11,3
18365,31,1
18366,13,1
18366,7,3
18367,38,2
18367,12,2
18367,11,2
18368,28,2
18369,14,3
18369,22,1
18369,34,3
18369,9,1
18370,7,2
18371,20,3
18372,4,2
18372,15,3
18372,33,2
18373,19,2
18374,36,3
18374,19,2
18374,5,2
18375,9,3
18375,14,3
18375,3,2
18375,13,3
18376,0,3
18376,18,3
18376,3,3
18376,10,1
18377,12,1
18377,30,1
18378,14,1
18378,35,2
18378,32,1
18378,10,3
18379,27,2
18380,27,1
18380,13,2
18381,0,1
18381,21,1
18382,33,3
18383,6,1
18383,32,1
18383,3,1
18384,21,1
18385,32,2
18385,36,1
18386,20,3
18386,7,1
18387,29,3
18387,17,3
18387,16,1
18388,38,1
18389,31,3
18389,6,2
18389,32,2
18390,35,2
18391,29,3
18391,3,3
18391,0,2
18392,30,1
18392,37,3
18392,27,3
18392,13,1
18393,1,2
18393,2,2
18394,14,2
18394,37,1
18394,18,1
18394,23,3
18395,12,2
18395,30,3
18395,21,3
18395,7,2
18396,7,2
18396,35,2
18396,10,1
18396,38,3
18397,32,1
18397,37,1
18398,35,3
18398,36,1
18398,7,1
18399,33,3
18399,30,2
18400,31,3
18400,0,3
18400,2,1
18401,36,2
18401,22,1
18401,3,1
18402,27,2
18402,20,2
18402,18,3
18403,0,1
18403,10,2
18403,35,3
18404,7,1
18405,1,2
18405,17,1
18405,26,3
18405,14,3
18406,21,1
18407,11,3
18408,16,3
18408,6,2
18409,35,1
18410,20,1
18411,15,1
18411,4,1
18411,23,1
18412,29,2
18413,28,2
18413,12,2
18413,36,3
18413,33,3
18414,35,1
18414,37,3
18414,33,1
18414,22,2
18415,17,3
18415,14,3
18416,16,3
18416,9,1
18416,19,2
18416,22,2
18417,21,2
18417,3,3
18417,24,3
18418,33,2
18419,25,2
18419,29,1
18419,0,3
18420,23,2
18421,4,2
18422,15,2
18422,31,1
18422,12,1
18422,23,2
18423,2,2
18424,17,1
18424,20,1
18424,18,2
18425,2,1
18425,23,2
18426,27,1
18426,26,2
18426,3,3
18426,19,2
18427,2,3
18427,18,2
18427,9,3
18428,17,1
18428,36,1
18428,32,3
18428,12,1
18429,13,3
18429,35,3
18429,29,2
18430,35,3
18430,24,2
18431,21,1
18431,13,3
18431,34,1
18431,37,1
18432,15,1
18432,20,2
18433,37,1
18433,12,2
18434,25,2
18434,7,2
18434,10,1
18435,38,1
18435,36,2
18436,21,2
18436,37,1
18436,20,1
18436,11,3
18437,17,2
18437,19,3
18437,20,2
18437,10,1
18438,0,3
18438,17,1
18439,18,3
18439,11,3
18439,36,1
18440,3,1
18441,9,2
18441,22,2
18442,37,2
18442,14,1
18443,16,1
18443,13,3
18443,8,3
18443,4,1
18444,35,1
18444,31,1
18444,12,3
18444,37,3
18445,15,2
18445,33,3
18445,18,3
18445,34,2
18446,8,1
18446,14,1
18446,37,3
18446,35,1
18447,33,2
18448,14,2
18448,7,3
18448,5,2
18449,25,1
18449,2,2
18450,14,1
18450,33,3
18450,38,3
18451,18,2
18452,26,2
18452,31,3
18452,35,2
18453,12,2
18454,12,2
18455,35,1
18455,31,3
18456,26,3
18457,3,1
18458,19,2
18458,18,1
18458,12,1
18458,29,3
18459,9,3
18460,18,1
18460,36,3
18460,24,1
18460,29,1
18461,30,1
18461,28,1
18462,28,2
18462,22,3
18462,29,3
18463,34,2
18463,10,1
18463,0,3
18464,21,3
18464,18,3
18465,16,1
18465,33,2
18466,3,2
18466,22,2
18466,19,3
18467,2,2
18467,36,3
18468,28,1
18468,29,2
18469,16,3
18469,30,3
18470,14,2
18470,10,2
18471,25,2
18471,30,2
18471,29,1
18471,9,1
18472,19,2
18472,34,1
18473,25,3
18473,11,1
18473,38,1
18474,10,2
18474,12,1
18475,18,1
18475,15,1
18475,23,1
18476,4,2
18476,30,2
18476,11,1
18477,29,3
18477,5,1
18478,18,2
18478,34,3
18478,2,3
18479,28,1
18479,20,3
18480,38,1
18480,19,3
18480,20,2
18480,10,1
18481,19,3
18481,31,3
18481,12,2
18482,9,1
18482,31,3
18482,35,1
18482,36,1
18483,11,2
18483,10,3
18483,18,3
18484,7,1
18484,36,3
18484,10,2
18485,15,3
18485,4,1
18485,2,3
18486,6,2
18486,31,1
18486,19,3
18486,9,1
18487,21,1
18487,26,3
18488,6,1
18488,12,2
18488,17,3
18488,31,2
18489,11,2
18489,34,1
18490,20,3
18490,18,1
18491,29,2
18491,28,3
18491,22,1
18491,31,1
18492,16,3
18492,38,1
18492,11,3
18493,3,2
18493,0,3
18493,36,1
18493,34,1
18494,4,1
18494,7,2
18495,18,3
18495,2,3
18496,24,1
18496,11,1
18496,9,2
18496,23,1
18497,26,3
18497,15,3
18497,20,3
18498,27,1
18499,33,1
18500,16,2
18501,34,2
18501,18,2
18502,5,1
18502,13,2
18503,23,2
18503,35,3
18503,26,2
18503,18,3
18504,29,2
18504,18,2
18505,38,2
18505,11,2
18506,38,2
18506,4,3
18506,19,1
18507,0,2
18507,13,1
18507,1,3
18507,29,3
18508,36,1
18508,31,1
18508,23,3
18509,5,1
18510,6,3
18511,36,1
18511,12,3
18511,20,1
18511,33,1
18512,17,1
18512,5,1
18512,28,1
18513,14,3
18513,32,1
18513,21,3
18514,5,3
18515,25,3
18515,16,2
18515,32,3
18516,10,1
18516,26,3
18516,36,1
18516,18,2
18517,33,2
18518,2,3
18519,3,1
18519,11,1
18519,26,1
18520,9,2
18520,7,2
18520,1,3
18521,5,2
18522,16,1
18522,17,1
18523,3,1
18523,0,3
18523,21,1
18524,1,3
18524,31,2
18524,33,1
18524,16,1
18525,24,3
18525,26,2
18526,19,3
18526,3,1
18526,18,3
18527,12,3
18527,13,1
18527,21,1
18528,2,3
18528,23,2
18528,37,1
18529,36,3
18530,31,3
18530,29,2
18530,0,1
18531,9,1
18532,2,2
18532,23,2
18532,7,1
18533,32,3
18534,15,1
18534,25,3
18534,31,3
18535,25,1
18536,0,2
18537,13,3
18537,9,1
18537,34,2
18538,23,1
18539,11,1
18539,1,1
18539,22,1
18540,10,3
18541,20,2
18542,35,1
18542,28,1
18543,17,1
18544,2,3
18544,13,2
18544,36,1
18545,34,3
18545,28,1
18545,7,2
18545,37,3
18546,8,3
18547,7,3
18548,33,3
18548,11,1
18548,4,1
18548,27,3
18549,26,2
18549,32,2
18549,37,3
18549,35,3
18550,15,2
18551,8,1
18552,35,3
18553,3,3
18553,11,2
18553,16,2
18554,27,2
18554,15,1
18554,26,1
18555,21,1
18555,6,1
18555,30,1
18555,16,3
18556,25,3
18557,17,3
18557,12,2
18558,38,3
18558,3,1
18559,15,1
18559,16,3
18559,3,3
18559,19,1
18560,0,2
18560,13,3
18560,23,3
18560,22,2
18561,17,1
18562,8,1
18563,32,3
18563,29,2
18564,10,2
18564,8,1
18564,38,3
18564,4,1
18565,3,3
18565,6,2
18565,25,1
18566,8,3
18566,0,2
18566,15,1
18566,21,2
18567,4,2
18567,16,2
18567,1,3
18568,13,2
18568,34,2
18568,18,3
18568,5,1
18569,0,1
18569,21,3
18569,38,2
18570,35,2
18570,7,3
18570,24,2
18570,0,2
18571,16,1
18571,33,1
18572,37,1
18573,23,1
18573,13,3
18573,20,3
18573,17,2
18574,15,1
18574,32,2
18575,14,2
18575,25,3
18575,13,3
18576,5,2
18576,31,3
18576,25,2
18576,32,1
18577,20,1
18577,5,3
18577,35,3
18577,7,1
18578,23,2
18578,19,3
18578,2,3
18579,36,2
18579,15,1
18580,7,2
18580,12,1
18581,7,1
18581,8,1
18581,3,3
18582,13,2
18582,26,1
18583,30,3
18584,14,2
18584,15,2
18584,0,2
18584,30,3
18585,4,3
18586,38,1
18586,34,3
18587,10,3
18587,22,1
18587,0,3
18588,17,2
18588,16,1
18588,2,1
18588,36,1
18589,23,2
18590,23,2
18591,5,2
18591,32,2
18592,17,1
18593,6,2
18593,11,1
18594,35,3
18594,25,1
18594,37,2
18595,31,2
18595,11,2
18595,13,1
18595,21,1
18596,12,1
18596,33,2
18597,14,3
18598,16,2
18599,18,3
18599,0,2
18599,16,1
18599,22,2
18600,14,3
18600,3,3
18601,4,1
18601,11,2
18602,36,2
18602,34,3
18602,14,3
18603,35,2
18603,18,3
18603,22,1
18603,10,1
18604,3,1
18604,14,1
18605,24,3
18605,12,1
18606,33,1
18606,23,2
18607,35,2
18608,28,3
18608,0,2
18608,10,2
18609,24,1
18609,13,3
18610,5,1
18610,23,3
18611,26,1
18611,10,1
18611,7,1
18612,29,3
18612,37,2
18612,4,3
18613,1,2
18613,10,1
18613,24,1
18614,5,3
18614,37,1
18614,17,2
18614,35,3
18615,34,1
18616,9,1
18616,7,3
18616,20,2
18617,9,3
18617,1,2
18618,28,3
18618,14,3
18618,26,2
18619,15,3
18619,21,1
18619,11,2
18619,25,1
18620,8,3
18620,18,3
18621,2,1
18621,11,1
18621,38,2
18621,1,2
18622,18,2
18622,14,1
18623,29,1
18623,34,2
18624,2,3
18624,12,1
18625,24,1
18626,6,1
18626,4,1
18626,8,1
18627,12,2
18628,29,1
18628,17,3
18629,23,3
18630,3,3
18630,26,3
18630,7,3
18631,23,3
18631,16,3
18632,13,2
18632,18,3
18632,19,2
18632,5,2
18633,30,2
18634,29,1
18635,21,2
18635,24,2
18635,23,1
18636,29,1
18636,21,2
18636,35,2
18637,21,3
18638,29,1
18638,5,3
18638,0,2
18638,8,1
18639,33,1
18639,4,3
18639,17,2
18640,35,2
18640,8,3
18640,15,2
18640,29,3
18641,15,1
18642,6,1
18642,9,1
18642,20,1
18643,30,2
18643,29,1
18644,34,1
18644,29,3
18644,20,2
18645,8,1
18645,12,1
18645,30,3
18646,26,2
18646,10,2
18646,6,2
18646,4,1
18647,20,2
18647,6,2
18647,27,2
18648,2,2
18648,18,3
18648,38,1
18648,26,3
18649,21,3
18649,12,1
18649,0,1
18650,14,1
18651,11,3
18652,36,1
18652,10,2
18653,5,2
18653,38,3
18654,20,1
18654,12,1
18654,11,1
18654,15,1
18655,31,3
18656,13,2
18656,20,1
18656,9,1
18657,8,1
18657,11,3
18657,32,2
18658,2,3
18658,10,1
18659,22,1
18659,11,3
18659,21,3
18659,9,1
18660,20,2
18660,22,1
18660,0,1
18661,4,2
18661,1,1
18662,7,2
18662,3,2
18662,11,1
18662,17,3
18663,21,1
18663,14,2
18663,16,2
18663,4,1
18664,26,3
18664,11,1
18665,17,1
18665,20,2
18665,5,2
18665,24,3
18666,8,1
18666,35,2
18667,13,2
18668,5,2
18669,14,3
18670,33,1
18671,31,2
18671,2,3
18671,32,1
18672,27,2
18673,15,2
18673,3,3
18673,1,1
18674,1,1
18674,4,2
18675,34,3
18675,16,1
18675,9,1
18676,15,3
18676,16,2
18676,21,2
18677,8,3
18677,25,1
18677,35,3
18678,17,2
18679,12,1
18679,21,3
18680,12,2
18681,3,1
18682,20,3
18682,7,2
18682,34,2
18683,11,3
18684,10,1
18685,31,1
18685,36,1
18686,18,3
18687,28,3
18688,6,2
18688,4,3
18688,2,2
18689,24,3
18689,6,2
18689,26,1
18690,1,1
18690,33,1
18691,16,3
18691,0,2
18692,31,3
18692,15,3
18692,10,2
18692,5,2
18693,7,3
18694,33,1
18695,12,1
18696,37,1
18696,22,2
18696,14,2
18696,13,1
18697,36,3
18697,19,3
18697,16,2
18698,2,1
18698,37,3
18699,26,1
18699,33,1
18699,0,1
18700,26,1
18701,18,2
18701,2,1
18701,34,3
18702,16,1
18703,32,1
18704,23,1
18704,17,3
18705,2,1
18705,29,3
18706,4,3
18706,2,3
18706,14,1
18707,18,2
18707,10,1
18708,19,1
18708,24,1
18708,27,2
18709,35,2
18710,31,1
18710,20,3
18710,27,2
18710,6,2
18711,11,3
18711,4,1
18711,0,1
18712,36,2
18712,14,2
18712,24,3
18712,3,3
18713,29,3
18713,14,3
18713,33,1
18713,21,2
18714,2,2
18714,23,1
18715,17,3
18715,3,1
18716,18,2
18716,27,2
18716,5,1
18717,13,3
18717,28,3
18717,16,2
18718,35,3
18718,31,3
18719,20,1
18719,27,3
18719,21,1
18720,35,3
18720,15,1
18720,37,3
18720,14,1
18721,2,1
18722,15,3
18722,25,3
18722,4,3
18723,10,3
18723,12,1
18724,30,3
18724,8,1
18725,38,3
18725,25,2
18725,14,3
18726,23,2
18726,25,2
18726,26,3
18726,27,1
18727,23,1
18727,16,2
18727,22,3
18727,10,2
18728,6,1
18728,20,1
18728,8,1
18728,17,3
18729,27,2
18729,8,2
18729,10,1
18729,37,3
18730,38,2
18730,26,1
18730,27,3
18731,23,2
18731,7,2
18732,7,1
18732,27,2
18733,7,1
18734,37,2
18734,24,1
18735,37,2
18736,37,2
18736,2,1
18737,3,2
18737,29,3
18737,20,3
18738,19,1
18739,7,2
18739,29,3
18739,37,3
18740,27,1
18740,38,3
18740,14,1
18741,11,3
18741,26,2
18741,27,3
18742,20,1
18743,5,1
18743,18,3
18744,10,1
18744,19,1
18745,1,1
18745,26,1
18746,5,1
18746,30,3
18747,36,3
18747,12,1
18747,18,2
18748,5,2
18748,4,2
18748,17,1
18748,30,3
18749,36,3
18749,14,1
18749,1,2
18750,7,1
18751,24,3
18751,3,2
18751,33,1
18752,1,2
18752,35,1
18752,37,2
18753,0,2
18753,25,3
18753,10,1
18754,23,2
18755,20,3
18755,8,1
18756,34,2
18757,9,1
18757,37,2
18757,36,2
18757,23,3
18758,29,1
18759,24,1
18759,34,2
18760,17,1
18760,27,3
18760,22,3
18761,16,3
18762,32,3
18763,13,3
18763,2,3
18764,11,3
18764,10,2
18764,24,3
18764,34,3
18765,31,1
18765,8,3
18765,22,3
18766,21,1
18766,15,3
18766,5,2
18767,38,3
18768,20,3
18768,26,2
18768,6,3
18768,29,3
18769,29,1
18769,8,1
18769,20,2
18769,30,1
18770,30,3
18770,8,3
18771,28,3
18772,15,3
18772,27,2
18773,10,3
18774,24,1
18775,12,2
18775,17,1
18775,26,3
18775,30,2
18776,4,1
18777,4,2
18777,31,2
18777,1,1
18778,24,2
18779,7,3
18780,21,2
18780,15,3
18781,22,2
18781,26,2
18781,7,3
18781,32,3
18782,19,3
18783,37,2
18784,24,2
18784,13,2
18785,12,3
18785,30,3
18785,15,2
18785,16,1
18786,29,2
18786,0,3
18787,20,2
18787,7,1
18787,28,1
18787,31,2
18788,4,2
18788,22,3
18788,29,3
18789,32,3
18789,23,1
18789,27,1
18790,12,1
18790,20,1
18791,38,3
18791,15,1
18791,30,1
18792,1,2
18792,15,3
18792,24,2
18793,29,1
18793,26,2
18793,38,3
18793,31,3
18794,11,3
18795,29,2
18796,29,2
18796,19,1
18797,22,3
18797,37,1
18798,15,2
18798,7,1
18799,22,3
18799,8,1
18800,13,2
18801,24,1
18801,3,1
18801,2,1
18801,19,1
18802,29,1
18802,13,3
18802,22,2
18803,34,3
18803,29,1
18803,28,2
18803,10,1
18804,38,3
18804,10,1
18805,1,3
18805,37,1
18805,10,1
18806,5,2
18806,27,1
18807,36,3
18807,14,3
18807,5,1
18807,30,3
18808,0,1
18808,35,1
18808,7,1
18809,32,3
18810,27,2
18810,6,1
18810,5,1
18811,15,3
18811,18,3
18811,30,1
18812,21,3
18813,4,3
18813,37,2
18813,26,1
18814,12,2
18814,10,3
18814,15,1
18814,9,2
18815,13,3
18815,27,2
18816,13,2
18816,12,3
18817,8,1
18817,9,1
18817,2,1
18818,3,1
18819,29,3
18819,8,2
18819,30,3
18820,22,2
18820,3,1
18820,28,3
18820,0,1
18821,0,1
18822,9,1
18822,24,2
18822,36,3
18822,18,1
18823,19,1
18823,6,1
18823,24,1
18823,3,1
18824,1,2
18824,32,3
18825,14,1
18826,10,1
18826,33,3
18826,3,3
18827,12,2
18827,0,1
18827,10,3
18828,31,1
18828,2,1
18829,21,2
18829,23,2
18829,4,2
18830,33,1
18830,32,1
18830,24,2
18831,6,1
18831,29,1
18831,16,1
18831,8,2
18832,33,2
18832,7,3
18832,17,3
18832,19,1
18833,11,2
18833,23,2
18833,7,1
18833,37,3
18834,32,2
18834,1,1
18835,34,3
18835,30,1
18835,3,2
18835,25,2
18836,11,2
18836,22,2
18836,1,1
18837,7,3
18837,19,1
18838,20,3
18838,15,1
18839,38,2
18840,29,3
18840,23,1
18841,25,2
18841,4,1
18841,23,2
18842,22,2
18842,37,2
18842,26,3
18842,34,2
18843,2,2
18844,8,3
18844,19,2
18844,26,2
18845,10,3
18845,6,1
18845,7,3
18846,14,1
18846,2,1
18846,19,2
18847,31,3
18848,27,2
18849,31,2
18849,35,1
18849,3,2
18849,25,3
18850,25,1
18850,8,2
18851,6,3
18851,30,3
18851,25,3
18852,7,1
18852,21,1
18852,5,3
18853,20,1
18854,13,3
18854,11,1
18854,6,3
18854,3,1
18855,15,1
18855,6,3
18856,36,3
18856,23,1
18856,27,3
18857,23,3
18857,6,2
18857,35,2
18858,14,1
18858,10,1
18858,29,2
18858,20,3
18859,2,3
18859,11,3
18859,16,3
18859,30,3
18860,31,1
18860,8,2
18860,1,1
18861,7,1
18861,23,2
18861,27,3
18861,19,1
18862,11,2
18862,4,1
18862,29,1
18862,30,2
18863,28,2
18863,18,3
18863,36,3
18863,12,3
18864,16,1
18865,10,2
18866,11,3
18866,2,3
18866,30,3
18866,24,1
18867,33,3
18868,29,2
18868,28,2
18869,25,1
18869,15,1
18870,21,1
18870,15,2
18870,3,1
18870,34,1
18871,20,3
18871,29,1
18871,35,1
18872,2,3
18873,8,2
18873,32,2
18873,21,2
18873,4,1
18874,2,2
18874,20,1
18875,0,2
18875,28,2
18875,21,2
18875,37,1
18876,23,2
18877,7,1
18878,33,3
18879,33,2
18880,23,1
18881,21,3
18881,9,2
18881,24,2
18882,33,1
18882,23,3
18882,17,2
18883,30,1
18883,33,3
18883,3,1
18884,22,3
18884,25,3
18884,1,3
18885,5,2
18885,21,3
18886,20,2
18887,16,2
18887,25,1
18887,31,2
18888,5,3
18888,3,2
18888,21,1
18889,15,1
18889,20,1
18889,1,2
18889,18,2
18890,9,3
18890,29,3
18890,37,1
18891,33,2
18891,7,2
18892,27,2
18892,26,1
18893,25,1
18894,35,3
18895,20,2
18895,34,2
18896,22,3
18896,26,1
18897,15,1
18897,4,1
18897,9,1
18898,15,1
18898,14,1
18898,9,1
18898,10,1
18899,2,1
18899,29,2
18900,8,3
18900,11,3
18900,4,1
18900,17,1
18901,2,3
18902,15,3
18903,18,3
18904,21,2
18904,9,3
18905,5,2
18905,35,3
18905,25,1
18905,18,1
18906,13,2
18906,12,3
18906,3,3
18906,23,3
18907,30,2
18907,3,2
18907,35,1
18907,27,2
18908,29,2
18909,38,3
18909,33,3
18909,12,2
18910,33,1
18910,25,2
18910,5,2
18911,4,3
18911,38,3
18911,2,1
18911,3,1
18912,27,3
18912,0,3
18912,10,3
18913,25,2
18913,6,3
18913,30,1
18914,28,3
18914,8,1
18915,7,1
18915,13,1
18916,13,3
18916,16,3
18917,7,1
18917,5,2
18917,22,3
18917,13,1
18918,1,1
18918,12,3
18918,3,1
18919,9,1
18919,32,2
18919,4,2
18919,28,1
18920,37,3
18920,32,3
18921,5,3
18921,14,1
18921,33,1
18921,19,1
18922,23,3
18922,13,3
18923,38,2
18923,5,3
18923,27,2
18924,2,1
18924,35,1
18925,14,3
18926,31,1
18926,19,2
18926,8,3
18926,6,2
18927,25,1
18927,38,3
18927,21,2
18927,4,3
18928,24,2
18929,27,2
18929,28,3
18929,15,1
18929,36,1
18930,17,2
18930,8,3
18931,31,3
18931,16,3
18932,26,1
18932,10,2
18932,20,2
18932,32,1
18933,22,1
18933,36,1
18934,18,2
18935,35,1
18935,26,2
18935,20,1
18935,38,1
18936,16,1
18936,22,3
18936,31,3
18936,1,2
18937,9,3
18937,8,1
18937,17,1
18938,29,3
18938,20,2
18938,33,1
18938,18,2
18939,6,3
18939,29,2
18939,36,1
18939,35,1
18940,36,1
18940,5,3
18940,19,3
18940,33,1
18941,10,2
18941,32,1
18941,27,3
18941,31,3
18942,4,1
18942,27,3
18942,38,2
18942,15,2
18943,34,1
18943,31,2
18943,29,2
18943,4,2
18944,17,1
18944,21,3
18944,6,1
18945,32,3
18945,28,1
18945,24,2
18946,17,2
18946,12,2
18946,38,3
18947,28,2
18948,31,3
18949,38,1
18949,16,3
18949,32,1
18949,22,1
18950,25,2
18950,11,2
18951,11,3
18952,29,1
18952,5,2
18953,16,1
18953,36,1
18953,11,3
18953,23,3
18954,26,3
18954,23,1
18954,29,3
18955,26,1
18956,30,3
18956,0,3
18956,6,3
18957,14,3
18957,15,3
18958,34,2
18958,30,1
18959,6,2
18960,27,2
18960,9,2
18961,19,3
18961,38,2
18961,21,2
18962,8,2
18962,34,2
18963,22,1
18963,31,3
18964,13,1
18964,7,2
18964,27,1
18964,1,2
18965,5,3
18965,4,3
18965,35,2
18965,8,1
18966,24,2
18967,15,2
18967,33,2
18967,20,2
18968,36,1
18969,0,3
18970,1,1
18970,23,2
18970,8,2
18970,4,2
18971,9,1
18972,8,2
18973,33,3
18973,28,1
18973,3,2
18973,19,1
18974,17,3
18975,31,2
18975,27,3
18975,10,3
18976,9,3
18976,22,2
18976,34,2
18976,37,2
18977,4,3
18977,10,2
18977,24,3
18978,28,2
18978,10,2
18978,1,3
18978,7,2
18979,18,3
18980,30,2
18981,19,3
18982,7,3
18983,4,2
18983,2,3
18983,32,2
18983,6,2
18984,15,2
18985,28,2
18986,26,1
18986,29,3
18986,14,3
18987,15,3
18988,27,1
18988,5,3
18988,22,2
18988,12,2
18989,29,3
18990,8,2
18990,7,1
18991,38,3
18992,34,3
18992,5,1
18992,32,2
18992,0,2
18993,8,3
18993,29,2
18994,5,2
18994,23,1
18995,28,1
18995,17,3
18996,38,2
18997,35,2
18997,25,2
18997,26,2
18997,6,3
18998,10,3
18999,4,3
18999,20,2
19000,17,1
19000,36,1
19001,25,3
19002,32,1
19002,8,3
19002,25,3
19002,0,1
19003,3,1
19003,7,2
19004,26,1
19004,16,2
19005,30,2
19006,23,3
19006,24,2
19006,35,1
19007,36,3
19007,5,3
19007,8,2
19007,31,2
19008,25,3
19008,36,3
19009,1,2
19009,30,3
19009,19,1
19009,6,3
19010,30,2
19010,17,3
19010,18,1
19011,15,1
19011,3,1
19011,21,2
19012,4,2
19012,15,3
19012,10,1
19013,6,3
19013,17,2
19013,3,3
19013,16,3
19014,19,3
19014,18,3
19014,31,2
19015,33,3
19016,21,3
19017,26,3
19017,13,2
19017,14,2
19018,35,3
19018,6,2
19018,16,2
19018,23,3
19019,6,3
19019,11,1
19019,27,1
19020,22,1
19020,12,3
19020,13,3
19020,20,2
19021,28,3
19021,16,1
19021,7,2
19022,33,3
19022,20,1
19023,12,2
19023,21,2
19023,3,3
19024,38,1
19025,6,2
19025,34,2
19026,16,3
19026,8,1
19026,26,2
19027,21,3
19027,18,3
19027,2,1
19027,36,2
19028,24,3
19028,37,2
19028,16,2
19029,3,1
19029,5,2
19030,14,2
19030,30,2
19030,34,2
19031,24,1
19031,23,2
19031,8,3
19031,20,1
19032,3,1
19032,28,2
19032,34,3
19032,36,1
19033,33,2
19033,18,1
19033,27,1
19033,1,2
19034,10,2
19034,1,2
19034,37,1
19034,3,3
19035,25,3
19035,23,2
19036,9,1
19036,15,1
19036,4,2
19037,20,2
19037,1,1
19037,36,1
19037,29,3
19038,21,3
19038,25,2
19039,2,2
19039,6,1
19039,16,3
19040,10,2
19040,19,2
19040,21,1
19041,23,2
19041,34,2
19041,10,3
19041,21,2
19042,4,3
19043,8,2
19044,13,3
19044,36,2
19044,8,3
19045,28,1
19045,23,3
19046,24,1
19046,19,3
19046,16,1
19046,34,2
19047,18,1
19047,29,3
19047,11,3
19048,3,3
19048,11,2
19048,27,2
19049,17,2
19049,30,2
19049,37,3
19049,33,1
19050,37,3
19050,8,3
19051,18,2
19052,36,1
19052,29,2
19052,20,1
19052,28,3
19053,22,1
19054,4,2
19054,5,1
19055,14,2
19055,4,3
19055,11,3
19055,7,3
19056,0,2
19056,30,3
19057,34,2
19058,4,2
19058,9,3
19058,0,3
19059,18,2
19059,4,1
19060,30,1
19060,21,1
19060,10,2
19061,11,2
19061,28,3
19061,35,3
19061,4,1
19062,11,3
19062,17,3
19062,0,2
19063,38,2
19064,32,2
19064,36,3
19065,3,2
19065,38,2
19065,36,2
19066,17,3
19066,27,2
19066,21,1
19066,28,1
19067,16,3
19067,31,1
19067,26,1
19067,19,2
19068,38,2
19069,26,3
19069,34,2
19069,17,1
19069,8,2
19070,1,2
19071,5,1
19071,21,1
19071,36,2
19071,33,3
19072,38,3
19072,26,1
19073,4,2
19073,5,3
19074,26,3
19074,10,1
19074,12,1
19074,37,3
19075,6,3
19075,12,1
19076,23,3
19077,35,2
19077,21,3
19078,24,1
19079,4,3
19079,13,3
19079,20,1
19079,38,2
19080,3,3
19080,10,1
19081,36,2
19081,19,3
19081,3,3
19081,5,2
19082,17,1
19082,20,2
19082,24,1
19082,29,1
19083,38,3
19084,11,1
19084,33,1
19084,5,3
19084,37,2
19085,10,2
19085,33,2
19086,11,1
19087,38,2
19087,23,3
19087,13,2
19087,18,2
19088,35,2
19088,19,1
19088,36,2
19089,38,1
19089,7,3
19089,21,1
19090,18,2
19090,9,2
19091,17,1
19091,5,2
19091,19,1
19092,3,3
19092,21,1
19092,13,3
19093,32,1
19093,9,3
19093,25,3
19094,17,2
19095,2,2
19096,2,3
19097,14,3
19098,19,2
19098,2,3
19099,26,1
19099,38,1
19100,4,2
19100,21,1
19100,36,3
19100,7,3
19101,37,1
19101,8,2
19101,21,3
19102,33,2
19102,17,1
19102,34,3
19103,37,2
19103,30,2
19103,21,1
19103,36,1
19104,18,1
19104,34,3
19105,19,2
19105,7,3
19105,6,2
19105,24,1
19106,12,3
19106,24,1
19107,10,1
19107,13,1
19107,37,3
19108,0,3
19108,20,1
19108,22,2
19109,5,1
19109,7,1
19109,8,2
19110,36,3
19110,25,2
19110,23,1
19111,20,2
19112,24,1
19112,11,1
19112,5,2
19112,4,3
19113,1,1
19113,22,2
19113,10,3
19114,38,2
19114,14,2
19114,20,3
19115,31,2
19116,35,1
19117,26,3
19118,12,2
19118,10,2
19119,26,2
19119,38,3
19120,16,3
19120,6,2
19120,5,2
19120,7,1
19121,31,1
19122,6,1
19122,15,2
19122,25,1
19122,4,3
19123,15,3
19124,21,3
19125,21,3
19125,15,2
19126,25,1
19126,19,3
19127,16,2
19127,8,2
19127,13,3
19127,34,2
19128,5,1
19128,28,3
19128,3,3
19128,14,2
19129,0,1
19129,30,3
19130,2,1
19131,9,2
19131,5,2
19132,8,1
19132,34,3
19133,21,1
19133,36,3
19133,30,1
19133,11,1
19134,12,3
19135,33,2
19136,1,1
19137,12,1
19137,0,2
19138,32,1
19138,8,3
19139,20,2
19139,25,1
19139,2,2
19139,37,3
19140,7,3
19140,9,2
19140,22,2
19140,32,3
19141,10,3
19141,6,3
19142,2,2
19142,38,3
19143,27,3
19143,26,2
19143,8,2
19144,5,1
19145,6,3
19145,0,1
19145,2,3
19146,26,2
19147,2,1
19147,30,2
19147,33,2
19147,4,2
19148,38,1
19148,31,2
19148,21,3
19148,15,2
19149,25,3
19149,11,2
19150,13,3
19150,37,3
19150,10,1
19151,13,1
19151,14,2
19152,25,2
19152,32,1
19153,21,3
19153,29,2
19153,27,1
19154,23,1
19155,6,1
19155,20,2
19155,15,1
19156,23,3
19156,20,1
19156,2,2
19157,20,3
19158,17,1
19159,2,3
19159,35,3
19159,7,1
19160,12,1
19160,10,2
19160,38,3
19161,18,3
19161,24,1
19162,13,3
19162,26,2
19162,0,1
19162,25,3
19163,38,2
19163,12,1
19163,24,2
19163,10,2
19164,7,2
19164,37,2
19164,10,3
19164,22,1
19165,15,2
19165,27,2
19166,24,2
19166,37,1
19166,2,3
19167,8,2
19167,34,2
19167,20,2
19167,18,1
19168,22,2
19168,15,3
19169,13,1
19169,24,3
19170,11,3
19170,8,1
19170,18,1
19171,13,1
19171,12,1
19172,22,1
19173,32,3
19173,21,1
19174,20,3
19174,7,1
19174,19,1
19175,12,1
19176,26,3
19176,22,1
19176,11,2
19177,31,2
19177,24,1
19177,6,1
19177,28,3
19178,31,3
19178,37,1
19178,17,3
19179,26,3
19179,14,2
19180,7,3
19181,1,3
19181,11,3
19181,14,2
19182,23,3
19182,26,3
19182,35,1
19183,0,3
19183,13,1
19183,22,1
19184,16,1
19184,10,1
19184,18,3
19184,25,1
19185,35,1
19185,27,1
19186,25,3
19187,36,2
19187,30,1
19187,38,3
19188,8,1
19188,30,3
19188,21,3
19188,23,1
19189,12,1
19190,12,1
19190,24,3
19190,30,1
19190,28,2
19191,13,2
19191,17,1
19191,23,1
19192,16,2
19192,35,1
19193,31,2
19193,25,1
19193,36,3
19193,21,2
19194,37,3
19194,14,2
19194,20,3
19195,5,3
19196,6,3
19196,21,3
19197,26,3
19197,14,3
19197,4,1
19198,33,3
19199,17,3
19199,12,3
19199,14,3
19200,30,3
19201,2,2
19202,2,2
19202,28,2
19202,17,3
19202,6,2
19203,30,2
19203,13,2
19203,23,2
19204,38,1
19204,10,1
19205,27,2
19205,8,2
19205,34,3
19206,22,1
19206,29,1
19207,2,3
19207,33,2
19207,19,1
19208,24,3
19209,38,1
19209,20,2
19209,21,3
19210,9,3
19211,14,2
19211,25,1
19211,37,2
19211,22,3
19212,6,2
19212,26,1
19212,12,1
19213,10,1
19214,16,1
19214,15,1
19215,23,2
19215,10,2
19215,21,2
19215,17,2
19216,34,2
19216,16,2
19217,4,2
19217,15,2
19217,2,3
19217,37,1
19218,3,2
19218,7,1
19219,15,1
19220,0,3
19220,32,3
19220,19,1
19220,24,1
19221,7,3
19222,24,1
19222,6,1
19223,21,1
19223,11,2
19224,35,3
19224,16,2
19224,26,3
19225,29,3
19225,4,1
19226,29,3
19226,0,1
19227,7,2
19228,33,1
19228,24,1
19228,5,3
19228,37,3
19229,31,1
19229,18,2
19230,25,1
19230,11,2
19230,6,1
19230,19,2
19231,35,3
19231,8,1
19231,33,3
19231,31,2
19232,4,2
19232,21,2
19232,31,3
19233,35,1
19234,13,1
19235,30,1
19235,32,1
19236,29,3
19236,24,2
19236,6,2
19237,35,1
19237,14,2
19238,14,3
19238,15,1
19239,35,1
19239,21,2
19239,18,2
19240,24,1
19240,30,2
19240,0,3
19240,34,1
19241,20,2
19241,37,1
19241,33,3
19242,15,2
19243,34,3
19244,23,3
19244,34,1
19244,4,3
19245,24,2
19245,4,1
19245,27,3
19245,19,1
19246,37,2
19247,22,2
19247,20,3
19247,0,2
19248,8,2
19248,17,3
19248,6,3
19248,7,2
19249,7,1
19250,27,1
19250,17,2
19250,37,2
19250,36,2
19251,32,3
19251,1,3
19251,37,3
19252,6,3
19252,26,2
19252,10,1
19252,0,2
19253,33,1
19253,3,3
19254,14,3
19254,38,3
19254,17,2
19254,1,2
19255,32,1
19255,34,2
19255,23,3
19255,12,1
19256,24,2
19256,12,3
19256,33,3
19256,9,3
19257,13,3
19257,5,1
19258,1,2
19259,4,1
19259,11,2
19260,4,3
19260,25,1
19260,33,1
19261,20,3
19261,4,1
19261,29,2
19262,19,2
19262,16,3
19262,7,1
19262,29,2
19263,9,2
19263,0,3
19263,17,3
19264,20,1
19264,38,2
19264,13,1
19265,32,2
19266,30,1
19266,15,2
19266,33,1
19267,23,1
19267,11,2
19267,13,2
19268,36,1
19268,0,3
19268,21,3
19268,29,3
19269,34,2
19270,29,1
19270,19,1
19271,8,1
19271,25,2
19271,18,3
19271,9,1
19272,37,1
19273,37,1
19273,3,1
19273,34,2
19274,34,1
19274,1,2
19275,32,1
19276,6,2
19276,22,3
19276,14,2
19276,4,1
19277,28,3
19277,26,1
19278,34,1
19278,18,1
19278,32,1
19279,29,3
19279,1,2
19280,13,1
19280,25,2
19280,20,3
19281,0,3
19282,27,3
19282,14,2
19283,9,2
19283,29,2
19283,0,2
19284,29,3
19284,11,1
19285,0,1
19285,38,1
19286,13,1
19287,10,1
19287,1,1
19287,8,2
19288,6,1
19288,0,3
19288,15,3
19288,30,3
19289,30,1
19289,2,1
19290,13,1
19290,10,1
19290,14,2
19291,21,3
19292,2,2
19292,30,3
19292,11,1
19292,24,2
19293,34,1
19294,17,1
19294,28,2
19294,1,2
19295,15,3
19295,7,3
19295,30,1
19295,8,2
19296,30,2
19296,5,2
19296,0,1
19296,15,1
19297,23,1
19297,4,3
19297,20,3
19298,36,1
19298,0,2
19298,30,1
19298,14,3
19299,30,2
19299,20,1
19299,12,3
19300,2,1
19300,38,1
19301,13,1
19301,22,1
19301,34,3
19301,7,3
19302,10,1
19302,36,2
19303,3,1
19304,1,1
19305,1,3
19306,3,3
19306,34,1
19306,26,2
19306,7,1
19307,10,1
19308,36,1
19308,2,1
19308,11,3
19309,31,3
19310,12,1
19311,1,3
19311,15,1
19311,25,1
19312,4,2
19312,36,3
19312,10,3
19312,29,1
19313,10,1
19314,7,3
19314,18,2
19315,19,3
19315,12,2
19315,5,1
19315,34,2
19316,11,1
19316,0,1
19316,32,1
19316,23,2
19317,0,2
19317,17,1
19317,37,1
19317,36,1
19318,17,3
19318,32,3
19319,27,2
19319,13,3
19319,5,3
19320,36,3
19321,10,3
19321,5,3
19322,7,2
19323,35,3
19324,36,2
19325,11,1
19325,19,2
19325,13,1
19326,23,1
19326,14,3
19327,37,2
19328,33,3
19328,36,2
19329,18,2
19329,6,1
19330,14,1
19330,30,3
19331,18,3
19331,38,3
19331,1,3
19331,2,2
19332,23,2
19333,29,1
19333,18,2
19334,29,1
19334,20,3
19334,28,1
19334,18,3
19335,11,3
19335,37,2
19336,1,2
19336,16,3
19336,26,3
19336,21,2
19337,2,3
19337,21,2
19337,28,2
19338,7,1
19338,13,2
19339,25,3
19340,25,1
19340,13,2
19341,11,1
19341,22,2
19341,4,2
19342,16,2
19342,9,3
19343,9,1
19343,13,2
19343,27,2
19344,37,3
19344,6,2
19345,2,1
19345,8,2
19345,4,1
19346,31,1
19346,1,1
19347,28,3
19348,31,2
19349,24,1
19349,34,2
19349,0,3
19350,35,3
19350,11,1
19350,17,3
19351,9,2
19351,26,3
19351,2,3
19352,17,3
19352,3,3
19352,32,1
19352,21,1
19353,28,2
19354,17,2
19354,6,1
19354,14,1
19355,21,3
19356,11,1
19356,17,3
19356,23,3
19357,23,3
19357,26,1
19358,12,3
19358,14,1
19358,18,3
19359,18,2
19359,31,1
19360,13,3
19360,36,3
19361,23,2
19361,30,3
19361,6,1
19362,4,1
19363,36,2
19363,31,1
19363,24,3
19363,4,1
19364,4,1
19364,12,1
19364,0,3
19364,3,2
19365,11,1
19366,13,3
19366,31,1
19366,26,2
19367,11,2
19367,5,1
19368,24,1
19368,23,2
19369,9,2
19369,20,3
19369,28,1
19370,3,1
19370,13,2
19370,36,2
19371,22,2
19371,8,2
19371,21,1
19371,36,3
19372,3,2
19372,15,1
19372,13,1
19372,36,3
19373,1,1
19373,15,1
19373,32,2
19373,31,3
19374,32,1
19375,5,2
19375,34,2
19375,18,1
19376,14,2
19377,13,1
19378,19,3
19378,12,2
19379,30,3
19379,38,3
19379,2,2
19380,22,3
19380,27,3
19380,24,1
19381,33,2
19382,12,3
19382,11,3
19382,27,1
19383,18,3
19384,15,2
19385,23,2
19385,10,1
19386,4,2
19386,23,3
19387,21,3
19388,8,2
19389,17,2
19390,15,2
19390,37,1
19390,6,3
19390,14,1
19391,36,1
19391,5,1
19391,10,1
19391,4,3
19392,9,2
19392,27,3
19392,18,3
19393,31,3
19393,10,3
19393,26,2
19394,22,2
19394,34,2
19394,4,3
19395,5,3
19396,16,1
19396,4,1
19397,11,1
19398,35,1
19398,13,1
19398,6,1
19398,18,1
19399,14,3
19399,34,1
19399,28,2
19400,15,2
19401,0,3
19401,31,3
19402,24,2
19402,25,2
19402,17,2
19403,19,1
19403,33,3
19403,28,2
19404,9,1
19405,22,3
19405,21,2
19405,1,1
19405,5,2
19406,26,2
19407,16,2
19407,30,2
19407,5,3
19408,38,3
19408,37,3
19409,14,2
19409,24,1
19409,25,1
19409,26,2
19410,31,1
19410,12,2
19411,34,1
19411,16,3
19411,23,3
19411,29,3
19412,0,2
19412,5,3
19413,12,3
19413,32,3
19413,16,2
19414,8,1
19414,22,3
19414,7,3
19414,12,1
19415,5,1
19415,18,2
19416,30,3
19416,5,3
19417,8,3
19418,19,2
19419,21,2
19419,3,1
19419,14,3
19420,26,3
19421,36,2
19422,30,2
19422,28,2
19423,25,3
19423,20,2
19424,5,3
19425,23,1
19425,9,3
19425,33,3
19425,37,2
19426,8,3
19426,3,3
19426,30,1
19427,29,3
19427,31,2
19428,23,2
19428,29,2
19429,29,1
19429,1,1
19430,4,3
19431,15,1
19431,27,2
19432,32,1
19433,26,3
19433,3,1
19433,21,2
19433,16,2
19434,9,3
19435,20,2
19435,28,2
19436,0,2
19436,29,1
19436,35,3
19436,25,3
19437,3,3
19437,24,3
19438,13,1
19438,2,3
19438,1,3
19439,33,3
19439,25,3
19439,3,2
19440,6,3
19441,26,3
19441,6,2
19442,9,3
19442,20,3
19442,7,3
19443,26,1
19443,17,1
19444,29,3
19444,25,3
19444,23,2
19444,7,1
19445,29,3
19446,14,3
19446,2,3
19447,18,3
19448,30,2
19448,24,3
19448,37,2
19448,35,3
19449,33,2
19449,7,2
19450,16,1
19450,10,2
19451,10,2
19451,14,3
19451,3,2
19451,1,2
19452,13,2
19453,20,1
19453,0,3
19453,23,2
19454,0,1
19454,4,3
19454,6,3
19454,36,3
19455,10,3
19455,32,3
19455,5,1
19455,31,1
19456,18,2
19456,29,2
19457,29,1
19457,4,1
19457,6,2
19457,31,3
19458,36,3
19458,38,3
19459,2,3
19459,14,3
19459,21,1
19460,12,1
19460,3,1
19460,11,3
19460,20,3
19461,13,1
19462,16,3
19462,10,1
19462,29,1
19463,30,1
19463,6,3
19463,1,3
19463,15,3
19464,12,2
19464,36,1
19464,23,2
19464,13,1
19465,34,1
19465,11,3
19465,5,1
19466,23,2
19466,21,2
19466,3,1
19466,6,2
19467,0,1
19468,27,1
19468,32,2
19469,32,1
19469,5,2
19469,25,3
19470,35,3
19470,30,2
19470,23,3
19471,26,1
19472,34,3
19472,9,1
19473,35,1
19473,7,3
19473,31,1
19473,17,3
19474,36,2
19475,26,2
19476,8,1
19476,5,3
19477,15,2
19477,31,1
19477,4,2
19477,5,1
19478,21,1
19478,15,2
19478,33,2
19479,10,3
19479,27,3
19479,20,1
19480,18,2
19480,32,3
19481,20,2
19481,1,2
19481,32,2
19481,24,3
19482,38,1
19482,21,3
19483,23,2
19483,14,2
19483,11,2
19484,21,3
19484,27,3
19484,32,3
19484,22,2
19485,25,1
19485,28,1
19485,19,1
19485,26,1
19486,31,1
19486,26,2
19486,28,3
19486,11,2
19487,26,1
19488,28,1
19488,16,3
19488,35,3
19489,23,2
19490,28,1
19490,25,3
19490,18,2
19491,8,2
19491,6,3
19491,13,2
19491,23,3
19492,14,1
19492,24,2
19492,23,2
19493,38,1
19493,22,1
19494,34,3
19494,27,1
19495,27,1
19495,32,1
19495,34,1
19496,6,2
19496,4,1
19497,20,3
19497,11,2
19497,1,2
19498,33,2
19498,26,2
19499,1,3
19499,6,3
19500,2,2
19500,28,1
19500,0,3
19500,22,2
19501,8,2
19501,13,3
19501,2,1
19501,35,1
19502,30,1
19502,2,1
19502,12,1
19503,10,1
19503,19,2
19503,21,2
19503,20,1
19504,19,1
19504,28,3
19504,35,3
19505,24,1
19506,6,2
19506,0,3
19506,10,1
19506,8,2
19507,1,3
19507,3,3
19508,6,2
19508,33,2
19509,1,3
19510,25,3
19510,15,1
19511,10,3
19511,15,3
19512,19,2
19512,3,3
19512,5,3
19512,10,2
19513,31,1
19513,29,3
19513,28,2
19514,10,3
19514,38,1
19514,21,3
19515,25,3
19516,17,3
19516,11,1
19517,24,3
19517,14,3
19518,36,2
19518,8,2
19518,16,3
19518,28,1
19519,23,2
19519,11,1
19519,20,1
19520,0,2
19520,14,3
19520,12,2
19520,3,1
19521,12,1
19521,18,3
19521,7,1
19521,38,1
19522,23,1
19522,10,1
19522,2,1
19522,19,3
19523,37,3
19524,8,3
19524,12,2
19524,2,2
19525,21,1
19525,4,2
19525,1,1
19525,9,2
19526,37,3
19526,32,1
19526,9,2
19526,4,1
19527,6,1
19527,10,1
19527,20,1
19528,12,2
19528,32,1
19528,15,2
19528,17,2
19529,22,1
19529,4,2
19530,15,1
19530,31,3
19531,26,1
19531,37,1
19531,6,3
19532,22,2
19532,25,2
19533,9,1
19534,7,2
19534,35,3
19534,15,2
19534,20,2
19535,1,3
19535,21,1
19535,37,3
19535,11,1
19536,22,1
19536,1,1
19536,29,3
19537,7,1
19537,3,3
19538,38,1
19539,33,1
19539,9,2
19539,29,3
19540,4,2
19540,2,1
19540,3,3
19540,24,2
19541,38,1
19541,17,3
19541,33,1
19542,14,2
19542,2,2
19543,36,3
19543,18,1
19543,31,1
19543,12,3
19544,17,2
19545,24,1
19546,29,2
19546,14,1
19547,21,2
19547,15,3
19547,17,3
19547,3,1
19548,3,1
19549,34,1
19549,18,1
19549,32,3
19549,17,1
19550,26,3
19550,16,2
19550,36,2
19550,30,3
19551,27,2
19552,18,3
19553,33,3
19553,3,3
19553,25,1
19553,18,1
19554,7,1
19554,5,2
19554,21,2
19555,38,1
19555,20,1
19556,4,3
19556,28,2
19557,22,3
19557,27,1
19558,2,3
19558,12,1
19559,27,2
19560,8,1
19561,14,1
19561,3,3
19561,30,1
19562,26,2
19562,5,3
19563,38,1
19563,10,2
19563,7,3
19563,37,3
19564,32,1
19564,6,1
19565,31,1
19565,4,1
19566,19,3
19567,0,1
19567,27,3
19568,33,2
19568,28,1
19569,13,3
19570,3,3
19570,6,3
19570,35,3
19570,29,3
19571,9,1
19572,24,3
19572,7,2
19572,20,3
19572,18,1
19573,18,1
19573,24,1
19573,15,1
19573,0,2
19574,9,3
19575,29,1
19575,12,1
19575,14,1
19576,7,1
19576,30,1
19576,36,3
19577,36,1
19577,32,1
19577,17,1
19577,13,2
19578,20,1
19578,34,2
19579,9,2
19580,30,2
19580,22,2
19580,16,1
19581,26,1
19581,33,3
19581,29,3
19582,0,2
19583,27,3
19583,10,2
19583,23,2
19584,4,1
19584,0,1
19584,6,1
19584,18,2
19585,34,1
19586,13,1
19586,27,3
19586,21,2
19587,25,2
19588,20,3
19588,2,1
19588,21,3
19589,21,2
19589,8,1
19590,26,3
19590,27,1
19590,4,1
19590,18,1
19591,20,2
19591,2,2
19591,19,2
19591,35,3
19592,35,1
19592,22,1
19593,24,1
19593,7,3
19594,6,2
19595,14,2
19595,12,3
19595,30,1
19596,35,2
19596,5,1
19596,19,2
19596,9,2
19597,5,1
19598,4,3
19598,1,1
19599,36,2
19599,24,3
19600,12,2
19600,23,2
19600,26,2
19600,4,1
19601,6,2
19602,7,3
19602,18,1
19603,10,2
19603,22,2
19603,34,1
19604,28,2
19604,33,3
19604,19,3
19605,35,1
19605,15,1
19605,4,1
19605,31,2
19606,5,3
19607,38,3
19607,1,2
19607,21,3
19608,20,1
19608,11,2
19609,17,1
19610,11,2
19611,29,1
19612,21,1
19612,5,2
19613,23,3
19613,9,1
19614,13,2
19615,7,3
19616,35,3
19616,18,2
19616,11,3
19617,25,1
19617,23,3
19618,34,1
19618,14,3
19619,30,1
19619,20,2
19619,1,3
19620,9,2
19621,37,1
19621,11,2
19622,28,1
19622,19,1
19622,37,2
19622,10,2
19623,7,3
19623,26,3
19624,1,2
19624,22,1
19624,14,1
19624,21,2
19625,25,3
19625,23,3
19625,6,1
19626,25,3
19626,32,2
19627,2,2
19628,13,1
19628,27,2
19628,2,3
19629,25,2
19629,31,2
19629,21,2
19630,33,2
19630,30,1
19630,27,1
19630,9,1
19631,21,1
19631,28,3
19631,27,1
19631,25,1
19632,35,3
19633,10,3
19633,11,3
19634,7,3
19635,18,3
19635,35,3
19635,1,1
19635,15,2
19636,22,1
19636,11,3
19636,4,3
19636,27,2
19637,27,3
19638,10,1
19639,17,2
19639,4,3
19639,25,1
19639,27,3
19640,16,2
19640,21,2
19641,2,3
19641,1,3
19641,30,3
19642,21,2
19642,7,3
19643,21,1
19643,16,1
19644,19,1
19645,13,1
19646,4,3
19647,8,1
19648,7,3
19649,10,2
19649,4,1
19649,36,1
19649,22,3
19650,25,1
19651,8,1
19651,5,2
19651,32,3
19651,4,2
19652,23,2
19652,24,3
19652,33,3
19653,17,1
19653,0,3
19653,25,3
19654,19,3
19655,9,3
19656,0,1
19656,15,1
19656,34,3
19656,4,2
19657,11,2
19657,4,3
19657,32,1
19657,18,1
19658,8,2
19658,16,2
19658,38,3
19658,19,1
19659,28,3
19660,23,1
19660,4,2
19660,16,1
19660,7,2
19661,5,3
19662,22,1
19663,19,1
19663,3,1
19664,18,1
19665,17,2
19665,20,1
19665,28,1
19666,10,3
19666,29,2
19666,26,3
19666,37,3
19667,20,2
19667,29,1
19667,27,3
19668,4,3
19668,23,3
19668,7,3
19669,18,1
19669,25,1
19669,5,2
19669,2,1
19670,7,1
19670,4,2
19670,0,3
19671,13,1
19671,0,1
19672,11,3
19672,35,3
19673,29,3
19673,37,1
19673,9,3
19673,31,2
19674,17,2
19674,34,3
19675,38,2
19676,17,3
19677,17,1
19677,16,1
19678,18,3
19678,5,2
19678,35,3
19679,14,3
19679,29,1
19679,33,2
19680,35,1
19680,10,3
19680,8,1
19680,36,2
19681,23,1
19681,11,1
19681,29,1
19681,14,2
19682,17,2
19683,3,3
19683,38,1
19684,28,1
19684,13,2
19684,38,3
19684,17,3
19685,36,3
19686,35,1
19686,9,1
19687,18,1
19687,27,1
19687,15,2
19688,10,3
19688,17,2
19688,9,2
19689,30,1
19689,37,1
19689,5,2
19689,19,1
19690,20,2
19690,7,3
19690,23,3
19691,1,1
19691,20,2
19692,16,1
19693,6,2
19693,0,3
19693,1,2
19694,10,3
19694,27,2
19695,19,1
19695,28,3
19696,3,3
19696,26,1
19696,34,2
19696,9,2
19697,18,3
19697,5,2
19698,29,1
19699,29,1
19700,21,1
19700,19,2
19701,8,2
19701,13,3
19701,6,1
19701,14,1
19702,5,3
19703,21,3
19704,37,1
19704,13,3
19704,27,1
19704,0,3
19705,16,2
19705,18,2
19706,4,3
19706,34,3
19706,6,2
19706,23,3
19707,1,2
19707,20,3
19708,9,2
19708,27,3
19708,28,1
19708,5,2
19709,19,3
19710,1,2
19710,23,3
19711,22,2
19711,4,2
19711,8,3
19711,25,2
19712,5,2
19713,32,1
19713,20,3
19714,30,2
19714,10,2
19715,6,1
19715,29,1
19715,18,3
19715,25,1
19716,3,3
19716,2,3
19716,22,2
19717,1,1
19717,9,3
19717,21,3
19718,35,1
19718,9,2
19718,16,1
19718,2,3
19719,15,2
19719,11,2
19719,37,1
19719,34,3
19720,29,1
19720,2,3
19720,27,3
19721,31,3
19721,25,3
19721,28,1
19721,14,3
19722,38,3
19722,24,3
19723,29,2
19723,22,3
19724,31,1
19724,9,1
19724,24,2
19724,27,3
19725,9,2
19725,2,2
19725,1,2
19726,17,1
19726,1,2
19726,5,3
19727,11,1
19727,7,1
19728,27,2
19728,38,1
19728,34,2
19728,30,1
19729,6,1
19730,12,2
19730,6,1
19730,7,3
19731,6,1
19731,18,1
19731,3,2
19731,20,2
19732,6,3
19733,33,2
19733,24,3
19734,0,3
19734,7,2
19734,19,2
19735,2,2
19735,32,1
19736,7,3
19736,24,3
19736,21,2
19736,13,1
19737,35,3
19737,9,2
19738,35,3
19739,13,2
19739,38,3
19739,5,3
19740,13,2
19741,7,3
19741,14,1
19741,35,1
19742,20,3
19742,15,1
19742,34,2
19743,13,3
19743,18,2
19743,15,3
19743,4,1
19744,31,3
19744,8,1
19745,36,3
19745,5,2
19745,15,1
19745,26,3
19746,22,3
19746,36,2
19747,6,2
19747,20,1
19748,1,2
19748,34,1
19748,4,1
19748,22,1
19749,31,3
19749,3,2
19750,25,1
19750,6,3
19750,35,1
19750,31,2
19751,34,2
19751,18,2
19752,36,2
19752,17,1
19752,2,1
19753,3,2
19754,37,2
19754,7,3
19754,21,1
19754,2,2
19755,5,1
19755,18,3
19756,17,3
19756,2,3
19756,20,3
19757,5,1
19758,11,2
19758,3,1
19759,18,1
19759,4,2
19760,8,1
19760,6,2
19760,3,1
19761,27,2
19761,20,2
19761,22,3
19761,18,2
19762,22,3
19762,12,2
19762,36,2
19762,32,1
19763,13,2
19763,35,3
19764,26,3
19764,9,1
19764,21,1
19764,10,3
19765,29,3
19765,38,1
19766,33,1
19766,8,3
19766,31,2
19767,13,2
19767,33,2
19767,3,3
19768,33,1
19768,32,2
19768,10,3
19769,25,1
19769,32,3
19769,37,1
19770,5,2
19770,1,1
19771,8,1
19772,10,1
19773,6,3
19774,15,3
19774,25,1
19774,19,1
19775,12,1
19776,4,3
19777,16,1
19778,27,1
19779,20,3
19779,10,2
19779,5,1
19779,33,3
19780,34,3
19781,25,3
19781,14,3
19781,24,1
19782,29,1
19782,2,2
19782,16,3
19783,34,1
19783,6,3
19784,2,2
19784,32,3
19784,38,1
19785,4,1
19785,7,3
19785,15,2
19785,27,3
19786,35,3
19786,22,1
19787,27,2
19788,31,2
19788,23,3
19788,5,1
19789,7,1
19789,26,2
19789,8,3
19789,21,3
19790,24,3
19790,4,3
19790,2,2
19790,35,3
19791,1,1
19791,10,2
19791,6,3
19792,18,2
19792,22,3
19792,38,2
19792,37,2
19793,34,2
19794,24,2
19794,2,3
19795,36,3
19796,33,3
19796,25,2
19796,23,3
19796,37,2
19797,4,2
19797,0,3
19797,18,1
19798,38,1
19799,27,1
19799,21,1
19799,24,2
19800,29,1
19801,36,1
19801,18,3
19801,6,3
19802,29,3
19803,22,3
19803,10,2
19803,9,2
19804,38,2
19805,37,1
19806,33,1
19806,15,3
19806,1,1
19806,36,1
19807,36,3
19807,9,2
19808,35,3
19808,36,2
19809,25,3
19809,9,2
19809,28,2
19809,32,3
19810,4,1
19810,10,2
19810,24,1
19811,20,3
19811,15,2
19812,18,2
19812,8,2
19812,13,2
19812,28,1
19813,13,3
19813,36,2
19813,15,3
19814,30,3
19814,31,3
19814,9,3
19815,5,3
19815,13,2
19815,2,2
19816,5,1
19816,12,3
19816,9,3
19816,17,2
19817,9,2
19817,14,1
19818,3,3
19818,22,3
19818,32,1
19819,24,3
19819,15,1
19819,26,2
19819,23,3
19820,14,1
19820,15,1
19820,27,2
19821,9,3
19821,32,2
19821,24,3
19821,33,2
19822,3,3
19822,17,2
19822,13,3
19822,12,3
19823,15,2
19823,10,1
19824,30,1
19825,32,3
19825,4,2
19825,37,3
19825,7,3
19826,5,2
19827,6,2
19827,33,2
19828,36,3
19829,5,1
19829,18,3
19830,15,1
19830,35,3
19830,38,2
19831,38,3
19832,19,1
19832,23,1
19832,6,3
19833,11,1
19833,19,1
19833,31,3
19833,30,3
19834,1,1
19834,13,3
19834,7,2
19834,9,3
19835,25,3
19836,18,2
19836,10,3
19836,23,2
19836,22,3
19837,12,2
19837,34,1
19838,9,3
19838,6,2
19839,17,2
19839,11,1
19839,21,2
19840,35,2
19841,8,1
19842,18,1
19843,22,3
19844,21,3
19844,12,1
19844,8,3
19844,28,1
19845,28,2
19846,1,3
19846,17,3
19847,14,2
19848,15,2
19848,12,2
19848,26,3
19849,19,3
19849,1,2
19850,17,1
19850,1,3
19850,10,1
19850,33,1
19851,25,1
19851,36,2
19851,32,2
19852,22,2
19852,30,1
19852,11,3
19852,25,2
19853,3,1
19854,6,3
19854,36,3
19855,1,3
19855,26,3
19855,33,2
19855,38,2
19856,12,2
19857,1,1
19857,16,3
19857,0,2
19857,14,3
19858,36,1
19858,34,2
19858,17,3
19859,1,1
19859,16,1
19859,33,3
19860,38,2
19861,13,2
19861,17,2
19861,21,1
19861,18,3
19862,6,3
19862,18,1
19862,19,1
19863,8,2
19864,20,3
19865,6,2
19865,7,3
19866,22,3
19867,34,3
19867,27,2
19867,2,2
19868,9,1
19868,37,1
19868,4,1
19868,6,1
19869,13,1
19869,26,1
19869,23,1
19870,32,2
19870,6,1
19870,37,2
19871,13,3
19871,1,1
19871,9,2
19872,34,1
19872,37,2
19872,31,1
19873,34,2
19873,14,1
19873,6,3
19874,21,1
19874,1,2
19874,2,2
19875,22,2
19875,15,2
19875,35,2
19875,29,3
19876,9,3
19876,15,2
19876,26,2
19877,3,3
19877,26,1
19878,31,2
19878,2,2
19878,35,2
19878,23,3
19879,20,2
19879,21,2
19879,2,3
19880,6,1
19880,29,3
19881,30,3
19882,9,2
19882,20,3
19883,12,2
19883,17,3
19883,28,3
19883,15,3
19884,0,1
19884,24,2
19884,16,1
19884,15,1
19885,26,2
19886,3,1
19886,4,2
19886,12,1
19886,34,2
19887,1,3
19887,35,3
19888,38,2
19888,15,3
19888,25,2
19888,36,1
19889,9,3
19889,37,3
19889,31,2
19890,10,2
19890,14,1
19890,33,2
19891,1,1
19891,20,2
19892,17,2
19892,29,1
19892,34,3
19893,19,2
19893,2,1
19893,12,2
19893,10,2
19894,4,1
19894,15,1
19895,4,2
19895,18,1
19895,20,1
19896,21,3
19896,14,1
19897,14,2
19898,30,2
19899,12,1
19900,16,3
19900,1,2
19901,7,1
19901,35,2
19901,27,3
19901,8,2
19902,25,1
19902,3,3
19902,32,1
19902,16,3
19903,3,3
19904,11,1
19904,0,2
19904,30,3
19904,26,1
19905,20,1
19906,31,2
19906,30,2
19906,6,2
19906,25,3
19907,20,3
19907,0,2
19907,31,3
19907,17,1
19908,26,3
19908,19,1
19909,8,1
19909,25,1
19910,19,2
19910,0,1
19911,8,2
19911,1,1
19911,11,3
19912,36,2
19912,21,2
19912,27,3
19912,0,2
19913,29,2
19913,1,1
19913,22,3
19913,21,3
19914,14,1
19914,18,3
19914,7,2
19914,37,1
19915,18,2
19915,20,1
19915,37,1
19916,38,1
19916,8,3
19916,37,2
19917,6,2
19917,10,1
19918,7,3
19918,21,1
19919,5,2
19919,7,2
19919,17,2
19920,1,2
19920,23,1
19921,15,3
19921,19,2
19921,28,1
19921,13,2
19922,16,2
19922,24,3
19923,22,1
19924,37,3
19924,0,1
19925,29,1
19925,10,2
19925,22,3
19926,30,1
19926,2,1
19927,12,3
19927,13,2
19928,2,3
19928,33,2
19928,21,1
19929,1,3
19929,4,2
19929,26,1
19930,9,2
19930,25,3
19930,15,1
19931,23,3
19932,3,2
19933,37,2
19933,16,2
19934,33,1
19934,17,2
19934,0,3
19934,2,3
19935,6,3
19936,30,2
19937,1,2
19937,8,2
19937,16,3
19937,6,3
19938,38,2
19938,18,2
19938,25,3
19939,26,3
19939,38,3
19939,33,3
19940,1,2
19940,34,2
19940,23,3
19940,15,1
19941,23,1
19941,14,3
19941,36,3
19941,3,2
19942,8,2
19942,20,3
19942,0,1
19943,6,2
19943,35,2
19943,10,2
19944,25,1
19944,21,3
19945,9,3
19945,31,2
19946,14,1
19946,20,1
19947,8,1
19947,3,2
19947,7,1
19948,4,3
19949,5,2
19950,30,1
19950,5,3
19951,30,3
19951,38,1
19951,34,3
19952,26,3
19952,36,1
19953,30,3
19953,8,3
19953,26,3
19954,12,3
19954,5,3
19954,31,1
19954,1,2
19955,17,1
19955,4,1
19955,31,1
19956,20,3
19956,26,2
19956,0,1
19956,23,2
19957,38,2
19957,19,1
19958,36,1
19959,1,3
19959,28,3
19960,18,2
19960,30,1
19961,16,1
19961,11,2
19962,35,3
19962,28,1
19963,37,3
19963,32,3
19964,22,2
19964,27,1
19964,29,2
19964,0,3
19965,25,1
19965,12,2
19966,27,1
19967,19,1
19968,1,2
19968,36,3
19969,20,1
19969,33,1
19969,31,2
19970,38,1
19970,5,2
19971,29,1
19972,36,1
19973,25,3
19973,3,3
19973,15,1
19973,12,3
19974,9,3
19974,30,2
19975,23,2
19975,28,2
19976,32,1
19976,11,2
19976,2,3
19977,24,2
19978,24,3
19978,0,1
19978,2,1
19979,2,1
19979,24,1
19980,13,2
19981,32,3
19981,37,2
19981,0,2
19982,38,1
19982,5,2
19982,21,3
19982,0,3
19983,16,1
19983,31,3
19984,34,2
19984,18,2
19984,37,2
19984,19,1
19985,24,1
19985,19,3
19985,26,1
19985,6,1
19986,8,3
19986,12,2
19987,8,2
19987,24,2
19987,25,3
19987,22,1
19988,19,2
19988,38,3
19988,1,1
19989,12,2
19989,32,2
19989,21,1
19989,11,1
19990,33,2
19990,37,3
19991,21,1
19991,9,1
19991,22,3
19992,12,2
19992,13,2
19992,27,2
19992,20,2
19993,23,2
19994,10,2
19994,3,3
19994,35,2
19995,23,2
19995,38,3
19996,0,2
19996,27,1
19996,29,3
19997,25,1
19997,27,3
19997,13,3
19997,23,3
19998,22,3
19999,0,1
20000,24,2
20001,15,2
20001,4,3
20001,19,1
20002,3,3
20002,17,2
20003,25,1
20003,22,3
20003,21,2
20004,28,2
20004,16,2
20005,1,2
20005,33,3
20005,19,3
20005,38,1
20006,11,1
20007,23,3
20007,30,1
20007,15,2
20007,31,3
20008,4,3
20009,24,2
20010,21,2
20010,32,2
20010,29,3
20011,8,1
20011,10,2
20011,19,2
20011,12,2
20012,19,1
20012,25,3
20012,0,1
20013,26,1
20014,38,2
20014,23,1
20014,32,2
20014,16,1
20015,9,1
20015,25,3
20015,29,2
20015,16,3
20016,12,3
20016,17,3
20016,22,3
20017,34,2
20018,28,1
20018,12,1
20018,21,2
20019,21,1
20019,2,3
20019,1,2
20020,20,3
20020,30,3
20020,17,2
20021,23,2
20021,13,3
20022,31,2
20022,2,1
20022,37,3
20023,26,2
20023,34,1
20024,7,2
20024,29,3
20024,11,1
20024,6,1
20025,33,1
20025,38,3
20025,8,1
20025,12,2
20026,32,3
20026,5,3
20027,4,1
20028,22,2
20028,32,1
20028,9,1
20029,18,3
20029,21,3
20029,17,3
20029,28,3
20030,4,2
20031,11,1
20031,25,3
20032,16,2
20033,26,1
20034,33,1
20034,19,3
20034,37,1
20035,23,1
20035,10,3
20035,13,3
20036,11,2
20036,15,3
20036,33,3
20036,20,1
20037,28,2
20037,6,1
20037,20,3
20037,22,3
20038,36,2
20038,27,1
20038,9,3
20039,36,1
20039,25,3
20039,16,1
20039,10,2
20040,31,3
20040,20,2
20040,0,1
20041,15,2
20041,9,1
20042,34,2
20042,29,1
20043,1,2
20043,38,2
20044,36,2
20044,21,3
20044,29,2
20045,10,1
20045,3,3
20045,37,1
20045,20,2
20046,14,1
20046,23,3
20046,6,2
20047,2,3
20048,12,1
20049,7,2
20050,28,3
20050,6,1
20050,7,3
20050,38,3
20051,15,1
20051,10,2
20051,9,3
20051,26,1
20052,19,3
20052,25,2
20052,16,1
20052,37,2
20053,23,1
20053,6,1
20054,15,1
20054,33,1
20055,23,2
20055,35,1
20055,28,3
20056,3,2
20056,20,2
20056,6,3
20056,24,3
20057,25,1
20058,37,2
20058,2,2
20059,25,3
20060,33,2
20060,23,1
20060,32,3
20060,34,2
20061,34,2
20061,7,1
20062,33,1
20062,30,3
20063,3,2
20063,16,1
20063,29,1
20064,8,3
20064,9,1
20064,14,2
20065,9,2
20065,3,3
20065,15,3
20065,21,2
20066,37,1
20066,36,3
20067,37,2
20067,4,1
20067,22,2
20067,10,2
20068,37,2
20068,10,3
20069,17,3
20069,16,1
20070,18,2
20070,24,3
20070,5,3
20070,22,1
20071,31,3
20072,4,1
20072,17,2
20072,30,1
20072,22,2
20073,20,2
20073,13,2
20073,6,3
20073,21,1
20074,26,2
20074,31,3
20074,0,3
20074,28,3
20075,9,1
20076,32,2
20076,2,3
20076,23,2
20076,10,3
20077,16,2
20078,6,3
20079,31,2
20079,6,3
20079,21,3
20079,36,3
20080,20,2
20080,21,1
20081,37,3
20082,24,1
20082,4,3
20082,1,2
20082,22,3
20083,24,3
20083,29,1
20084,15,2
20084,10,3
20084,37,1
20084,7,3
20085,21,3
20085,6,2
20085,1,1
20086,36,3
20086,29,2
20087,27,1
20087,12,3
20087,24,2
20087,33,3
20088,19,3
20088,2,3
20088,7,3
20089,27,3
20089,14,1
20089,3,3
20090,8,3
20090,15,1
20091,3,3
20091,9,1
20091,15,2
20091,24,2
20092,11,1
20092,32,2
20092,3,3
20093,20,1
20093,32,2
20094,31,1
20094,12,2
20095,29,3
20096,16,1
20097,5,1
20097,17,3
20097,14,1
20098,18,3
20098,22,3
20098,28,3
20099,4,2
20099,33,3
20100,1,2
20100,19,1
20100,28,2
20100,25,2
20101,16,2
20102,7,3
20102,4,1
20102,30,1
20103,38,3
20103,27,2
20103,0,2
20104,19,1
20105,9,1
20105,6,2
20106,31,2
20107,30,1
20107,11,3
20107,18,1
20108,13,2
20108,34,3
20109,17,2
20109,13,1
20109,4,1
20110,31,3
20110,4,1
20111,18,2
20111,22,3
20111,2,2
20112,24,1
20112,38,2
20112,7,1
20112,13,3
20113,31,2
20113,30,1
20114,6,3
20114,23,3
20114,12,2
20114,34,3
20115,24,2
20115,13,1
20115,22,1
20115,32,1
20116,6,2
20117,28,3
20117,35,1
20117,33,1
20118,38,1
20118,32,3
20119,21,1
20119,6,2
20120,4,3
20120,11,3
20120,8,2
20121,26,1
20121,37,3
20121,19,2
20121,15,1
20122,6,1
20122,37,1
20122,23,3
20123,10,1
20124,17,1
20124,36,3
20124,28,1
20125,25,3
20125,32,3
20125,36,2
20125,35,1
20126,30,2
20126,20,2
20126,32,1
20127,35,1
20127,21,3
20127,9,2
20127,23,2
20128,11,1
20128,16,2
20129,25,2
20129,13,3
20129,14,2
20130,32,3
20131,5,2
20131,17,3
20132,7,2
20132,36,1
20132,10,1
20133,2,2
20134,38,3
20134,0,1
20135,23,3
20135,30,1
20136,15,3
20137,19,2
20137,25,3
20138,3,2
20139,35,1
20139,32,2
20140,28,1
20140,26,3
20140,14,2
20140,31,3
20141,4,1
20142,31,3
20142,23,3
20142,20,1
20143,27,3
20143,18,3
20144,5,2
20145,13,3
20145,8,3
20145,24,1
20145,2,1
20146,34,2
20146,12,3
20146,13,3
20147,21,2
20147,31,2
20147,6,3
20147,32,2
20148,6,3
20148,22,1
20148,23,2
20148,2,2
20149,6,2
20149,8,1
20150,26,2
20151,32,2
20152,32,3
20152,18,3
20153,13,2
20153,5,2
20153,38,1
20154,10,3
20154,14,2
20154,37,2
20155,7,1
20156,0,2
20156,8,1
20156,21,3
20157,10,1
20157,24,1
20157,33,2
20157,6,1
20158,5,3
20158,9,1
20158,31,2
20158,38,2
20159,22,2
20159,13,2
20159,36,3
20159,12,1
20160,20,3
20161,11,1
20161,18,3
20162,1,1
20162,31,2
20162,4,1
20162,26,3
20163,11,2
20163,22,2
20163,19,2
20164,36,1
20164,33,2
20164,23,1
20165,11,1
20166,29,2
20166,28,3
20166,24,1
20167,11,1
20168,21,3
20168,14,3
20168,33,2
20168,18,1
20169,8,2
20169,21,1
20169,18,1
20169,11,3
20170,37,1
20170,30,1
20170,31,3
20171,16,1
20171,15,2
20171,26,1
20171,10,3
20172,19,1
20172,1,2
20172,21,3
20173,11,2
20173,32,1
20173,37,3
20174,15,1
20174,26,2
20175,15,2
20175,20,1
20176,35,1
20176,25,3
20176,9,3
20177,13,2
20177,37,1
20177,26,3
20177,36,3
20178,25,1
20178,11,1
20179,8,1
20180,11,1
20180,36,2
20181,22,2
20181,6,2
20181,31,2
20181,37,2
20182,0,3
20182,14,2
20183,27,2
20184,22,2
20184,10,3
20185,25,2
20186,5,3
20187,35,2
20187,28,2
20187,10,2
20187,16,3
20188,33,3
20189,25,3
20189,16,3
20190,12,1
20190,6,3
20190,31,1
20191,33,2
20192,24,3
20192,15,1
20192,27,2
20193,7,3
20193,37,3
20193,13,2
20193,8,3
20194,27,1
20194,38,3
20195,30,2
20195,29,2
20195,1,1
20195,26,2
20196,2,2
20196,27,2
20197,1,3
20197,8,2
20197,26,1
20198,8,1
20198,3,1
20198,7,3
20199,18,3
20199,13,1
20199,37,3
20199,24,3
20200,22,1
20201,18,2
20201,16,2
20201,25,3
20202,35,3
20202,38,1
20203,36,1
20203,5,1
20203,25,2
20203,15,3
20204,34,1
20205,34,1
20205,16,1
20205,5,3
20206,3,2
20206,4,3
20206,35,3
20206,26,3
20207,16,1
20208,4,2
20209,0,3
20210,8,3
20210,17,1
20211,27,1
20211,5,2
20212,28,3
20212,2,3
20213,19,3
20213,9,3
20213,18,2
20213,8,2
20214,32,3
20214,11,2
20214,10,2
20215,17,1
20215,27,3
20215,26,2
20216,22,3
20216,1,3
20216,8,1
20216,16,3
20217,4,2
20218,21,1
20219,5,2
20219,3,1
20219,1,1
20220,29,3
20220,6,3
20220,21,1
20221,18,2
20221,29,2
20221,24,3
20221,3,1
20222,35,1
20223,25,2
20223,1,3
20224,36,2
20224,2,2
20224,28,3
20225,27,3
20226,20,3
20226,33,3
20226,31,3
20226,13,2
20227,25,2
20227,11,2
20227,20,3
20227,24,3
20228,17,3
20228,31,2
20228,33,1
20229,26,3
20230,6,3
20230,7,1
20231,3,1
20231,7,1
20231,23,3
20231,21,2
20232,35,1
20232,28,1
20232,5,2
20232,14,3
20233,34,1
20233,33,3
20233,18,2
20233,37,1
20234,6,2
20234,2,3
20234,9,2
20235,26,1
20236,3,1
20236,7,2
20236,27,3
20236,4,3
20237,34,3
20238,18,3
20239,6,3
20239,32,1
20240,20,3
20240,28,2
20240,35,1
20240,1,3
20241,6,3
20241,5,1
20241,4,1
20242,30,3
20242,22,3
20242,26,1
20242,12,3
20243,21,3
20244,35,2
20244,24,2
20244,33,2
20245,4,2
20245,10,3
20245,23,1
20245,16,2
20246,13,3
20246,19,3
20246,32,2
20246,16,3
20247,5,1
20247,0,3
20247,1,3
20248,32,1
20248,26,1
20249,7,3
20249,0,1
20250,15,3
20250,7,1
20250,28,2
20251,21,1
20251,18,2
20251,35,3
20252,22,2
20252,17,2
20252,15,1
20253,28,3
20253,29,1
20253,24,3
20254,35,2
20254,20,1
20254,17,2
20255,3,2
20256,17,1
20256,19,2
20256,11,3
20256,2,3
20257,38,2
20257,18,3
20257,0,2
20258,6,1
20258,36,2
20259,8,3
20259,28,1
20259,26,3
20260,6,2
20261,14,2
20262,23,2
20262,33,2
20262,32,2
20262,4,3
20263,38,1
20263,23,3
20263,6,1
20263,20,1
20264,26,1
20264,12,1
20264,24,3
20265,34,3
20265,19,1
20265,3,1
20265,12,3
20266,38,2
20266,20,3
20266,25,2
20267,0,1
20267,37,1
20267,8,2
20267,22,3
20268,31,1
20268,7,2
20268,33,3
20268,19,3
20269,27,2
20269,18,2
20270,0,3
20271,22,3
20271,28,3
20272,12,2
20273,5,1
20273,1,3
20273,37,2
20274,0,3
20274,8,3
20274,11,3
20275,9,2
20275,35,1
20275,31,1
20275,26,2
20276,26,2
20276,23,3
20277,12,1
20278,17,3
20278,32,2
20279,17,2
20279,35,2
20280,26,3
20280,9,1
20280,27,3
20280,22,2
20281,9,1
20281,31,2
20282,20,1
20283,12,2
20284,36,3
20285,25,3
20285,5,2
20285,6,2
20285,1,2
20286,23,1
20286,5,2
20286,21,1
20286,4,2
20287,10,1
20287,23,3
20287,19,3
20288,9,1
20288,15,1
20289,37,1
20289,35,3
20289,3,2
20289,13,3
20290,1,3
20291,20,2
20291,38,3
20292,27,3
20293,35,3
20293,37,3
20294,32,1
20294,35,2
20294,37,2
20295,37,3
20296,17,1
20297,38,1
20297,1,2
20298,17,2
20298,28,1
20299,4,3
20299,26,3
20299,21,3
20300,27,3
20300,37,1
20301,37,3
20302,2,3
20302,27,3
20302,32,1
20302,25,2
20303,16,1
20303,23,1
20304,6,3
20304,22,1
20304,21,1
20304,11,1
20305,34,1
20305,11,1
20305,36,3
20305,1,2
20306,14,3
20306,13,2
20307,2,2
20307,32,1
20307,38,3
20308,24,2
20309,9,1
20309,35,2
20309,15,2
20309,14,3
20310,11,3
20311,12,2
20312,20,3
20312,24,1
20312,25,1
20313,1,2
20313,20,1
20313,9,3
20313,25,3
20314,16,3
20315,1,3
20316,8,2
20316,37,3
20316,20,3
20317,3,2
20317,22,1
20318,13,3
20318,30,2
20318,38,2
20319,8,2
20319,22,1
20319,26,1
20320,28,1
20320,12,1
20321,28,2
20321,38,1
20322,19,3
20323,8,2
20323,9,3
20324,13,2
20324,37,3
20324,36,1
20325,18,1
20326,17,3
20326,32,3
20327,38,1
20327,0,1
20327,35,3
20327,9,3
20328,5,2
20328,11,1
20328,14,1
20328,23,1
20329,3,3
20329,14,3
20329,35,1
20330,36,2
20330,28,2
20331,5,2
20332,2,1
20333,24,2
20333,29,2
20333,7,2
20333,4,1
20334,34,3
20335,19,3
20335,3,2
20336,2,2
20337,11,2
20337,35,2
20337,8,3
20337,14,3
20338,34,2
20338,5,1
20338,35,3
20339,11,1
20340,0,3
20340,38,1
20340,1,3
20341,37,1
20342,19,3
20342,3,3
20342,14,2
20342,20,1
20343,32,2
20343,23,1
20343,0,1
20343,27,2
20344,16,2
20344,8,1
20344,2,3
20344,6,1
20345,22,1
20345,12,2
20345,23,2
20346,10,1
20347,28,1
20348,20,2
20348,6,3
20349,9,1
20349,16,1
20349,24,2
20349,27,1
20350,2,3
20350,8,2
20350,0,2
20351,8,3
20351,2,2
20352,29,1
20352,26,2
20353,7,2
20353,13,3
20353,23,1
20354,10,2
20355,1,2
20355,9,2
20355,20,1
20356,37,3
20357,34,2
20357,36,2
20357,11,1
20357,19,1
20358,15,2
20358,12,3
20359,3,3
20359,31,3
20359,17,3
20360,17,3
20360,30,3
20360,11,1
20360,36,2
20361,26,2
20361,0,3
20362,27,3
20362,16,2
20362,35,2
20363,35,3
20363,24,2
20363,31,1
20364,27,2
20364,18,3
20364,28,2
20364,1,1
20365,20,3
20365,1,3
20365,28,2
20365,10,2
20366,24,3
20366,7,1
20366,13,1
20367,11,2
20368,25,1
20368,27,3
20368,17,2
20369,21,3
20369,28,2
20369,20,3
20370,16,3
20370,2,3
20370,1,2
20371,36,2
20371,17,2
20371,38,1
20371,6,1
20372,4,3
20372,35,3
20373,16,1
20374,33,1
20374,6,1
20374,24,3
20374,5,2
20375,18,3
20376,16,3
20377,1,3
20377,21,3
20378,1,3
20378,29,2
20378,23,2
20378,25,2
20379,14,2
20379,32,2
20379,11,1
20380,3,1
20380,29,2
20381,18,1
20381,25,3
20381,5,1
20381,31,3
20382,19,3
20382,16,1
20382,28,1
20382,36,3
20383,4,2
20383,32,1
20383,27,2
20384,25,1
20384,12,1
20384,30,2
20384,37,2
20385,21,1
20386,11,3
20386,31,1
20386,16,2
20386,10,3
20387,31,1
20387,26,2
20387,25,2
20387,20,3
20388,37,1
20389,35,3
20389,21,2
20389,17,1
20390,5,2
20390,29,3
20391,27,3
20392,34,1
20392,22,2
20392,35,1
20392,10,2
20393,31,2
20394,22,3
20395,24,2
20395,32,3
20396,10,3
20397,29,1
20398,10,1
20398,8,1
20399,31,3
20399,18,2
20400,19,1
20400,20,2
20401,9,3
20401,6,1
20401,3,2
20401,5,2
20402,6,2
20402,36,1
20402,22,1
20402,17,1
20403,23,1
20403,7,1
20404,28,2
20404,24,2
20404,8,2
20404,4,3
20405,26,3
20405,19,2
20406,11,3
20406,34,3
20406,8,3
20407,32,1
20407,19,3
20407,23,1
20407,4,2
20408,35,1
20409,32,1
20410,23,1
20411,13,2
20411,33,1
20412,31,3
20412,7,2
20412,26,3
20413,7,1
20413,17,3
20413,4,1
20414,6,3
20414,3,2
20414,34,2
20415,32,2
20416,8,3
20416,3,3
20416,25,3
20417,36,1
20417,31,2
20417,10,2
20417,3,2
20418,15,1
20418,20,3
20418,4,1
20418,38,1
20419,19,1
20419,8,1
20419,1,2
20419,4,3
20420,8,3
20420,7,3
20420,34,3
20420,21,1
20421,1,2
20422,24,1
20423,26,1
20423,3,2
20423,19,1
20424,22,2
20424,34,3
20424,38,3
20425,31,3
20425,34,2
20425,2,3
20425,23,3
20426,33,3
20426,31,2
20427,30,1
20428,24,2
20428,35,3
20428,16,2
20429,3,1
20429,19,3
20429,18,1
20430,8,3
20431,18,1
20431,1,2
20431,30,3
20432,8,2
20432,27,1
20432,30,1
20433,19,3
20433,22,2
20434,38,2
20434,7,2
20434,18,3
20434,19,3
20435,35,1
20435,0,3
20435,7,1
20435,26,1
20436,35,2
20436,38,1
20437,33,1
20438,16,2
20438,18,1
20438,37,2
20438,5,1
20439,19,3
20440,4,2
20440,12,1
20440,25,3
20441,8,1
20441,36,1
20441,10,3
20441,20,3
20442,8,1
20442,10,2
20443,32,1
20443,11,1
20443,19,1
20443,15,2
20444,32,2
20444,12,1
20444,21,1
20445,26,2
20445,4,3
20446,10,1
20446,33,1
20446,20,1
20446,29,1
20447,24,2
20447,0,3
20448,37,1
20448,27,2
20448,3,2
20448,38,2
20449,27,3
20449,26,3
20450,6,1
20451,23,1
20451,25,1
20451,4,2
20452,36,3
20452,29,3
20452,19,3
20452,24,1
20453,13,1
20453,31,3
20453,26,3
20453,11,1
20454,30,1
20454,3,2
20454,5,2
20454,29,3
20455,4,1
20455,5,2
20455,1,3
20456,21,3
20456,36,1
20456,20,3
20457,34,3
20458,12,3
20458,31,1
20458,37,2
20459,20,2
20459,30,2
20459,4,1
20459,10,2
20460,12,3
20460,16,2
20460,2,3
20461,34,3
20461,17,3
20461,20,2
20461,11,3
20462,7,2
20462,23,1
20462,17,3
20463,2,2
20464,26,2
20464,29,3
20465,7,2
20466,33,1
20467,6,1
20467,10,3
20467,31,2
20467,26,2
20468,27,2
20468,32,1
20468,33,1
20468,22,3
20469,31,1
20470,27,2
20470,20,2
20470,34,2
20470,9,1
20471,10,3
20471,3,3
20471,30,1
20472,16,1
20472,28,2
20473,5,2
20473,36,1
20473,30,1
20473,7,3
20474,37,2
20474,29,2
20474,26,3
20474,9,3
20475,35,3
20475,14,2
20476,0,3
20477,30,3
20478,27,1
20478,7,3
20478,14,1
20479,25,1
20479,34,2
20480,28,2
20480,15,1
20480,6,2
20481,1,3
20482,3,1
20482,9,1
20483,5,3
20484,13,1
20484,7,3
20484,17,3
20485,18,2
20485,37,3
20485,11,1
20486,22,1
20486,28,2
20486,32,1
20487,33,1
20487,3,2
20487,1,1
20488,32,3
20489,15,3
20489,31,3
20489,11,1
20489,36,2
20490,38,3
20490,9,2
20490,6,3
20491,36,2
20491,34,1
20491,8,1
20492,0,3
20493,21,3
20493,36,2
20493,30,2
20493,11,1
20494,30,2
20494,31,2
20494,17,2
20495,37,2
20495,7,2
20495,8,3
20496,20,1
20496,9,2
20497,29,2
20497,4,2
20497,14,3
20498,12,3
20498,7,3
20498,6,2
20498,2,1
20499,38,3
20500,0,1
20500,19,3
20500,12,3
20501,35,2
20501,30,2
20501,9,1
20501,20,3
20502,13,1
20502,19,2
20502,35,3
20502,28,3
20503,15,3
20503,19,1
20503,5,1
20504,25,1
20504,26,1
20504,22,1
20504,27,1
20505,7,1
20506,26,2
20507,35,1
20507,36,1
20507,15,1
20508,36,1
20508,6,3
20508,17,2
20509,5,3
20510,33,3
20511,30,2
20512,36,3
20513,24,3
20513,35,2
20513,38,3
20514,36,1
20514,33,1
20514,17,3
20514,24,1
20515,9,3
20515,36,3
20515,8,1
20515,2,3
20516,14,1
20516,35,2
20516,5,1
20517,27,1
20517,31,3
20517,7,2
20517,2,1
20518,25,1
20519,26,2
20520,8,2
20520,25,1
20520,16,3
20521,30,2
20521,13,3
20522,33,3
20522,24,1
20522,32,2
20523,35,2
20523,4,1
20523,2,2
20524,20,2
20524,36,2
20524,3,3
20525,17,1
20525,7,2
20526,0,3
20526,28,3
20526,2,1
20526,23,1
20527,31,1
20527,14,3
20527,7,2
20527,2,2
20528,17,2
20528,18,3
20528,36,2
20528,20,2
20529,18,3
20529,38,1
20529,31,3
20529,11,1
20530,36,2
20530,38,2
20531,19,2
20531,3,2
20532,26,1
20532,20,2
20532,1,1
20532,37,3
20533,2,3
20533,33,1
20533,21,2
20534,3,3
20534,2,2
20535,14,1
20535,15,2
20535,10,1
20536,10,3
20536,0,1
20537,17,1
20537,7,2
20537,21,1
20538,22,2
20538,16,2
20538,37,2
20538,30,2
20539,11,3
20539,13,3
20539,1,2
20540,36,3
20540,2,2
20540,37,3
20541,27,1
20541,18,1
20542,22,3
20543,18,2
20543,38,2
20543,22,2
20543,2,3
20544,37,3
20544,27,1
20544,10,2
20544,0,3
20545,34,1
20546,36,2
20546,31,3
20547,5,1
20548,29,2
20548,25,2
20549,25,3
20550,19,3
20551,28,2
20551,12,3
20552,31,1
20553,32,2
20553,35,1
20553,34,1
20553,23,1
20554,7,2
20554,20,1
20554,15,1
20555,10,2
20556,12,2
20557,10,1
20557,16,1
20557,29,3
20558,26,1
20559,16,1
20560,19,2
20560,9,1
20561,38,2
20561,11,1
20561,36,3
20561,0,3
20562,18,1
20563,14,1
20564,11,1
20565,10,1
20565,3,1
20565,13,2
20566,23,3
20567,29,3
20567,7,2
20567,4,1
20567,27,1
20568,23,3
20569,13,1
20569,16,1
20569,11,1
20570,8,3
20570,11,3
20570,22,3
20571,37,3
20571,9,1
20572,0,3
20572,20,1
20573,31,2
20574,24,2
20574,37,2
20574,8,2
20575,9,2
20576,2,3
20577,30,3
20577,13,2
20577,0,3
20577,25,3
20578,32,1
20579,0,1
20579,28,2
20580,6,1
20580,0,1
20580,38,1
20581,28,1
20581,1,2
20581,38,3
20581,36,3
20582,2,2
20583,5,2
20583,6,3
20584,5,2
20585,25,2
20585,3,2
20585,20,2
20586,20,1
20586,16,3
20586,19,3
20587,27,2
20587,36,1
20587,4,2
20587,24,2
20588,31,3
20589,35,3
20589,22,3
20589,32,3
20589,14,1
20590,26,3
20590,19,2
20590,5,3
20590,25,2
20591,16,3
20591,12,1
20591,29,2
20592,7,2
20592,4,3
20592,3,3
20592,32,3
20593,33,1
20594,38,1
20594,8,2
20594,9,2
20595,33,3
20595,9,2
20596,38,3
20596,18,3
20597,34,3
20597,17,2
20598,10,3
20598,13,2
20599,15,2
20599,1,1
20599,21,3
20600,8,3
20600,7,3
20601,9,3
20601,13,1
20601,30,3
20601,10,2
20602,35,1
20602,5,1
20602,28,1
20603,11,2
20604,17,1
20605,20,1
20605,4,3
20605,37,3
20606,16,2
20607,20,2
20607,26,1
20607,17,3
20608,34,3
20608,10,1
20608,26,3
20609,33,1
20609,24,3
20609,6,3
20609,37,1
20610,5,3
20611,0,2
20611,11,1
20611,12,1
20612,16,3
20612,17,3
20613,8,1
20613,36,1
20614,3,1
20615,28,2
20615,10,1
20615,3,2
20615,9,3
20616,38,3
20616,13,2
20617,12,2
20617,21,1
20617,27,1
20618,7,3
20618,27,1
20619,17,1
20619,32,1
20619,29,2
20620,16,3
20621,35,3
20621,15,2
20622,31,1
20623,9,2
20623,33,1
20623,34,3
20623,25,2
20624,33,1
20624,31,2
20625,4,3
20625,27,1
20626,1,1
20626,38,3
20626,18,1
20626,12,1
20627,9,2
20627,15,1
20628,12,2
20628,19,3
20629,8,2
20629,19,2
20629,26,3
20630,8,3
20630,29,2
20630,21,2
20630,6,3
20631,25,2
20631,6,1
20631,0,1
20632,23,1
20632,14,3
20632,13,1
20633,4,2
20634,32,2
20634,15,1
20634,7,3
20634,30,2
20635,9,1
20635,28,3
20635,32,3
20635,30,2
20636,15,1
20637,38,1
20638,1,2
20638,19,1
20639,30,1
20639,35,2
20639,8,1
20640,37,2
20640,33,2
20640,34,3
20640,19,3
20641,36,1
20641,35,2
20641,13,3
20641,3,3
20642,12,2
20643,6,2
20643,30,2
20643,21,2
20643,0,1
20644,36,3
20645,38,3
20646,16,1
20646,10,1
20646,32,1
20647,34,3
20647,38,1
20647,18,2
20648,13,3
20648,1,1
20648,12,2
20648,4,3
20649,5,1
20649,36,3
20649,19,1
20649,22,3
20650,38,3
20650,27,1
20650,37,3
20650,34,3
20651,28,2
20651,18,3
20651,8,2
20651,3,2
20652,21,2
20653,4,2
20653,7,3
20653,23,1
20654,29,1
20654,30,3
20654,11,1
20654,34,2
20655,33,3
20655,31,2
20655,2,2
20655,18,2
20656,17,3
20656,7,1
20656,0,1
20657,8,2
20658,18,2
20658,5,3
20658,0,2
20659,7,3
20660,1,3
20660,35,1
20660,4,3
20661,32,1
20662,10,3
20662,11,3
20662,16,1
20663,17,1
20663,18,3
20663,26,2
20664,28,3
20665,2,3
20665,25,3
20666,18,1
20666,4,3
20666,33,2
20667,17,2
20668,22,1
20668,11,3
20668,25,3
20668,3,2
20669,37,1
20669,34,2
20670,10,1
20671,21,2
20671,11,1
20671,3,1
20672,9,1
20672,11,3
20673,14,2
20673,35,2
20674,3,3
20675,31,2
20675,22,2
20675,5,1
20675,14,2
20676,24,3
20676,37,2
20677,27,1
20677,37,1
20678,14,3
20678,32,2
20678,10,3
20678,34,1
20679,32,2
20679,16,1
20679,13,3
20680,21,3
20680,4,3
20680,0,2
20681,1,1
20681,26,1
20681,34,1
20682,25,3
20682,1,3
20682,2,2
20683,38,3
20684,15,2
20684,8,2
20684,18,3
20685,38,2
20685,22,2
20685,1,2
20685,0,2
20686,36,1
20686,34,3
20686,37,1
20687,27,3
20687,23,2
20688,28,2
20688,37,2
20689,31,1
20689,22,1
20690,34,3
20691,0,1
20691,30,3
20691,11,3
20692,3,1
20692,14,1
20692,5,2
20693,0,3
20694,28,1
20694,25,1
20694,4,3
20694,24,3
20695,20,1
20696,28,2
20697,28,2
20698,8,3
20698,2,3
20698,36,2
20699,27,3
20700,20,1
20701,15,2
20701,36,1
20702,11,3
20702,26,2
20702,34,2
20703,22,1
20704,18,3
20704,25,2
20705,31,1
20706,21,3
20706,18,1
20706,15,1
20706,24,1
20707,19,3
20707,27,3
20708,31,2
20708,37,3
20708,36,1
20708,24,3
20709,15,3
20709,1,1
20709,19,3
20710,12,2
20710,2,1
20710,30,2
20710,18,3
20711,13,2
20711,1,3
20712,30,3
20712,33,1
20712,21,3
20712,28,3
20713,35,2
20714,14,3
20714,32,1
20714,3,3
20715,31,3
20715,26,2
20716,9,1
20716,7,1
20716,24,1
20717,38,2
20717,19,2
20717,0,3
20717,24,1
20718,21,2
20718,5,3
20719,1,2
20720,13,1
20721,9,1
20722,1,1
20722,15,2
20722,18,3
20722,10,2
20723,11,1
20723,4,1
20723,18,3
20724,22,2
20724,1,3
20724,24,1
20724,2,1
20725,32,2
20725,23,3
20726,9,2
20726,16,2
20726,17,3
20727,35,1
20727,30,2
20728,20,1
20729,34,2
20729,23,2
20730,0,3
20730,15,1
20730,23,2
20730,14,3
20731,23,3
20732,34,2
20732,0,1
20732,31,2
20732,1,3
20733,21,1
20733,36,3
20733,6,2
20734,20,2
20734,32,3
20734,37,1
20735,32,3
20735,4,1
20735,14,2
20736,27,3
20736,0,3
20737,31,3
20738,6,3
20738,10,2
20738,1,2
20739,9,1
20739,32,2
20739,6,3
20740,37,1
20740,29,1
20740,24,3
20741,11,3
20741,22,3
20742,34,2
20742,37,1
20742,19,3
20742,1,2
20743,10,1
20743,30,3
20743,29,2
20744,15,2
20744,21,1
20744,25,3
20745,30,2
20745,5,1
20745,22,1
20745,28,3
20746,24,2
20746,31,3
20746,18,2
20747,26,1
20747,28,3
20747,30,3
20748,6,2
20748,10,1
20748,20,3
20748,28,2
20749,2,2
20750,3,1
20750,13,3
20751,31,1
20751,15,2
20751,26,1
20751,3,1
20752,4,1
20752,32,2
20752,9,3
20753,16,2
20753,1,3
20753,33,1
20753,36,2
20754,35,3
20754,27,3
20754,2,1
20754,21,3
20755,34,3
20756,26,1
20756,9,2
20756,38,2
20756,4,2
20757,18,3
20757,21,1
20758,25,3
20758,4,1
20759,35,1
20759,3,1
20759,22,3
20760,4,2
20761,18,3
20762,24,3
20763,12,3
20764,18,2
20764,36,3
20764,5,2
20764,24,3
20765,16,3
20765,21,1
20765,32,1
20765,20,2
20766,27,1
20766,31,1
20767,3,1
20767,17,1
20767,4,1
20768,37,1
20768,0,3
20769,18,2
20770,36,2
20770,7,2
20770,25,1
20771,38,2
20771,26,3
20772,37,3
20772,31,2
20773,28,3
20773,34,2
20773,17,2
20773,23,3
20774,31,3
20774,25,1
20775,17,2
20776,10,3
20776,26,1
20776,6,2
20777,9,3
20777,26,1
20777,1,2
20778,20,3
20778,12,3
20778,28,1
20778,25,1
20779,14,1
20779,23,1
20779,12,2
20779,6,1
20780,30,1
20781,2,3
20782,24,2
20782,1,2
20783,29,2
20783,4,2
20784,11,1
20784,5,3
20784,14,2
20785,7,3
20786,37,3
20786,9,3
20786,18,3
20786,35,1
20787,25,3
20788,11,3
20788,26,1
20788,8,3
20788,12,2
20789,10,3
20790,34,2
20791,18,2
20792,29,3
20792,12,2
20793,1,3
20793,0,2
20794,0,3
20794,15,1
20794,36,3
20794,6,3
20795,22,2
20795,7,1
20795,3,3
20795,21,3
20796,5,2
20796,12,3
20797,10,3
20798,22,2
20798,25,2
20799,30,3
20799,7,2
20800,34,3
20800,9,3
20801,38,2
20801,12,3
20801,23,3
20801,28,3
20802,18,1
20802,23,3
20803,19,1
20804,28,2
20804,2,3
20804,25,3
20805,1,1
20806,34,1
20807,5,2
20807,6,3
20807,21,2
20808,19,3
20808,20,2
20809,29,3
20809,23,2
20810,20,1
20810,28,1
20810,34,1
20810,19,1
20811,5,3
20812,38,3
20812,5,1
20812,18,3
20813,14,3
20814,33,1
20814,30,2
20814,18,1
20814,12,1
20815,28,2
20815,37,1
20815,14,1
20816,8,3
20816,31,3
20816,28,3
20816,36,3
20817,3,2
20817,7,3
20817,8,2
20817,32,3
20818,0,3
20819,5,2
20819,32,2
20819,6,1
20820,16,1
20821,36,1
20822,11,3
20822,18,2
20822,26,1
20822,12,2
20823,33,1
20823,6,3
20823,35,1
20823,34,1
20824,27,2
20824,22,1
20825,20,1
20825,24,1
20825,7,2
20826,15,3
20826,21,1
20826,30,1
20827,11,3
20827,3,2
20828,8,3
20828,2,1
20828,16,2
20829,37,3
20829,27,3
20829,22,1
20829,18,1
20830,22,1
20831,36,3
20832,9,1
20832,36,1
20832,10,2
20833,32,1
20833,12,2
20834,8,1
20834,3,2
20834,27,3
20835,13,1
20835,3,1
20835,15,1
20836,21,1
20837,13,3
20837,18,2
20837,12,1
20838,1,1
20838,10,2
20839,33,2
20839,25,1
20840,34,2
20840,35,3
20840,1,2
20841,4,2
20841,34,1
20841,37,1
20841,25,1
20842,20,3
20842,36,2
20842,32,1
20843,5,3
20843,22,3
20843,20,1
20843,7,1
20844,6,2
20844,32,3
20845,6,3
20846,19,1
20846,1,3
20847,2,2
20847,30,1
20847,11,3
20847,35,2
20848,37,2
20848,20,3
20848,13,3
20848,3,3
20849,1,2
20850,35,2
20851,18,3
20851,30,3
20851,3,1
20852,14,3
20852,20,2
20852,15,1
20852,26,2
20853,30,2
20853,1,2
20854,37,2
20854,1,2
20854,27,2
20855,30,3
20855,23,2
20855,17,2
20855,2,1
20856,17,1
20857,18,2
20858,3,2
20859,16,2
20859,19,1
20859,15,3
20859,20,3
20860,3,1
20860,28,1
20860,13,2
20861,4,1
20861,24,1
20861,15,2
20861,20,1
20862,20,2
20862,25,2
20863,1,3
20864,22,1
20864,34,1
20864,23,3
20865,13,3
20865,4,2
20865,34,3
20866,34,3
20867,9,3
20867,34,1
20868,20,1
20868,29,1
20868,6,2
20868,26,3
20869,6,3
20869,28,2
20869,34,3
20869,15,3
20870,33,1
20871,22,1
20872,6,1
20872,11,3
20872,23,3
20872,31,1
20873,26,3
20873,1,1
20873,22,3
20873,11,2
20874,26,1
20874,35,3
20874,33,2
20875,34,3
20876,32,1
20877,24,2
20877,21,3
20878,7,1
20878,20,2
20878,14,2
20878,19,3
20879,18,2
20879,6,3
20879,8,1
20879,14,1
20880,15,1
20880,3,1
20880,10,2
20880,26,2
20881,9,3
20881,27,2
20881,16,3
20881,20,2
20882,8,2
20882,5,1
20882,11,1
20883,18,2
20883,31,2
20884,17,3
20884,11,2
20884,15,3
20884,28,1
20885,25,2
20885,19,2
20885,14,3
20885,32,3
20886,0,1
20886,22,2
20887,35,3
20887,24,2
20888,17,1
20888,22,3
20889,7,1
20889,22,3
20890,28,2
20890,12,2
20890,27,1
20890,31,2
20891,10,2
20891,22,3
20892,23,3
20892,35,3
20893,16,2
20893,35,2
20893,28,2
20894,36,3
20894,7,2
20894,38,2
20895,14,2
20895,32,2
20895,18,3
20896,7,2
20897,12,3
20897,21,3
20897,13,3
20897,8,3
20898,10,1
20898,16,1
20898,19,2
20899,9,1
20899,16,1
20899,18,1
20900,35,1
20900,9,2
20900,36,3
20901,32,1
20901,21,1
20901,27,3
20901,4,1
20902,28,1
20902,4,2
20903,15,2
20903,25,1
20903,18,3
20904,23,1
20904,20,2
20905,10,3
20905,9,2
20905,0,3
20905,3,1
20906,33,1
20906,6,2
20906,9,3
20906,10,3
20907,38,3
20907,29,2
20908,16,3
20909,19,2
20909,5,2
20909,18,1
20910,0,1
20911,4,2
20911,22,1
20911,1,1
20912,26,2
20912,37,1
20912,27,1
20912,16,2
20913,8,1
20914,0,3
20915,25,3
20915,12,1
20916,18,1
20916,21,2
20916,31,3
20916,11,1
20917,0,3
20917,13,2
20918,21,1
20918,38,2
20918,5,2
20919,22,1
20919,11,2
20919,13,1
20919,25,2
20920,3,2
20921,29,3
20921,37,3
20922,17,3
20922,38,3
20922,22,2
20922,4,1
20923,2,2
20923,35,2
20924,6,2
20924,7,1
20924,15,2
20925,1,2
20925,0,1
20926,22,3
20927,36,2
20928,3,3
20928,9,3
20928,25,2
20928,22,2
20929,33,2
20929,18,2
20930,33,2
20930,35,1
20931,5,2
20931,3,2
20931,19,2
20932,20,3
20932,29,1
20932,12,2
20933,6,1
20934,23,2
20935,25,2
20935,0,1
20935,7,3
20935,8,1
20936,34,3
20937,28,2
20937,11,1
20937,31,1
20938,30,1
20939,32,3
20939,19,2
20940,31,3
20941,35,3
20941,13,2
20941,38,2
20942,25,2
20943,24,2
20944,20,2
20944,8,3
20944,31,3
20944,19,2
20945,28,3
20945,31,1
20945,2,1
20945,22,1
20946,2,1
20947,18,3
20947,32,3
20948,20,1
20949,25,2
20949,11,2
20949,18,3
20949,34,1
20950,23,1
20950,8,1
20951,23,3
20951,8,2
20951,37,2
20952,1,3
20952,3,1
20952,11,3
20952,27,3
20953,6,3
20954,9,2
20954,12,1
20954,3,1
20954,31,1
20955,1,3
20956,19,1
20957,5,3
20957,33,1
20958,8,1
20958,25,1
20958,36,2
20959,9,3
20959,2,3
20959,30,1
20959,12,2
20960,35,1
20960,20,1
20960,13,1
20960,26,2
20961,8,2
20962,10,1
20962,20,2
20962,0,2
20962,12,1
20963,35,2
20963,33,2
20964,23,1
20965,14,3
20966,11,1
20967,6,2
20967,9,1
20968,23,3
20968,33,2
20969,37,1
20969,26,3
20969,8,3
20970,37,3
20970,35,1
20971,22,1
20971,8,3
20972,11,1
20972,29,2
20973,8,1
20973,19,1
20973,10,2
20974,22,2
20974,19,2
20974,38,1
20975,15,2
20975,36,1
20976,19,1
20976,6,2
20977,6,3
20977,24,1
20977,30,3
20978,26,3
20978,37,3
20979,11,3
20980,21,3
20980,6,2
20980,9,1
20980,23,2
20981,33,3
20981,23,3
20981,7,1
20982,37,1
20982,6,3
20982,3,2
20983,30,1
20983,36,2
20983,0,3
20983,4,3
20984,29,2
20984,27,2
20985,8,2
20985,14,2
20985,7,1
20986,4,1
20987,23,3
20988,16,3
20988,13,3
20988,29,2
20989,36,1
20989,31,3
20989,30,2
20989,25,1
20990,14,3
20990,37,3
20991,17,2
20991,19,3
20992,11,2
20992,6,2
20992,30,1
20993,34,1
20993,25,1
20993,14,2
20994,28,1
20994,11,3
20994,16,1
20994,31,2
20995,36,1
20996,16,1
20996,32,1
20996,28,1
20996,6,1
20997,24,2
20997,31,3
20998,23,3
20998,36,2
20998,1,2
20998,17,2
20999,8,2
20999,5,1
21000,9,2
21000,27,2
21000,3,3
21000,13,2
21001,28,2
21001,36,2
21001,8,2
21001,15,3
21002,31,2
21002,17,2
21002,10,1
21002,36,3
21003,12,1
21003,17,1
21004,26,2
21005,3,1
21005,9,2
21005,33,3
21006,35,2
21006,34,1
21007,32,1
21007,26,3
21007,9,1
21008,37,3
21009,34,3
21009,28,1
21009,25,1
21009,9,1
21010,21,2
21010,27,3
21011,8,2
21011,31,1
21011,33,1
21011,5,1
21012,1,2
21012,32,1
21012,16,2
21013,19,3
21013,16,3
21014,19,2
21014,16,3
21015,15,3
21015,8,1
21015,13,2
21016,38,2
21017,35,2
21017,36,1
21017,32,3
21018,27,3
21018,25,3
21018,23,2
21019,28,2
21020,28,1
21020,33,2
21020,29,2
21020,23,2
21021,28,1
21021,7,3
21021,10,3
21021,23,2
21022,35,3
21022,28,3
21022,11,1
21023,22,1
21023,1,1
21023,4,1
21024,23,2
21024,27,1
21024,33,1
21025,25,3
21025,17,3
21025,33,1
21025,37,2
21026,4,2
21026,16,2
21026,3,2
21027,11,2
21027,31,3
21028,26,1
21028,33,3
21028,18,3
21029,35,1
21029,17,3
21029,33,2
21030,29,1
21031,8,2
21031,28,2
21031,34,1
21032,24,3
21033,5,2
21033,28,3
21033,4,1
21033,25,1
21034,18,1
21034,31,2
21035,22,3
21035,3,3
21036,27,3
21036,8,1
21036,19,2
21036,7,3
21037,9,1
21037,19,3
21037,7,2
21038,16,1
21038,17,1
21038,23,2
21038,22,2
21039,15,2
21040,1,1
21040,5,2
21040,2,3
21040,4,1
21041,10,1
21041,2,1
21041,26,3
21042,20,2
21042,31,3
21042,15,3
21042,30,3
21043,0,1
21043,16,1
21043,23,2
21043,30,3
21044,36,1
21044,6,1
21045,12,3
21046,33,2
21046,11,3
21047,32,3
21047,28,1
21047,22,3
21048,27,1
21048,1,2
21048,30,1
21048,37,3
21049,4,1
21049,3,2
21049,8,3
21049,1,1
21050,7,1
21051,23,2
21052,10,2
21052,36,3
21052,17,1
21053,38,2
21053,0,2
21053,17,3
21054,30,1
21054,36,3
21055,13,1
21055,31,3
21055,15,2
21055,17,3
21056,7,1
21056,13,3
21056,20,3
21056,5,1
21057,36,3
21057,15,2
21057,18,3
21057,23,1
21058,4,2
21058,21,1
21058,5,3
21059,19,3
21060,15,3
21060,18,3
21060,0,3
21060,13,3
21061,23,1
21061,11,2
21061,16,3
21062,26,1
21063,24,3
21063,22,2
21063,7,3
21063,37,2
21064,38,3
21064,33,2
21064,35,1
21065,14,2
21065,29,1
21065,21,3
21065,28,1
21066,36,1
21067,11,1
21068,21,1
21068,17,2
21068,11,3
21068,20,2
21069,3,1
21069,33,2
21069,23,2
21069,28,1
21070,17,1
21070,28,2
21070,3,3
21070,19,2
21071,25,2
21071,21,2
21072,24,2
21073,31,3
21073,9,2
21074,15,1
21074,24,3
21074,29,2
21074,9,2
21075,26,2
21075,37,3
21075,30,1
21076,3,1
21077,31,1
21077,30,1
21078,3,1
21078,24,1
21079,0,1
21080,32,2
21081,2,3
21081,23,3
21081,16,2
21081,17,1
21082,13,2
21082,10,3
21082,31,3
21083,13,3
21084,4,2
21084,21,3
21085,35,3
21085,38,3
21086,34,2
21086,38,1
21086,18,3
21086,37,3
21087,32,3
21087,18,1
21087,20,1
21088,11,3
21088,36,2
21088,10,2
21089,24,3
21089,14,3
21089,30,3
21090,19,2
21090,14,2
21090,20,1
21090,0,2
21091,18,1
21091,32,2
21092,36,3
21092,32,1
21092,21,3
21093,28,1
21093,32,2
21093,15,1
21094,5,2
21094,6,2
21094,30,1
21095,36,2
21095,35,2
21095,5,1
21095,23,1
21096,37,2
21096,18,2
21097,36,3
21097,14,3
21098,30,2
21098,3,2
21098,0,2
21098,4,3
21099,8,3
21100,1,3
21100,3,3
21100,37,3
21100,27,3
21101,28,1
21102,5,1
21102,1,2
21103,18,2
21103,16,1
21104,14,3
21105,19,3
21106,15,2
21106,27,1
21106,34,2
21106,0,1
21107,5,1
21107,19,2
21107,12,2
21107,16,2
21108,27,3
21108,3,1
21108,17,1
21109,36,2
21109,21,1
21110,6,3
21110,9,2
21110,29,1
21110,3,3
21111,15,2
21111,14,1
21111,1,3
21112,34,1
21112,38,1
21113,16,2
21113,31,3
21113,30,2
21114,25,3
21114,29,2
21114,23,1
21114,18,2
21115,24,3
21116,35,2
21116,14,1
21117,10,2
21118,2,3
21118,29,1
21118,34,2
21118,26,2
21119,19,3
21119,22,2
21119,25,1
21120,31,3
21120,1,2
21120,32,3
21121,35,1
21121,19,1
21122,35,3
21122,14,3
21122,10,3
21122,16,3
21123,12,3
21124,7,2
21124,24,2
21125,18,3
21125,24,2
21125,5,1
21125,19,2
21126,12,3
21126,27,2
21127,37,2
21128,25,1
21129,25,2
21129,33,1
21129,6,2
21129,29,2
21130,9,1
21130,6,1
21130,2,3
21131,18,3
21131,29,3
21131,13,3
21131,34,1
21132,5,2
21132,28,3
21133,7,3
21133,28,3
21133,8,1
21133,18,1
21134,38,3
21135,14,2
21135,25,2
21136,3,3
21136,36,3
21136,32,1
21136,26,2
21137,6,3
21137,7,1
21137,29,1
21138,32,1
21138,29,1
21138,37,2
21139,27,3
21139,28,3
21139,2,2
21139,34,1
21140,6,2
21140,7,3
21140,31,2
21141,1,3
21141,31,1
21141,38,2
21142,2,1
21143,12,1
21143,15,3
21143,21,1
21143,27,2
21144,1,3
21144,8,1
21144,37,1
21145,32,2
21145,36,1
21145,30,2
21146,35,3
21146,7,3
21146,23,1
21147,11,2
21148,10,2
21148,0,2
21148,2,1
21149,3,2
21149,19,1
21149,34,1
21149,12,1
21150,29,3
21151,3,3
21152,5,3
21153,12,3
21153,29,1
21153,24,3
21154,22,3
21154,2,2
21154,14,2
21155,10,2
21155,24,2
21156,4,2
21157,19,1
21157,30,1
21157,13,3
21157,24,3
21158,27,2
21158,26,3
21158,14,2
21159,2,2
21159,16,3
21159,35,3
21160,32,3
21160,15,3
21160,30,1
21161,30,3
21162,16,2
21162,14,1
21162,8,2
21163,20,1
21163,29,2
21163,33,1
21164,23,2
21164,32,1
21164,18,2
21165,11,1
21165,29,3
21165,38,2
21166,8,3
21167,21,2
21167,26,1
21167,35,2
21167,18,1
21168,17,1
21168,21,3
21169,9,1
21170,3,2
21170,31,2
21171,24,3
21172,20,2
21172,27,2
21172,22,2
21173,22,2
21174,14,2
21175,12,1
21175,1,1
21176,26,1
21176,1,1
21176,31,2
21176,35,3
21177,11,2
21177,4,1
21177,9,1
21177,7,2
21178,16,1
21178,15,2
21179,31,2
21179,17,3
21180,7,2
21180,22,3
21180,34,3
21181,32,2
21182,31,3
21182,17,3
21182,38,2
21182,11,1
21183,19,3
21183,5,2
21183,37,1
21183,17,1
21184,22,1
21184,34,3
21184,26,2
21184,35,3
21185,1,3
21185,28,1
21186,20,2
21187,24,1
21187,6,1
21187,19,2
21187,17,2
21188,33,3
21188,24,1
21189,17,1
21190,7,1
21190,22,1
21190,28,1
21190,24,3
21191,24,1
21192,12,3
21193,22,2
21194,16,3
21195,12,2
21196,2,1
21197,35,2
21197,31,1
21197,34,1
21197,14,2
21198,12,1
21198,11,2
21198,18,1
21198,1,1
21199,36,1
21199,27,2
21199,10,1
21200,17,2
21200,3,1
21200,37,3
21201,7,2
21201,21,1
21201,3,1
21201,13,3
21202,2,3
21202,18,3
21202,28,2
21203,33,3
21203,10,1
21203,26,3
21204,3,1
21204,19,1
21204,7,2
21205,19,1
21205,18,2
21206,38,1
21206,18,2
21207,0,3
21208,10,1
21208,28,2
21208,18,3
21209,14,2
21209,20,2
21210,25,3
21211,5,3
21211,26,1
21211,35,2
21212,18,2
21213,21,3
21213,8,1
21213,4,1
21213,20,2
21214,11,1
21214,35,2
21214,30,1
21214,4,3
21215,13,2
21215,16,2
21215,12,2
21215,27,3
21216,4,3
21216,32,2
21216,8,2
21216,25,3
21217,27,2
21217,36,2
21217,0,1
21217,9,3
21218,8,3
21219,5,2
21220,23,2
21220,1,2
21220,31,2
21221,14,2
21221,24,2
21221,31,3
21221,17,3
21222,2,2
21222,4,2
21222,10,3
21223,32,1
21223,1,2
21224,1,1
21224,15,1
21225,26,1
21226,35,1
21226,5,1
21226,34,1
21227,38,1
21227,7,1
21227,0,1
21227,14,2
21228,16,3
21228,19,3
21228,28,1
21229,20,3
21230,26,1
21230,14,1
21230,15,1
21230,32,1
21231,21,2
21232,34,3
21232,31,1
21233,26,3
21233,24,1
21233,20,3
21234,8,1
21235,38,1
21235,26,3
21235,21,3
21236,32,3
21237,31,3
21237,4,2
21237,8,3
21237,12,2
21238,13,1
21238,22,3
21238,24,1
21238,7,2
21239,31,3
21239,5,2
21240,22,3
21240,13,1
21240,23,1
21240,15,1
21241,34,2
21241,29,3
21241,1,2
21241,8,1
21242,12,1
21243,24,1
21243,38,2
21243,10,3
21244,4,1
21245,26,1
21246,20,1
21246,26,1
21246,0,1
21247,36,2
21247,24,3
21247,28,2
21248,29,3
21249,38,2
21249,7,1
21249,11,2
21249,19,2
21250,34,1
21251,20,1
21252,2,2
21252,17,1
21253,11,3
21253,3,3
21253,1,1
21254,10,3
21254,35,1
21254,16,2
21254,26,1
21255,25,3
21255,38,2
21255,4,1
21256,36,2
21256,34,1
21256,20,1
21256,4,1
21257,11,2
21258,21,3
21258,23,2
21259,1,2
21259,8,1
21259,10,3
21260,32,2
21261,22,3
21261,26,1
21261,35,3
21262,7,1
21262,37,2
21263,31,3
21263,35,3
21263,17,1
21264,7,2
21264,37,2
21264,16,2
21265,35,1
21265,11,1
21265,25,3
21265,14,1
21266,19,1
21266,11,3
21266,15,3
21267,26,2
21267,15,2
21267,3,3
21267,0,1
21268,10,1
21269,24,1
21269,2,2
21269,35,1
21269,20,2
21270,3,3
21270,15,2
21271,18,2
21271,7,1
21271,28,3
21271,15,1
21272,13,3
21272,3,2
21273,28,1
21273,34,1
21273,16,3
21274,9,1
21274,5,2
21275,26,2
21276,30,3
21276,20,2
21276,32,3
21276,29,1
21277,1,2
21277,16,2
21277,25,2
21277,35,2
21278,15,1
21279,12,3
21280,18,2
21280,5,1
21280,36,1
21280,13,3
21281,1,3
21281,11,2
21282,27,1
21282,32,2
21282,10,1
21282,12,1
21283,37,2
21283,14,2
21283,36,1
21284,23,3
21284,35,2
21284,36,2
21285,29,1
21285,9,3
21286,35,2
21287,5,1
21287,12,1
21287,38,1
21288,30,2
21288,18,1
21288,22,1
21289,16,2
21289,29,2
21290,1,3
21291,6,1
21292,24,3
21292,0,2
21292,2,1
21292,15,1
21293,10,1
21293,19,2
21293,31,3
21293,9,3
21294,27,3
21294,12,3
21294,18,3
21295,4,1
21295,38,1
21295,13,2
21296,10,1
21296,0,1
21297,4,1
21297,12,1
21298,0,3
21298,6,3
21298,26,1
21299,31,2
21299,22,2
21299,32,2
21300,28,1
21300,10,2
21300,25,3
21301,7,2
21301,18,2
21301,30,1
21302,19,2
21303,30,3
21303,35,1
21304,8,3
21304,38,2
21305,36,2
21305,38,1
21305,23,2
21306,28,1
21306,23,1
21306,2,1
21307,17,2
21307,13,2
21307,3,3
21307,12,1
21308,32,2
21309,2,1
21309,33,3
21309,23,2
21310,34,3
21311,31,1
21311,30,2
21312,0,1
21312,11,2
21313,8,2
21314,25,1
21315,31,1
21315,37,3
21315,7,3
21315,14,3
21316,16,3
21316,35,2
21317,36,2
21317,25,2
21318,30,1
21319,13,2
21319,5,3
21320,19,3
21320,20,1
21321,13,3
21321,23,1
21322,30,3
21323,9,2
21324,30,3
21324,1,3
21324,26,1
21325,29,3
21325,15,1
21326,27,1
21326,6,2
21327,1,2
21327,24,2
21328,19,1
21328,17,2
21328,30,2
21329,14,3
21329,36,2
21329,17,3
21330,37,3
21331,14,2
21332,32,3
21333,29,3
21333,2,3
21333,37,3
21334,37,2
21334,24,3
21335,36,3
21335,31,2
21335,16,3
21336,11,3
21336,1,1
21337,10,2
21338,24,3
21338,28,1
21338,15,1
21338,37,2
21339,31,2
21340,38,2
21340,37,2
21340,30,3
21341,27,3
21341,25,2
21341,8,1
21341,4,3
21342,1,2
21342,20,2
21343,25,2
21343,17,3
21343,36,3
21344,26,3
21345,11,1
21345,16,2
21346,38,1
21346,26,2
21347,4,2
21347,8,2
21348,17,2
21348,22,3
21348,24,2
21349,38,1
21349,26,3
21349,34,2
21349,1,1
21350,9,2
21351,3,2
21351,17,1
21352,8,1
21352,24,2
21352,6,3
21352,7,2
21353,21,1
21353,23,3
21354,3,3
21354,35,1
21354,20,2
21354,6,1
21355,19,1
21356,12,1
21356,20,1
21357,7,1
21357,4,3
21357,19,1
21357,31,3
21358,25,2
21358,38,3
21359,4,2
21359,27,2
21359,0,3
21360,28,1
21360,6,3
21360,10,2
21360,16,3
21361,0,2
21361,4,3
21361,3,1
21362,8,1
21362,11,1
21362,14,3
21362,27,1
21363,29,2
21363,17,1
21363,38,2
21364,25,2
21364,35,3
21365,5,3
21365,4,1
21365,16,1
21366,36,2
21366,6,1
21366,17,2
21366,2,2
21367,29,3
21367,16,2
21367,31,3
21368,19,1
21368,29,3
21368,10,2
21369,11,2
21369,3,1
21369,7,3
21370,12,3
21370,6,2
21370,26,1
21370,32,3
21371,17,1
21371,25,1
21371,33,2
21371,37,1
21372,35,2
21372,1,2
21373,38,1
21373,37,1
21374,24,3
21374,0,3
21375,7,3
21375,28,2
21375,2,1
21376,6,2
21377,1,2
21377,8,2
21378,35,2
21378,31,3
21378,21,2
21378,20,1
21379,36,2
21379,14,3
21380,28,1
21380,19,2
21380,17,3
21380,1,3
21381,27,3
21381,31,2
21381,22,3
21381,17,1
21382,25,2
21382,3,2
21382,8,3
21382,36,3
21383,19,2
21383,31,1
21383,27,3
21384,32,2
21384,19,2
21385,36,2
21385,21,2
21385,2,2
21385,3,3
21386,9,1
21387,31,3
21388,7,2
21389,34,1
21390,29,1
21391,6,1
21391,31,1
21391,2,1
21392,15,1
21392,34,2
21392,17,1
21392,30,1
21393,26,2
21393,1,2
21394,23,1
21395,16,1
21396,6,2
21396,27,2
21396,7,3
21397,11,2
21397,19,1
21397,28,1
21398,21,2
21399,5,1
21399,11,1
21400,8,1
21400,14,3
21400,35,3
21400,30,1
21401,26,1
21401,34,2
21401,21,1
21402,6,3
21402,24,2
21403,29,3
21403,38,2
21404,27,3
21404,17,3
21405,25,3
21405,13,3
21406,10,1
21406,18,3
21406,29,1
21407,1,3
21408,15,3
21408,10,1
21408,7,3
21409,28,3
21410,11,3
21410,0,1
21411,23,1
21411,22,3
21411,16,2
21412,3,1
21412,28,3
21412,7,2
21413,20,2
21413,10,3
21413,25,3
21413,5,3
21414,32,2
21414,30,2
21415,8,1
21415,35,1
21415,37,2
21416,10,3
21416,20,1
21416,15,2
21416,13,1
21417,2,2
21417,8,2
21417,16,1
21418,24,2
21418,38,1
21418,9,3
21418,34,3
21419,26,1
21420,35,1
21420,38,2
21420,10,2
21420,16,1
21421,22,3
21422,31,1
21423,3,3
21423,14,2
21423,25,3
21424,12,2
21424,4,2
21424,13,3
21424,0,3
21425,0,1
21425,16,2
21425,12,3
21425,6,2
21426,2,2
21427,13,3
21427,35,2
21427,2,2
21428,20,1
21428,33,2
21428,34,1
21429,0,3
21430,27,3
21430,1,1
21430,11,3
21431,31,2
21432,29,2
21432,2,2
21433,21,1
21434,20,2
21435,36,1
21435,20,1
21436,9,3
21436,15,3
21437,35,3
21437,37,2
21438,3,3
21438,14,3
21438,11,3
21438,4,3
21439,0,3
21440,16,2
21440,10,3
21440,26,2
21440,37,1
21441,13,2
21441,1,3
21441,27,3
21441,17,2
21442,14,1
21443,8,1
21443,2,3
21444,23,1
21444,4,1
21444,36,3
21445,11,2
21446,34,3
21447,32,1
21447,13,1
21447,8,1
21447,18,1
21448,8,3
21448,37,2
21448,25,3
21448,32,1
21449,5,2
21449,17,3
21449,13,1
21450,21,3
21450,4,1
21450,31,2
21450,37,2
21451,6,3
21451,29,1
21451,15,3
21451,30,2
21452,35,1
21453,24,2
21454,12,1
21455,32,1
21455,5,3
21456,33,3
21456,34,3
21457,20,2
21457,14,1
21457,19,2
21458,14,3
21458,1,1
21459,36,1
21459,9,1
21459,18,2
21459,21,2
21460,27,2
21460,15,3
21460,28,1
21460,9,2
21461,13,1
21461,29,2
21461,2,2
21461,25,3
21462,29,1
21462,7,3
21462,27,3
21462,6,3
21463,23,2
21464,3,3
21464,18,1
21465,1,2
21466,30,2
21466,35,2
21466,1,1
21467,21,1
21467,9,3
21468,22,3
21468,29,1
21469,8,2
21469,7,2
21470,15,1
21470,25,1
21470,2,1
21471,35,1
21472,24,2
21472,37,2
21472,34,2
21472,13,3
21473,16,2
21473,5,3
21474,15,1
21474,3,1
21474,13,3
21475,3,3
21475,31,3
21476,10,1
21476,34,3
21477,23,3
21477,5,1
21477,26,3
21477,13,3
21478,9,3
21478,34,2
21478,18,2
21479,29,3
21480,27,3
21481,31,1
21481,4,1
21481,21,2
21482,8,1
21482,5,2
21482,19,2
21482,25,3
21483,6,1
21483,0,2
21483,14,2
21484,29,2
21484,20,3
21485,34,3
21485,11,3
21485,5,1
21486,21,2
21486,23,1
21486,24,3
21487,30,3
21487,31,2
21487,17,1
21488,35,3
21488,0,1
21488,29,1
21488,27,2
21489,17,1
21489,11,3
21489,36,2
21489,33,1
21490,17,3
21490,35,2
21491,23,3
21491,37,2
21491,24,2
21491,2,1
21492,35,2
21492,17,2
21492,22,3
21493,19,1
21493,9,1
21494,24,2
21494,16,1
21494,6,1
21494,12,2
21495,6,3
21495,32,1
21495,21,2
21495,26,2
21496,9,2
21496,0,2
21497,17,2
21497,22,1
21498,31,1
21498,36,2
21498,37,2
21499,31,2
21499,38,1
21500,10,3
21500,20,3
21500,36,1
21500,7,3
21501,29,1
21501,23,3
21501,28,3
21501,31,1
21502,5,2
21502,17,3
21502,3,3
21502,27,3
21503,0,2
21504,8,3
21504,28,3
21504,15,1
21505,34,2
21505,29,2
21505,9,2
21506,9,3
21506,8,1
21506,5,3
21506,15,2
21507,5,2
21508,5,3
21508,16,3
21508,12,1
21509,16,3
21509,9,3
21510,7,1
21510,35,1
21510,6,2
21510,20,2
21511,33,1
21512,27,3
21513,1,3
21513,13,3
21514,37,3
21514,35,2
21514,13,3
21514,12,1
21515,33,2
21515,22,3
21516,26,1
21516,19,1
21517,32,2
21518,28,1
21519,22,2
21519,13,2
21519,28,1
21520,29,1
21520,35,3
21521,32,2
21521,30,3
21521,15,3
21522,31,2
21522,6,2
21523,9,2
21524,34,3
21524,19,1
21525,5,3
21526,7,3
21526,17,1
21526,19,1
21527,19,1
21527,12,3
21527,28,2
21527,25,2
21528,37,3
21529,29,3
21529,17,2
21530,11,1
21530,22,2
21531,0,2
21531,23,1
21531,26,2
21531,1,3
21532,5,3
21533,21,2
21533,30,3
21534,26,3
21534,33,3
21534,22,2
21535,5,3
21535,23,1
21535,21,3
21536,9,1
21536,35,2
21536,19,3
21536,20,3
21537,22,2
21537,28,2
21537,38,3
21537,4,3
21538,17,3
21538,13,3
21539,23,2
21539,27,2
21539,35,1
21540,38,2
21541,28,2
21541,16,2
21541,24,2
21542,6,1
21542,14,3
21542,34,1
21542,10,2
21543,32,2
21543,0,3
21544,5,2
21544,29,2
21544,17,1
21544,34,2
21545,25,1
21545,31,1
21545,37,2
21545,22,2
21546,35,3
21546,27,1
21546,5,2
21546,1,1
21547,0,1
21547,20,3
21548,10,2
21548,3,2
21549,3,3
21549,7,3
21550,8,2
21550,29,2
21551,34,1
21552,33,2
21552,7,1
21552,24,3
21553,20,2
21554,2,3
21554,13,2
21554,8,2
21555,12,2
21555,20,3
21555,7,2
21556,31,3
21557,8,1
21558,29,3
21558,20,2
21559,37,3
21560,23,2
21560,27,2
21561,4,2
21561,14,1
21561,5,1
21562,36,1
21562,24,3
21563,28,1
21563,4,3
21564,26,3
21564,1,3
21565,30,1
21565,33,2
21565,36,2
21566,7,3
21566,1,2
21567,2,1
21567,36,2
21567,35,2
21568,33,1
21568,2,2
21568,20,1
21568,19,3
21569,37,2
21569,0,1
21570,33,2
21571,2,3
21571,15,1
21571,6,2
21572,2,1
21572,12,1
21573,25,3
21573,13,3
21573,35,2
21574,25,2
21575,38,1
21575,34,1
21575,4,2
21576,21,3
21576,9,1
21576,33,2
21577,21,3
21578,37,1
21578,11,2
21578,12,1
21579,2,3
21579,11,3
21579,37,1
21579,30,3
21580,4,1
21580,30,3
21581,22,3
21581,10,1
21581,34,2
21581,19,1
21582,0,2
21582,35,2
21583,11,2
21583,17,1
21583,37,2
21583,38,2
21584,1,1
21584,30,2
21584,27,1
21585,36,2
21585,26,1
21586,0,1
21586,24,1
21586,10,1
21586,28,1
21587,17,3
21587,28,1
21588,1,2
21588,11,3
21588,23,2
21589,21,2
21590,6,1
21590,21,2
21590,33,3
21590,36,2
21591,34,2
21591,13,3
21591,11,3
21591,27,3
21592,29,1
21593,5,1
21593,7,2
21593,1,2
21593,15,3
21594,11,2
21594,32,1
21595,1,3
21595,12,1
21596,29,1
21596,13,2
21596,32,3
21597,11,2
21597,35,2
21598,31,3
21598,11,3
21599,20,2
21599,0,3
21600,11,2
21600,23,2
21600,22,2
21601,14,1
21601,16,2
21601,36,2
21601,4,2
21602,24,2
21602,35,3
21602,27,1
21602,26,2
21603,33,3
21603,1,3
21603,24,1
21604,12,2
21604,13,1
21605,27,3
21605,0,2
21605,25,3
21606,38,2
21606,34,1
21606,25,2
21607,34,1
21607,14,3
21607,16,2
21607,4,2
21608,3,1
21609,5,1
21609,18,2
21610,5,1
21610,35,3
21611,36,1
21611,34,1
21611,14,3
21611,0,1
21612,34,1
21612,32,1
21613,12,1
21613,20,3
21613,0,2
21613,8,1
21614,32,1
21614,16,3
21614,30,3
21615,31,1
21616,19,2
21616,38,3
21617,28,3
21618,0,3
21618,30,3
21619,8,3
21619,30,1
21619,1,3
21619,13,1
21620,36,3
21620,29,2
21621,3,1
21622,22,2
21622,0,3
21622,16,3
21623,34,1
21623,36,2
21623,3,1
21624,7,2
21624,17,2
21624,12,1
21625,36,3
21626,29,2
21626,32,3
21626,18,3
21626,30,3
21627,14,2
21628,2,1
21629,14,1
21629,17,3
21629,31,3
21630,15,3
21630,11,2
21630,0,1
21631,4,1
21631,26,2
21631,5,1
21631,38,2
21632,36,2
21632,2,1
21632,10,2
21632,29,2
21633,7,3
21633,28,1
21633,3,3
21634,23,2
21635,19,1
21636,4,2
21636,36,1
21636,21,2
21637,1,1
21638,9,1
21639,4,2
21639,13,3
21639,28,2
21639,38,2
21640,8,1
21641,10,3
21641,13,3
21641,38,1
21641,21,1
21642,4,1
21643,37,1
21643,17,3
21643,15,1
21643,5,1
21644,9,3
21644,3,1
21644,17,2
21645,8,2
21645,16,1
21645,31,3
21646,11,2
21646,31,1
21647,7,2
21648,11,2
21648,1,3
21648,17,3
21649,0,1
21649,37,1
21649,5,2
21649,18,2
21650,19,3
21650,31,2
21651,18,3
21651,7,1
21652,6,1
21652,0,2
21652,4,2
21652,24,2
21653,14,3
21654,38,2
21654,26,2
21654,20,1
21654,4,3
21655,8,1
21655,17,3
21656,36,1
21657,13,3
21658,32,1
21658,17,3
21659,11,2
21660,7,3
21660,11,2
21660,27,2
21661,38,1
21662,32,2
21663,38,2
21663,18,2
21663,31,2
21664,37,2
21664,32,1
21664,36,3
21665,25,2
21665,12,3
21665,11,2
21666,0,2
21667,33,1
21667,10,3
21667,18,2
21668,6,3
21668,29,3
21668,26,1
21669,34,3
21669,28,3
21669,31,2
21670,36,2
21670,10,1
21671,7,1
21671,1,3
21671,24,3
21671,35,2
21672,23,1
21672,1,2
21672,14,3
21672,8,1
21673,5,2
21673,13,2
21673,21,1
21674,20,1
21674,25,3
21674,1,2
21674,31,1
21675,18,1
21676,11,3
21676,33,3
21676,35,1
21677,18,3
21678,35,2
21678,36,1
21678,23,2
21679,26,2
21679,1,2
21680,12,2
21680,28,1
21680,37,1
21680,31,3
21681,38,2
21681,27,3
21682,1,1
21682,33,2
21682,21,1
21682,36,2
21683,17,1
21683,23,3
21683,34,3
21684,4,3
21684,34,2
21684,29,1
21684,16,3
21685,37,1
21685,13,3
21685,5,1
21686,2,2
21686,22,1
21687,33,1
21687,35,2
21688,33,2
21688,1,1
21688,9,1
21689,29,1
21689,27,3
21689,34,3
21689,38,3
21690,33,3
21691,20,2
21692,0,1
21692,18,1
21692,1,1
21692,13,3
21693,5,3
21693,13,1
21693,30,1
21693,24,3
21694,11,1
21694,3,3
21694,22,1
21695,14,1
21695,6,3
21695,0,1
21696,30,1
21696,38,3
21697,33,2
21697,16,2
21697,32,2
21698,21,1
21698,3,3
21698,28,3
21698,29,2
21699,35,2
21699,32,3
21699,36,2
21700,5,3
21700,0,2
21701,20,1
21701,5,2
21701,33,2
21702,16,3
21702,32,2
21702,3,2
21703,4,2
21704,3,2
21704,26,3
21704,20,1
21705,21,1
21705,6,1
21705,14,3
21706,8,3
21706,10,3
21706,3,3
21707,28,1
21708,17,2
21709,23,2
21710,36,3
21711,18,2
21711,27,1
21712,35,1
21712,33,2
21712,23,1
21713,6,2
21714,22,3
21714,20,2
21714,35,1
21715,0,3
21716,37,3
21716,17,3
21716,22,3
21716,32,3
21717,16,2
21718,23,1
21718,26,2
21718,18,2
21718,17,1
21719,19,3
21720,22,2
21720,3,2
21720,2,3
21720,19,3
21721,7,2
21721,5,3
21721,1,1
21722,9,3
21722,34,1
21723,6,2
21724,34,3
21724,4,3
21724,23,1
21725,32,1
21725,25,3
21726,35,1
21727,1,2
21728,17,3
21729,2,2
21729,21,2
21730,12,2
21730,13,3
21730,25,3
21730,14,3
21731,4,2
21731,2,3
21731,20,1
21732,11,2
21732,24,3
21733,15,1
21733,0,2
21734,20,3
21734,19,3
21734,9,2
21735,26,1
21736,26,3
21736,10,1
21737,29,3
21738,32,2
21738,33,3
21738,19,2
21739,8,3
21739,36,3
21739,18,2
21739,33,3
21740,11,2
21740,2,1
21740,36,3
21741,36,1
21742,35,2
21742,24,2
21742,1,3
21742,4,3
21743,19,3
21743,4,3
21744,34,1
21744,30,3
21744,6,2
21744,13,2
21745,12,1
21745,11,3
21745,5,1
21745,33,2
21746,32,2
21746,24,1
21746,30,3
21746,16,3
21747,0,3
21748,18,2
21748,10,3
21748,27,1
21748,21,2
21749,7,3
21750,29,3
21750,16,1
21750,23,1
21750,10,3
21751,3,2
21751,11,3
21751,21,2
21751,20,2
21752,11,2
21752,37,2
21753,36,3
21753,34,2
21753,7,1
21754,8,1
21754,22,3
21754,11,3
21754,15,3
21755,3,1
21755,16,1
21756,30,1
21756,4,2
21757,37,3
21757,33,2
21757,34,2
21757,11,3
21758,21,1
21758,25,1
21758,29,2
21759,26,1
21759,3,3
21759,8,2
21760,31,2
21760,3,3
21761,27,2
21761,35,1
21761,12,2
21762,28,2
21762,33,1
21762,38,1
21762,2,2
21763,4,2
21764,31,1
21764,1,1
21765,6,3
21766,16,2
21767,0,2
21767,2,2
21767,6,1
21768,28,1
21768,26,2
21769,5,3
21769,24,1
21770,14,3
21770,10,3
21770,34,3
21771,0,3
21772,29,3
21772,36,2
21772,35,2
21772,28,2
21773,5,1
21773,30,2
21774,1,2
21774,38,2
21775,37,1
21775,32,3
21775,38,3
21775,15,2
21776,3,2
21776,31,3
21776,9,3
21777,20,1
21777,17,2
21777,0,1
21777,37,1
21778,28,1
21778,30,1
21778,35,1
21778,5,1
21779,26,1
21779,25,1
21779,5,3
21779,11,3
21780,38,1
21780,3,1
21780,8,1
21781,24,3
21781,13,1
21781,8,2
21781,12,1
21782,18,2
21782,10,1
21782,8,1
21783,17,1
21783,35,3
21784,21,3
21784,36,3
21784,24,3
21785,33,2
21785,29,1
21786,23,1
21786,34,1
21786,13,3
21786,18,2
21787,28,1
21787,15,1
21788,10,3
21788,35,1
21788,18,1
21788,23,2
21789,22,2
21789,5,2
21789,29,3
21790,7,2
21790,31,3
21790,20,3
21790,35,3
21791,12,2
21791,6,3
21791,27,3
21791,2,2
21792,24,2
21792,11,1
21792,10,1
21792,12,1
21793,8,3
21794,31,1
21794,38,3
21795,16,2
21795,2,3
21795,24,1
21795,37,2
21796,32,1
21796,13,3
21797,27,3
21797,28,1
21797,12,2
21798,26,1
21799,34,1
21800,32,3
21800,15,1
21800,35,3
21801,18,1
21801,16,3
21801,10,1
21802,17,1
21802,25,2
21802,36,3
21803,37,3
21803,27,2
21804,21,3
21804,27,3
21805,28,2
21805,1,3
21805,30,1
21806,7,3
21807,12,1
21807,24,1
21807,7,3
21807,34,3
21808,15,1
21808,32,2
21809,22,2
21809,17,3
21809,20,2
21809,30,3
21810,29,2
21810,9,2
21810,2,3
21810,22,2
21811,11,3
21811,13,1
21811,27,1
21811,17,3
21812,21,2
21812,4,3
21813,18,1
21813,31,3
21814,25,3
21815,33,2
21815,8,2
21815,20,2
21816,34,2
21817,2,2
21818,3,3
21819,30,1
21820,38,1
21820,11,2
21820,32,1
21820,9,3
21821,31,3
21821,9,3
21821,19,2
21822,20,1
21822,5,1
21822,10,3
21822,3,1
21823,11,3
21823,8,1
21823,0,1
21823,23,3
21824,23,3
21825,18,2
21825,33,3
21825,31,1
21826,28,3
21826,2,3
21827,26,3
21828,37,2
21828,3,3
21828,32,2
21828,33,2
21829,15,1
21829,6,2
21830,2,1
21830,1,1
21830,24,3
21830,37,1
21831,20,3
21832,23,3
21832,16,2
21832,33,1
21833,8,3
21833,13,2
21833,33,2
21833,14,1
21834,8,2
21834,18,3
21834,14,1
21834,3,2
21835,28,2
21835,14,1
21835,37,2
21835,5,3
21836,15,3
21837,27,2
21837,11,1
21837,1,2
21837,8,3
21838,23,2
21838,6,3
21839,10,2
21840,10,2
21840,2,2
21841,9,2
21842,16,3
21843,13,1
21843,7,3
21844,19,1
21845,32,2
21845,13,2
21846,15,3
21847,28,1
21847,11,3
21847,23,3
21848,26,1
21848,18,1
21849,9,1
21849,17,1
21849,22,1
21849,28,3
21850,13,2
21850,29,1
21851,16,2
21851,37,3
21852,0,1
21853,8,3
21853,23,2
21853,31,2
21853,21,1
21854,13,1
21855,35,1
21855,12,2
21855,19,2
21856,24,3
21856,15,1
21857,1,2
21857,28,1
21858,37,2
21858,17,1
21858,35,3
21858,23,2
21859,0,2
21859,31,1
21859,14,2
21859,2,2
21860,32,2
21860,19,3
21860,31,2
21860,9,1
21861,21,3
21861,31,2
21861,30,3
21862,23,3
21862,8,1
21862,32,1
21863,27,1
21864,21,3
21864,37,1
21864,15,2
21864,22,1
21865,26,2
21865,32,2
21866,2,3
21866,18,3
21866,8,2
21867,13,1
21867,22,2
21867,7,1
21867,18,3
21868,23,3
21868,1,3
21869,6,3
21869,21,2
21870,0,1
21870,7,1
21870,21,2
21870,24,3
21871,20,3
21872,26,2
21872,14,3
21872,28,2
21873,5,1
21873,27,3
21874,29,2
21874,21,3
21874,3,2
21875,3,3
21876,1,3
21876,37,2
21876,26,2
21876,30,1
21877,18,3
21877,13,2
21877,35,3
21877,28,1
21878,11,1
21879,13,3
21880,3,2
21881,11,1
21882,38,3
21882,34,1
21882,13,1
21883,15,1
21884,32,1
21885,22,1
21885,2,3
21885,31,1
21886,35,2
21887,1,2
21887,16,3
21887,2,3
21887,32,1
21888,2,2
21888,23,2
21888,37,1
21889,23,3
21889,22,2
21889,21,3
21890,31,2
21890,6,1
21890,30,3
21891,33,2
21891,24,2
21891,31,2
21892,30,1
21892,31,1
21892,5,2
21893,5,1
21893,29,3
21893,14,2
21894,11,3
21894,35,2
21895,1,1
21895,37,2
21895,7,3
21896,21,3
21896,17,3
21897,9,1
21897,29,1
21898,1,3
21899,7,3
21899,29,2
21900,9,2
21901,30,3
21901,4,1
21901,2,1
21902,3,3
21902,29,3
21902,30,2
21903,30,3
21903,12,3
21903,4,3
21904,21,3
21904,13,2
21904,2,2
21905,24,1
21905,14,2
21905,31,3
21905,3,1
21906,1,3
21907,9,2
21907,30,1
21908,1,2
21909,17,2
21909,3,1
21910,3,1
21910,24,3
21911,20,1
21912,0,1
21912,9,2
21912,14,1
21912,27,2
21913,15,2
21913,10,2
21913,5,2
21914,18,1
21914,32,3
21914,28,3
21915,7,1
21915,23,1
21915,30,1
21915,26,3
21916,29,1
21916,21,3
21916,30,1
21917,18,2
21917,30,3
21917,8,1
21917,26,2
21918,30,2
21918,7,2
21918,16,3
21918,12,3
21919,2,3
21919,14,3
21919,13,2
21920,9,3
21920,24,3
21920,28,3
21920,14,1
21921,32,2
21921,18,1
21921,12,2
21922,34,3
21922,29,3
21923,33,3
21923,6,1
21924,16,3
21924,15,1
21924,28,2
21924,3,2
21925,33,3
21925,1,2
21926,23,1
21926,5,1
21926,3,3
21926,21,3
21927,18,1
21928,14,3
21929,23,1
21930,0,1
21930,24,1
21931,3,1
21931,9,2
21931,13,3
21931,33,1
21932,10,3
21932,13,3
21933,19,2
21933,18,3
21933,35,3
21934,3,1
21934,20,2
21935,0,2
21935,4,3
21935,11,2
21935,34,3
21936,7,1
21936,10,1
21936,28,2
21937,4,1
21937,15,2
21937,1,3
21938,13,1
21938,22,3
21939,5,3
21940,19,1
21940,18,2
21940,30,3
21941,6,1
21941,23,2
21942,14,1
21943,31,2
21943,28,3
21943,27,1
21943,6,1
21944,7,2
21945,15,2
21945,0,1
21945,16,2
21946,11,2
21946,31,2
21946,30,1
21946,23,1
21947,38,2
21948,7,3
21949,37,2
21949,20,3
21949,35,3
21949,27,3
21950,16,1
21950,15,1
21950,5,3
21951,19,3
21951,17,1
21951,6,1
21952,0,3
21952,29,3
21952,22,3
21952,3,2
21953,0,1
21953,5,2
21954,26,1
21954,27,1
21954,38,2
21955,32,2
21955,31,1
21956,21,2
21956,5,3
21956,13,1
21957,2,1
21958,17,1
21959,37,3
21959,9,2
21959,31,2
21960,10,1
21960,11,2
21960,7,1
21961,4,2
21962,35,3
21962,34,1
21962,14,2
21962,19,3
21963,23,3
21963,26,2
21963,27,2
21963,15,2
21964,25,3
21965,3,2
21965,30,2
21966,1,2
21966,33,3
21967,19,2
21967,34,1
21968,20,2
21968,2,1
21969,21,1
21969,34,1
21969,15,3
21969,29,1
21970,34,3
21971,8,1
21971,5,1
21972,20,3
21972,28,1
21973,8,3
21973,16,3
21974,24,1
21975,36,1
21975,25,1
21975,17,1
21976,11,1
21977,30,1
21977,18,3
21978,18,1
21978,5,3
21978,19,1
21979,25,3
21979,0,3
21980,2,1
21980,35,1
21980,22,2
21980,5,3
21981,6,2
21981,20,1
21981,17,3
21982,33,3
21982,12,3
21982,8,2
21983,11,3
21983,17,2
21983,10,2
21983,26,1
21984,21,3
21984,4,2
21984,22,2
21985,6,2
21985,32,3
21985,18,1
21986,18,2
21987,7,1
21987,37,2
21987,32,1
21987,35,1
21988,7,2
21988,22,1
21988,13,1
21988,14,1
21989,26,1
21990,14,2
21990,23,1
21991,6,3
21991,18,3
21991,13,2
21991,35,3
21992,2,1
21992,12,3
21993,9,2
21993,30,2
21993,24,2
21994,6,1
21994,30,3
21994,31,1
21994,1,3
21995,31,1
21995,33,2
21995,11,1
21996,38,2
21996,27,1
21996,35,2
21997,33,3
21997,10,2
21998,26,1
21998,4,2
21998,5,2
21999,1,1
22000,0,2
22000,4,2
22000,14,1
22001,3,1
22001,33,2
22001,18,3
22002,11,2
22002,4,2
22003,29,2
22003,14,2
22003,20,3
22003,0,3
22004,26,1
22004,9,3
22004,5,2
22004,34,1
22005,24,1
22005,32,2
22006,28,1
22006,30,1
22006,7,2
22006,16,2
22007,29,1
22008,19,2
22008,4,2
22009,37,1
22009,12,2
22009,9,3
22009,3,3
22010,16,1
22010,21,2
22011,7,1
22011,33,2
22011,18,1
22012,15,1
22012,38,3
22012,21,3
22012,27,3
22013,26,1
22014,25,1
22014,5,2
22014,34,2
22015,22,3
22015,12,3
22016,18,2
22016,23,3
22016,38,2
22017,35,1
22017,5,2
22017,15,1
22018,34,3
22018,14,3
22019,11,2
22020,29,2
22020,18,1
22020,26,1
22021,9,3
22021,15,2
22021,8,2
22021,22,3
22022,14,1
22022,1,2
22023,3,3
22024,3,3
22024,5,3
22024,14,2
22024,1,3
22025,37,1
22025,17,1
22025,11,2
22026,22,1
22026,24,1
22026,16,3
22027,26,2
22027,14,2
22027,9,1
22027,23,1
22028,3,3
22029,37,3
22029,25,2
22029,35,1
22030,4,1
22030,25,1
22030,37,1
22030,11,2
22031,34,1
22032,7,3
22032,30,1
22033,1,1
22033,27,1
22034,37,3
22034,4,1
22035,15,2
22035,7,2
22035,18,1
22036,37,1
22037,9,2
22037,23,3
22038,4,3
22038,14,2
22038,7,1
22038,19,3
22039,6,2
22040,16,2
22040,30,1
22040,33,2
22041,9,3
22041,10,3
22042,36,2
22042,33,2
22043,8,3
22043,3,1
22043,21,2
22043,38,3
22044,19,2
22045,6,2
22045,0,2
22045,9,2
22045,29,2
22046,34,2
22047,35,3
22048,16,3
22048,38,2
22048,6,1
22049,1,2
22049,29,3
22049,26,2
22050,1,3
22050,0,3
22050,10,1
22051,9,2
22051,3,3
22051,28,2
22051,13,1
22052,1,3
22052,9,3
22053,36,3
22053,15,3
22053,29,2
22054,28,2
22054,20,1
22055,7,3
22056,26,2
22057,15,2
22057,20,1
22058,13,3
22059,27,1
22059,29,1
22059,36,3
22059,22,1
22060,15,2
22060,8,2
22060,13,3
22060,6,2
22061,10,2
22061,30,3
22061,9,2
22062,5,1
22063,8,3
22064,1,3
22065,12,1
22066,17,1
22066,30,2
22066,27,2
22067,19,1
22067,18,2
22068,23,1
22068,0,2
22068,34,3
22068,17,1
22069,6,2
22069,35,3
22069,9,3
22070,14,1
22070,3,3
22070,36,3
22070,38,2
22071,20,3
22071,33,1
22071,11,1
22071,34,2
22072,11,3
22072,35,3
22072,4,1
22072,16,2
22073,36,2
22073,12,1
22073,30,1
22073,19,1
22074,21,2
22074,4,3
22074,17,1
22074,13,3
22075,22,2
22076,34,1
22077,30,3
22078,34,3
22079,15,1
22079,21,3
22079,26,3
22079,28,2
22080,10,1
22080,13,3
22080,38,1
22080,24,3
22081,23,2
22081,28,2
22081,8,2
22082,19,2
22082,21,1
22082,1,3
22083,14,2
22083,19,2
22083,11,2
22084,35,2
22084,11,1
22085,8,1
22085,11,3
22085,15,2
22086,4,3
22086,16,2
22086,5,2
22086,21,1
22087,33,3
22087,37,1
22088,36,2
22088,3,3
22088,4,1
22088,1,3
22089,15,3
22089,16,2
22089,1,3
22089,32,3
22090,30,2
22090,11,3
22090,35,2
22091,29,2
22092,3,2
22093,17,3
22093,16,3
22094,7,1
22094,24,2
22094,29,3
22095,14,1
22095,10,3
22095,16,3
22096,25,1
22096,20,2
22096,22,2
22097,34,2
22098,16,3
22098,31,2
22099,30,3
22099,31,2
22099,16,1
22099,12,3
22100,15,1
22101,31,2
22101,35,3
22101,21,2
22101,23,3
22102,2,3
22102,24,1
22103,9,3
22103,6,2
22103,36,3
22104,8,1
22104,10,1
22104,5,3
22104,2,1
22105,23,2
22105,21,1
22105,2,3
22106,21,1
22107,22,2
22107,17,1
22107,25,3
22108,8,2
22109,36,3
22109,3,1
22109,1,2
22109,25,2
22110,32,2
22110,9,1
22111,28,1
22111,30,3
22111,3,1
22112,19,2
22113,17,1
22113,16,3
22113,7,1
22114,18,2
22114,4,3
22114,16,1
22114,13,3
22115,33,2
22115,4,3
22115,1,3
22115,23,3
22116,28,3
22117,26,1
22117,25,2
22118,31,3
22118,23,1
22118,30,3
22118,24,2
22119,6,3
22119,4,3
22120,24,1
22120,21,2
22120,35,3
22120,9,1
22121,25,2
22121,4,2
22121,33,1
22121,35,2
22122,18,3
22123,37,2
22123,4,3
22123,38,1
22123,1,3
22124,15,1
22125,26,3
22125,34,2
22125,33,3
22126,5,3
22127,25,1
22127,7,1
22128,37,2
22128,7,1
22128,2,3
22129,12,1
22129,35,2
22129,25,3
22130,24,2
22130,26,3
22130,28,1
22131,10,3
22131,29,2
22132,10,1
22132,26,2
22132,37,2
22133,24,2
22134,14,3
22135,30,1
22135,7,1
22136,30,3
22136,15,3
22136,18,1
22136,17,1
22137,38,1
22137,37,2
22137,4,3
22137,20,3
22138,13,2
22138,22,3
22138,11,1
22139,30,2
22139,6,3
22139,14,3
22140,29,1
22141,1,2
22142,14,3
22143,3,1
22143,23,1
22144,10,3
22144,8,2
22145,15,3
22145,25,2
22146,24,1
22146,28,3
22146,25,3
22147,27,1
22147,34,3
22148,3,2
22149,28,2
22150,25,2
22151,29,1
22151,24,2
22151,15,2
22152,16,2
22153,10,1
22154,27,2
22154,38,2
22155,0,1
22155,8,1
22155,6,3
22156,36,1
22157,4,1
22157,28,3
22157,23,1
22158,8,2
22158,10,1
22159,38,2
22159,32,2
22159,30,3
22160,2,1
22160,10,3
22160,26,1
22160,9,2
22161,7,2
22161,38,2
22161,27,1
22162,26,2
22163,8,2
22163,29,3
22163,13,3
22163,28,1
22164,31,3
22164,28,3
22164,33,1
22164,35,3
22165,13,3
22166,16,1
22167,23,2
22167,38,3
22167,21,2
22168,31,1
22168,8,2
22168,29,2
22168,38,2
22169,1,3
22169,4,2
22170,17,2
22170,28,2
22170,24,1
22171,22,1
22171,12,1
22172,31,1
22172,3,2
22172,36,3
22172,26,2
22173,17,1
22174,27,2
22175,10,1
22175,25,2
22176,28,2
22176,16,1
22176,4,3
22177,22,2
22177,7,2
22178,28,1
22178,13,2
22178,8,1
22179,8,3
22179,30,2
22180,13,1
22180,34,3
22180,11,2
22181,22,3
22181,27,1
22181,2,3
22181,26,1
22182,12,3
22183,28,2
22183,26,1
22183,19,3
22183,2,2
22184,22,3
22184,25,2
22184,2,1
22184,14,1
22185,21,1
22185,37,3
22185,0,1
22185,13,2
22186,24,2
22186,18,1
22187,3,2
22187,30,2
22187,38,3
22188,6,1
22188,26,3
22188,27,3
22189,27,2
22189,15,1
22189,10,3
22190,1,2
22190,9,2
22190,6,2
22191,29,2
22191,24,1
22192,33,2
22193,21,1
22193,28,2
22194,29,1
22194,34,1
22194,26,2
22195,16,1
22195,0,2
22195,21,2
22195,36,1
22196,14,1
22197,16,1
22197,27,1
22197,26,2
22197,32,2
22198,8,3
22198,7,1
22198,11,2
22198,9,1
22199,12,3
22199,38,2
22200,27,3
22200,22,3
22201,24,3
22202,12,1
22202,3,2
22202,13,3
22202,26,2
22203,34,2
22203,30,3
22204,1,3
22204,7,3
22204,32,2
22204,3,3
22205,13,1
22205,9,3
22206,23,3
22206,1,2
22206,5,2
22206,25,1
22207,2,3
22207,0,3
22207,20,1
22208,6,2
22208,31,3
22209,2,1
22210,16,3
22211,32,3
22211,14,2
22211,18,1
22212,3,2
22213,30,2
22214,9,2
22215,8,3
22215,30,3
22216,35,2
22217,10,3
22217,12,2
22217,17,3
22218,29,2
22219,38,2
22219,6,3
22219,12,1
22220,34,1
22221,12,1
22221,3,1
22221,36,2
22222,23,2
22222,36,2
22222,30,3
22223,29,3
22223,15,3
22224,34,1
22225,10,3
22226,14,2
22226,8,3
22226,5,3
22227,19,2
22227,32,3
22228,22,2
22228,25,2
22229,2,1
22230,31,2
22230,32,1
22231,15,2
22232,12,1
22232,31,3
22232,6,2
22232,18,2
22233,30,2
22233,13,1
22233,2,2
22234,38,1
22234,32,2
22234,10,2
22235,28,1
22235,30,2
22236,5,2
22236,8,1
22236,9,2
22237,4,3
22237,20,3
22238,31,2
22238,11,1
22238,24,2
22239,7,2
22239,36,2
22240,19,1
22240,23,1
22240,38,3
22240,11,2
22241,24,1
22241,16,3
22241,13,2
22242,37,2
22242,26,3
22242,19,3
22243,12,2
22243,5,1
22243,37,2
22244,11,1
22245,24,3
22245,35,1
22246,15,2
22246,34,3
22246,17,3
22246,18,2
22247,26,1
22247,12,1
22247,2,3
22248,19,3
22248,31,2
22248,29,3
22248,36,1
22249,26,1
22250,8,3
22250,12,3
22251,27,3
22251,15,3
22251,38,3
22252,2,2
22253,2,3
22253,32,3
22253,36,3
22254,20,1
22254,38,1
22254,11,1
22254,5,1
22255,19,2
22255,32,2
22255,31,2
22255,10,1
22256,3,2
22256,5,3
22256,0,1
22257,34,2
22258,28,2
22258,37,3
22258,15,1
22258,0,1
22259,20,2
22259,3,2
22260,3,3
22260,5,1
22261,8,2
22261,21,2
22262,36,2
22262,27,2
22263,22,2
22264,20,1
22264,21,3
22264,31,1
22265,33,3
22265,36,1
22265,29,2
22266,16,1
22266,30,1
22266,19,3
22267,38,3
22267,35,1
22267,25,3
22268,38,2
22268,27,3
22268,35,3
22269,29,2
22269,35,2
22270,36,2
22270,21,3
22270,23,2
22271,22,1
22272,31,3
22273,3,1
22273,12,1
22273,11,2
22274,25,1
22275,11,2
22275,30,1
22275,6,1
22276,12,3
22276,25,2
22277,23,2
22278,20,3
22278,36,2
22279,35,1
22279,4,3
22280,4,2
22280,6,3
22281,34,3
22282,0,2
22282,16,3
22282,15,2
22282,21,2
22283,19,2
22283,14,1
22284,36,2
22285,33,2
22285,14,3
22285,28,3
22285,5,1
22286,9,1
22286,23,3
22286,6,1
22286,24,1
22287,35,2
22287,13,2
22287,19,1
22287,15,2
22288,17,2
22288,14,3
22288,16,2
22288,28,1
22289,23,2
22290,27,2
22290,3,2
22291,7,3
22291,8,1
22291,37,2
22291,30,3
22292,23,2
22293,5,1
22294,32,3
22295,12,2
22295,34,3
22296,29,1
22296,12,3
22297,0,2
22297,26,3
22297,25,1
22298,12,1
22298,10,1
22298,37,1
22298,24,2
22299,19,2
22299,32,2
22299,11,2
22300,30,3
22300,17,3
22300,35,1
22300,33,1
22301,31,1
22301,7,2
22301,27,1
22302,34,2
22302,18,1
22302,7,2
22302,26,2
22303,34,3
22304,26,3
22304,33,1
22304,2,3
22304,6,2
22305,31,3
22305,27,1
22305,7,1
22306,37,2
22306,22,3
22306,35,2
22307,4,2
22308,32,3
22309,36,2
22310,0,3
22311,33,2
22311,4,1
22311,10,1
22312,5,3
22312,36,1
22312,26,1
22313,9,2
22313,32,2
22313,6,1
22313,25,1
22314,20,3
22314,25,3
22314,23,2
22315,5,3
22316,26,2
22316,12,1
22316,15,2
22316,37,1
22317,30,3
22317,16,3
22318,10,3
22318,36,3
22319,16,3
22319,4,2
22319,17,3
22320,37,2
22320,19,1
22320,33,2
22321,26,3
22321,19,1
22321,22,3
22321,4,3
22322,24,3
22322,28,2
22323,18,1
22323,33,3
22324,8,1
22324,21,3
22325,36,3
22325,31,1
22325,3,1
22326,0,3
22326,13,3
22326,4,1
22326,35,2
22327,1,1
22327,32,2
22328,34,2
22328,10,3
22328,14,1
22329,3,1
22329,0,2
22329,7,1
22329,11,2
22330,13,1
22330,10,1
22331,2,2
22332,13,1
22332,9,1
22332,16,2
22333,35,3
22333,28,1
22333,11,2
22333,34,1
22334,2,3
22335,14,3
22335,12,3
22335,10,3
22335,7,3
22336,19,3
22336,9,2
22337,22,2
22338,16,2
22338,29,3
22338,22,2
22339,29,2
22339,1,1
22339,25,1
22339,28,1
22340,26,1
22341,30,1
22341,33,1
22342,29,3
22342,4,2
22343,33,2
22343,4,3
22344,28,3
22344,31,1
22344,4,3
22345,29,2
22346,8,1
22346,19,1
22346,31,1
22346,27,2
22347,28,2
22347,13,1
22348,17,3
22349,28,3
22349,27,1
22350,9,3
22350,32,1
22351,35,3
22351,10,1
22352,3,3
22352,4,2
22353,15,1
22353,26,1
22353,17,1
22354,31,2
22355,27,3
22355,0,3
22356,38,1
22356,11,2
22357,24,2
22358,10,1
22359,22,3
22359,36,1
22360,6,3
22360,20,1
22361,1,2
22361,16,2
22362,18,3
22362,7,2
22362,31,1
22363,0,1
22364,38,1
22364,35,3
22364,13,1
22365,36,3
22366,31,3
22366,23,2
22366,19,1
22367,33,3
22367,37,2
22367,0,3
22367,26,1
22368,9,2
22368,34,1
22369,7,2
22370,29,2
22370,10,2
22370,1,1
22371,28,3
22371,22,1
22372,22,3
22372,20,2
22372,38,3
22372,18,1
22373,33,2
22374,11,2
22374,10,2
22375,8,1
22375,34,2
22376,21,1
22377,26,1
22377,22,1
22377,21,1
22378,14,3
22378,20,3
22378,37,3
22378,3,3
22379,7,2
22379,14,2
22379,4,1
22379,29,1
22380,7,1
22381,13,1
22382,34,3
22382,22,2
22382,5,2
22382,33,1
22383,19,3
22383,16,2
22383,10,2
22383,2,2
22384,28,3
22384,29,2
22384,9,1
22384,15,3
22385,2,1
22385,21,2
22385,0,1
22385,7,2
22386,14,3
22386,4,3
22386,13,3
22386,1,3
22387,10,1
22387,33,1
22388,19,3
22389,38,2
22390,34,2
22391,2,1
22392,4,2
22393,15,2
22394,32,3
22394,23,1
22394,4,1
22394,35,2
22395,0,3
22395,1,1
22395,7,2
22396,19,2
22397,35,2
22397,10,3
22397,7,2
22397,28,3
22398,12,2
22399,10,1
22400,32,3
22400,16,1
22400,20,3
22400,21,3
22401,37,2
22402,5,3
22402,19,3
22402,3,1
22403,29,1
22403,5,2
22403,13,2
22403,19,1
22404,9,1
22404,3,3
22404,38,2
22404,6,3
22405,35,3
22405,37,1
22405,10,2
22406,38,2
22406,7,3
22406,26,2
22406,10,1
22407,11,3
22407,13,2
22407,30,1
22407,8,1
22408,18,1
22409,7,2
22409,18,3
22410,7,1
22410,10,3
22410,17,1
22410,36,2
22411,28,2
22411,9,3
22411,15,1
22411,10,2
22412,21,3
22412,0,3
22413,1,1
22413,7,3
22413,17,2
22413,26,2
22414,30,2
22414,26,1
22415,14,3
22415,10,2
22415,31,1
22415,9,1
22416,8,1
22416,3,3
22416,5,1
22417,30,2
22417,10,1
22417,12,1
22417,33,3
22418,20,3
22418,8,2
22418,37,2
22418,15,1
22419,15,2
22419,17,1
22420,27,3
22420,1,2
22420,11,2
22420,37,3
22421,33,3
22421,21,3
22421,15,1
22421,32,3
22422,14,2
22422,28,3
22423,35,3
22423,15,1
22423,26,2
22423,6,1
22424,22,2
22424,33,2
22424,30,2
22424,32,1
22425,22,3
22425,6,2
22426,0,2
22426,9,2
22426,5,2
22426,26,1
22427,4,3
22427,34,3
22428,32,3
22428,4,3
22428,7,1
22429,26,1
22430,6,3
22430,9,2
22430,21,2
22431,31,1
22431,6,2
22431,17,1
22432,22,3
22432,33,2
22432,13,1
22432,11,2
22433,8,3
22433,10,3
22433,29,2
22433,32,2
22434,34,1
22434,30,3
22434,16,3
22434,31,1
22435,8,3
22435,13,3
22435,23,1
22436,21,2
22436,18,3
22436,32,3
22436,5,2
22437,24,1
22437,8,1
22437,5,2
22438,16,1
22439,35,3
22439,8,3
22439,10,2
22440,37,2
22441,23,3
22441,27,1
22441,8,1
22442,23,2
22443,4,3
22443,0,3
22443,32,3
22443,30,3
22444,29,1
22444,9,3
22444,28,3
22445,12,3
22445,15,1
22445,6,1
22446,38,2
22446,20,3
22446,1,2
22446,3,1
22447,12,2
22448,11,1
22448,27,3
22449,14,2
22449,22,1
22449,26,1
22450,35,2
22451,13,2
22451,24,3
22451,16,1
22451,3,2
22452,15,1
22452,10,3
22452,26,3
22453,11,3
22453,16,2
22453,34,3
22453,8,2
22454,6,2
22454,34,2
22454,33,2
22455,23,3
22455,33,2
22455,8,3
22455,11,3
22456,23,2
22456,26,1
22457,14,2
22457,10,2
22457,32,3
22457,3,3
22458,0,2
22458,26,2
22458,20,3
22458,1,2
22459,37,2
22460,20,3
22460,8,1
22461,7,1
22462,34,1
22462,12,3
22462,23,1
22462,20,1
22463,9,2
22463,6,3
22464,28,2
22464,3,1
22464,33,1
22464,37,2
22465,2,2
22466,31,2
22466,30,2
22466,12,3
22466,0,3
22467,2,2
22467,4,2
22467,7,1
22467,29,1
22468,2,2
22468,14,1
22468,36,2
22468,12,3
22469,36,1
22469,9,2
22470,7,2
22471,38,3
22471,33,1
22472,34,2
22473,32,3
22473,28,1
22474,3,2
22474,20,1
22475,11,1
22475,7,1
22476,17,1
22476,5,1
22476,10,2
22476,28,2
22477,16,3
22477,34,1
22478,13,1
22478,21,1
22479,28,3
22480,19,3
22480,26,2
22481,11,1
22481,25,1
22481,3,2
22482,15,3
22482,10,2
22483,2,3
22483,21,2
22483,4,1
22484,23,3
22484,33,1
22485,37,2
22485,5,1
22485,27,1
22485,17,1
22486,1,2
22487,24,3
22487,38,2
22487,0,2
22488,32,3
22489,6,1
22489,8,2
22489,20,2
22489,10,1
22490,30,1
22490,23,1
22491,25,3
22491,33,3
22491,22,1
22492,21,3
22492,29,1
22493,20,1
22493,29,3
22494,27,3
22495,9,3
22495,22,2
22495,10,1
22495,1,1
22496,20,2
22496,8,1
22496,17,3
22497,38,1
22497,19,2
22497,29,2
22497,30,3
22498,5,2
22498,37,1
22499,5,3
22499,0,2
22499,2,1
22500,31,2
22500,15,3
22500,28,1
22500,1,1
22501,35,2
22501,11,1
22502,31,3
22502,17,2
22502,34,2
22502,21,2
22503,23,1
22504,29,1
22504,27,1
22504,32,1
22504,1,1
22505,29,1
22505,3,1
22506,23,3
22507,14,3
22507,23,1
22507,22,2
22508,35,2
22509,4,3
22509,13,1
22509,26,2
22510,30,1
22511,17,1
22511,31,1
22512,9,1
22512,10,2
22512,6,1
22513,5,2
22513,14,3
22513,36,1
22513,2,3
22514,36,1
22515,32,2
22515,21,3
22515,6,3
22516,24,2
22517,3,1
22518,17,1
22519,9,3
22519,23,3
22519,12,3
22519,22,3
22520,21,1
22520,6,1
22520,1,2
22520,31,1
22521,5,1
22521,0,3
22521,18,3
22521,15,1
22522,37,1
22523,34,2
22524,12,3
22524,29,1
22524,25,1
22525,28,2
22526,35,2
22527,33,1
22527,7,2
22527,20,1
22527,5,1
22528,23,2
22528,12,2
22528,6,2
22528,9,2
22529,5,1
22529,17,3
22530,11,3
22530,19,1
22530,17,1
22530,2,2
22531,30,3
22531,23,1
22532,12,2
22532,23,1
22533,20,2
22534,8,1
22534,32,2
22535,12,2
22536,27,3
22536,0,2
22536,11,2
22536,18,2
22537,7,3
22537,28,1
22538,13,3
22538,37,2
22539,15,2
22539,19,3
22540,37,1
22541,0,2
22541,7,1
22541,24,1
22541,27,3
22542,0,2
22542,14,1
22542,16,3
22542,38,2
22543,21,2
22544,26,2
22545,9,2
22545,38,2
22545,30,2
22546,2,3
22546,35,2
22546,24,3
22547,13,2
22547,15,3
22547,6,3
22547,1,2
22548,27,2
22548,28,1
22549,33,1
22550,12,1
22551,28,3
22551,33,2
22551,35,3
22551,9,1
22552,18,1
22552,33,1
22552,1,3
22552,26,1
22553,4,3
22553,12,3
22554,19,2
22554,27,3
22555,25,1
22555,4,3
22556,19,3
22556,33,1
22556,3,2
22557,22,1
22557,23,1
22558,0,3
22558,12,2
22558,21,3
22558,35,2
22559,24,1
22559,1,2
22560,13,1
22560,17,2
22560,37,3
22561,28,1
22562,1,1
22562,11,1
22562,32,2
22563,17,2
22563,24,2
22564,0,3
22564,10,1
22564,14,3
22564,13,3
22565,19,2
22565,23,3
22565,38,1
22566,14,3
22567,19,2
22567,34,2
22568,14,2
22568,1,2
22568,6,2
22568,21,1
22569,9,3
22570,21,3
22570,18,3
22571,33,3
22572,28,2
22572,34,3
22573,3,3
22573,19,1
22573,25,3
22574,16,2
22575,10,3
22575,20,3
22576,25,2
22576,12,2
22576,20,2
22577,8,3
22578,15,3
22578,18,2
22579,38,2
22579,27,1
22579,36,3
22580,38,2
22580,16,3
22580,25,2
22580,9,1
22581,8,3
22581,9,1
22581,35,3
22582,18,2
22582,26,2
22582,7,2
22583,0,3
22583,4,3
22583,36,3
22584,18,2
22584,7,3
22585,33,1
22585,3,2
22586,22,2
22586,9,3
22586,4,1
22586,19,1
22587,22,2
22587,18,3
22587,30,3
22588,29,3
22588,38,2
22589,28,2
22589,21,3
22589,5,1
22589,3,2
22590,20,1
22590,29,3
22590,6,1
22590,18,3
22591,13,3
22591,26,3
22592,26,1
22592,32,3
22592,12,3
22592,25,3
22593,25,2
22593,33,3
22594,38,3
22594,21,2
22594,15,2
22594,32,2
22595,37,3
22596,13,3
22596,26,1
22596,24,3
22596,27,1
22597,19,1
22597,27,2
22597,10,1
22598,33,1
22598,29,1
22599,27,1
22600,21,3
22600,35,3
22601,21,2
22602,31,3
22602,15,3
22603,27,1
22603,17,2
22604,36,1
22604,3,2
22604,32,2
22604,22,2
22605,24,1
22605,5,1
22606,14,2
22606,8,3
22607,27,3
22608,15,3
22609,20,2
22609,5,3
22609,37,3
22610,32,2
22610,18,2
22610,21,2
22611,23,1
22611,26,3
22611,24,3
22611,22,3
22612,36,2
22612,22,3
22612,7,3
22612,0,3
22613,37,3
22613,32,1
22614,22,1
22614,18,2
22614,35,3
22614,0,1
22615,8,1
22615,3,3
22615,35,1
22615,7,2
22616,13,1
22616,15,1
22617,32,1
22617,37,2
22617,28,1
22617,9,3
22618,14,3
22618,19,2
22618,24,1
22619,17,1
22619,21,3
22619,27,2
22619,26,1
22620,25,2
22620,5,3
22621,33,2
22621,26,1
22621,31,2
22621,27,3
22622,11,2
22623,32,3
22623,30,2
22624,26,3
22625,38,2
22625,22,1
22626,18,1
22626,2,3
22627,3,2
22627,20,1
22627,19,2
22628,26,2
22629,11,3
22629,30,3
22629,38,2
22629,33,3
22630,35,1
22631,2,3
22631,19,2
22632,0,1
22632,14,2
22632,18,2
22632,11,2
22633,29,3
22634,5,2
22634,24,3
22634,15,3
22635,25,2
22635,5,3
22636,6,2
22636,37,1
22637,24,2
22637,21,2
22638,35,1
22638,38,2
22638,36,3
22639,33,3
22639,34,1
22639,2,3
22640,32,1
22641,12,2
22641,11,1
22641,23,2
22641,3,2
22642,34,1
22642,2,1
22643,26,2
22643,35,2
22643,9,3
22644,12,3
22645,25,2
22646,19,3
22646,36,1
22646,37,3
22646,1,3
22647,25,3
22648,8,2
22648,33,1
22648,38,3
22649,19,2
22649,5,2
22649,28,1
22649,22,1
22650,23,2
22650,24,3
22651,31,2
22652,31,2
22652,20,1
22652,17,2
22652,15,2
22653,2,2
22653,7,2
22653,20,1
22654,21,3
22654,6,3
22655,8,1
22655,14,3
22655,4,3
22655,1,1
22656,24,3
22656,11,1
22656,36,3
22656,1,1
22657,8,2
22658,30,1
22658,15,2
22658,11,2
22659,1,2
22659,27,1
22660,12,3
22661,24,3
22661,6,3
22661,30,2
22662,31,3
22662,5,3
22662,12,2
22662,36,3
22663,29,1
22663,22,1
22664,32,2
22664,2,1
22664,36,2
22664,20,3
22665,32,3
22665,13,1
22665,9,2
22666,4,1
22666,3,2
22667,35,1
22668,20,2
22668,13,2
22668,12,2
22669,30,1
22669,24,2
22670,7,2
22670,30,1
22671,3,3
22671,6,1
22672,29,3
22672,26,3
22672,31,3
22673,14,3
22673,18,3
22674,28,3
22674,24,1
22675,9,2
22675,13,1
22675,20,2
22676,10,2
22676,2,3
22676,5,2
22677,26,2
22677,38,2
22677,19,2
22677,0,1
22678,13,3
22678,3,3
22678,20,2
22679,14,1
22680,1,1
22680,29,1
22680,12,3
22681,33,1
22681,35,3
22681,18,1
22682,14,2
22683,7,1
22684,12,3
22684,38,3
22684,17,1
22685,1,2
22685,18,3
22685,26,3
22685,4,1
22686,28,3
22686,13,2
22686,0,1
22687,16,1
22688,8,3
22688,20,1
22688,28,1
22689,9,1
22689,10,1
22689,35,3
22689,31,3
22690,28,2
22691,31,1
22691,21,1
22691,33,3
22692,29,3
22693,0,3
22693,12,3
22694,27,2
22694,28,1
22694,19,3
22695,15,3
22695,10,2
22695,14,3
22695,23,1
22696,26,1
22696,15,1
22696,2,3
22697,4,2
22697,23,3
22698,3,2
22698,17,3
22698,2,3
22699,28,2
22699,35,3
22699,26,2
22700,17,3
22701,9,3
22702,12,1
22702,36,2
22702,20,2
22702,38,2
22703,1,3
22703,38,2
22704,38,2
22705,23,3
22705,10,1
22706,34,2
22706,22,1
22707,25,1
22707,0,1
22707,36,2
22707,11,1
22708,33,2
22708,8,1
22708,12,2
22708,14,1
22709,22,2
22709,8,3
22710,5,1
22711,14,2
22711,16,1
22712,36,3
22712,33,1
22712,16,1
22712,26,3
22713,37,2
22713,30,2
22713,1,1
22714,20,1
22714,2,2
22714,9,1
22715,5,1
22715,31,2
22715,23,2
22715,3,1
22716,18,2
22716,0,2
22717,31,1
22718,13,1
22718,2,3
22719,20,2
22719,13,2
22719,10,2
22719,15,3
22720,9,3
22720,30,1
22720,27,2
22720,7,1
22721,3,3
22722,12,3
22722,36,2
22723,31,3
22723,30,2
22723,7,2
22724,22,3
22725,29,1
22725,17,1
22725,15,1
22725,31,2
22726,26,2
22726,37,2
22726,1,1
22726,23,3
22727,19,1
22727,15,3
22728,19,3
22729,28,3
22729,20,3
22729,4,2
22730,6,2
22730,25,3
22731,28,1
22732,5,1
22732,2,1
22732,22,1
22733,2,1
22733,8,3
22733,10,3
22734,27,3
22734,30,3
22734,17,2
22734,8,3
22735,37,2
22735,29,2
22735,21,2
22735,4,2
22736,14,1
22737,36,2
22737,0,3
22738,17,3
22738,2,2
22738,7,1
22738,6,3
22739,11,2
22739,1,3
22739,5,2
22740,36,3
22741,21,3
22741,2,2
22742,6,3
22742,0,2
22742,21,3
22742,17,1
22743,16,3
22743,26,3
22743,19,2
22743,9,3
22744,37,1
22744,17,2
22744,38,1
22745,9,1
22745,14,2
22745,30,3
22745,25,2
22746,28,1
22746,7,2
22747,19,2
22748,10,1
22748,6,3
22749,34,3
22749,17,2
22750,14,1
22751,5,3
22752,12,1
22752,25,1
22752,35,2
22752,8,3
22753,34,2
22753,38,1
22753,1,1
22754,36,3
22754,34,1
22755,14,3
22756,38,1
22756,3,3
22757,0,1
22757,17,2
22757,38,3
22757,15,3
22758,34,1
22758,35,2
22758,10,1
22758,36,1
22759,38,2
22759,8,3
22760,35,3
22760,18,3
22760,4,1
22761,23,2
22762,3,1
22763,9,2
22763,14,1
22763,6,2
22764,23,1
22764,26,1
22765,35,1
22765,18,1
22766,17,2
22766,32,3
22766,21,2
22767,8,3
22767,21,1
22767,34,2
22768,12,2
22768,32,1
22768,35,1
22768,34,1
22769,36,2
22769,27,2
22769,30,2
22770,10,3
22771,15,2
22771,17,1
22771,9,2
22771,35,2
22772,9,1
22772,21,3
22772,27,3
22772,11,1
22773,22,2
22773,17,1
22773,8,2
22773,18,3
22774,27,1
22774,24,3
22774,8,3
22775,24,3
22775,23,2
22775,7,1
22775,33,1
22776,22,2
22777,26,2
22777,21,1
22778,26,1
22779,37,1
22779,38,2
22779,36,2
22780,30,3
22781,10,3
22781,20,2
22781,25,2
22782,33,1
22782,16,2
22782,11,1
22782,6,3
22783,12,1
22783,7,3
22783,33,3
22783,14,3
22784,13,2
22785,23,2
22785,27,1
22786,24,1
22786,30,3
22787,24,3
22788,26,3
22789,31,3
22789,20,2
22790,14,1
22790,0,3
22790,38,3
22791,14,2
22791,25,2
22791,13,3
22791,24,3
22792,6,1
22792,36,1
22792,31,2
22793,30,2
22793,8,3
22794,26,1
22794,2,2
22794,30,1
22794,10,1
22795,35,1
22796,35,2
22796,17,1
22797,22,2
22797,36,3
22797,9,3
22798,26,3
22798,38,2
22798,30,2
22799,18,1
22799,8,1
22799,2,3
22799,30,3
22800,26,1
22801,27,2
22801,16,3
22802,17,2
22803,33,2
22803,30,1
22803,14,2
22803,26,2
22804,20,2
22804,23,3
22805,26,3
22805,32,2
22805,19,2
22805,23,1
22806,18,1
22806,8,1
22806,31,3
22806,21,3
22807,11,3
22808,21,2
22808,36,1
22808,24,2
22808,35,1
22809,21,1
22810,21,3
22811,19,3
22811,24,3
22811,28,3
22812,9,2
22812,34,3
22812,10,3
22813,20,1
22813,32,2
22814,35,3
22814,38,1
22814,24,1
22814,1,1
22815,35,2
22815,14,3
22815,21,1
22815,28,2
22816,32,1
22817,35,2
22817,15,1
22817,11,2
22818,29,1
22818,25,3
22818,4,1
22818,18,3
22819,11,2
22819,34,1
22819,4,1
22819,7,2
22820,18,1
22821,15,1
22822,2,1
22823,2,2
22823,6,1
22823,31,2
22823,15,1
22824,19,2
22825,31,1
22825,30,2
22826,14,1
22826,6,2
22826,12,3
22827,36,2
22828,5,3
22829,19,2
22829,14,2
22829,7,1
22830,9,3
22830,26,2
22831,33,3
22831,17,1
22832,32,3
22832,35,1
22832,33,2
22833,20,2
22833,18,1
22833,38,3
22834,4,1
22834,6,3
22834,34,3
22835,29,3
22835,24,3
22835,6,3
22835,35,3
22836,1,2
22836,7,1
22837,18,3
22837,13,2
22837,25,3
22838,6,3
22839,0,1
22839,10,3
22839,14,3
22840,28,3
22840,6,3
22840,7,2
22840,21,2
22841,14,3
22841,28,3
22841,36,2
22841,10,1
22842,7,3
22842,19,2
22842,28,3
22842,0,2
22843,29,3
22843,25,1
22843,28,2
22843,22,1
22844,35,2
22844,12,2
22844,6,1
22845,30,1
22845,5,3
22845,3,2
22845,6,1
22846,35,2
22847,12,3
22848,19,1
22848,21,2
22848,6,1
22849,34,2
22849,22,3
22849,10,3
22850,18,3
22851,28,2
22851,3,2
22851,32,1
22851,2,1
22852,32,2
22852,36,3
22853,13,3
22853,26,3
22853,7,1
22853,28,1
22854,23,2
22855,34,1
22855,18,3
22855,33,1
22855,37,2
22856,4,2
22856,6,2
22856,0,1
22856,38,1
22857,15,2
22858,36,3
22859,38,2
22859,9,2
22859,8,2
22859,25,2
22860,11,2
22860,14,3
22861,35,1
22861,2,1
22862,10,2
22863,15,3
22863,35,3
22863,20,2
22864,16,1
22864,25,3
22865,35,3
22865,18,3
22865,8,1
22865,37,2
22866,19,3
22866,26,3
22866,32,1
22866,33,1
22867,2,3
22868,21,2
22869,21,1
22870,24,1
22871,32,2
22871,17,3
22872,21,1
22872,27,3
22872,10,1
22873,0,2
22873,21,3
22873,10,1
22874,28,3
22875,3,1
22876,25,3
22876,4,1
22876,3,2
22877,17,2
22877,4,2
22878,5,2
22878,12,2
22879,31,2
22879,22,2
22880,3,1
22880,13,3
22880,26,1
22881,14,1
22881,26,3
22881,33,2
22882,5,2
22883,1,2
22883,32,1
22883,13,1
22883,23,1
22884,33,3
22885,36,1
22885,0,2
22885,11,1
22885,6,2
22886,1,2
22886,15,3
22886,2,2
22887,32,1
22888,28,3
22889,16,1
22890,5,3
22890,24,1
22891,33,2
22891,29,1
22891,21,2
22891,15,1
22892,36,1
22892,31,1
22893,12,2
22893,38,1
22894,5,2
22894,22,3
22894,28,2
22895,4,2
22896,2,1
22897,28,2
22897,31,3
22897,36,1
22897,11,3
22898,29,1
22898,19,2
22899,15,2
22899,3,1
22899,12,1
22900,25,2
22901,17,3
22902,2,2
22902,23,3
22902,28,1
22903,17,1
22903,10,1
22903,30,2
22903,15,3
22904,9,1
22905,19,1
22905,20,3
22905,35,3
22905,21,2
22906,18,2
22906,27,3
22907,10,1
22908,13,2
22908,35,2
22908,33,1
22909,29,3
22909,17,3
22909,19,3
22910,3,2
22911,12,2
22911,21,2
22911,0,1
22911,34,1
22912,2,3
22912,3,2
22912,4,1
22913,34,1
22913,38,1
22914,22,3
22914,26,3
22914,35,2
22914,30,2
22915,5,1
22915,23,2
22915,32,1
22916,0,3
22916,5,3
22917,8,1
22917,36,1
22918,4,3
22918,26,3
22918,16,2
22919,20,3
22919,28,1
22920,28,3
22920,7,2
22921,30,2
22922,15,2
22922,8,3
22923,19,3
22924,29,2
22925,14,3
22925,16,1
22926,23,1
22927,34,2
22927,33,1
22927,38,2
22928,30,3
22928,2,2
22929,24,3
22929,33,3
22930,21,1
22930,35,1
22930,5,3
22930,29,1
22931,7,1
22931,1,3
22931,34,1
22931,24,3
22932,22,2
22933,5,2
22933,33,1
22933,19,2
22933,8,3
22934,38,3
22934,27,2
22934,30,1
22934,37,1
22935,7,1
22935,21,3
22935,14,1
22936,26,2
22936,11,2
22936,32,2
22937,0,3
22937,23,2
22938,35,3
22938,0,3
22939,16,1
22939,32,3
22939,27,2
22939,20,3
22940,25,2
22940,11,1
22940,15,3
22940,18,1
22941,18,3
22942,36,3
22942,14,1
22943,3,3
22943,29,3
22943,6,3
22944,35,1
22944,16,2
22945,29,1
22945,32,3
22946,34,3
22946,14,3
22946,36,2
22946,29,2
22947,7,1
22948,2,1
22948,9,3
22948,12,2
22949,1,3
22950,4,1
22951,7,3
22951,27,1
22952,21,3
22952,5,3
22952,36,3
22953,19,2
22953,5,2
22953,22,3
22954,35,2
22955,30,1
22956,35,2
22957,28,2
22957,13,1
22957,3,3
22958,8,1
22959,15,1
22959,8,3
22959,28,3
22960,13,2
22960,34,1
22960,23,3
22961,7,1
22961,35,2
22961,26,1
22962,6,2
22962,12,3
22963,0,2
22963,29,2
22963,33,1
22964,14,1
22964,4,2
22965,30,2
22966,27,3
22966,6,2
22967,2,1
22967,22,2
22967,37,2
22967,35,3
22968,3,3
22968,31,2
22968,23,1
22969,15,1
22969,30,1
22970,21,1
22970,25,2
22971,7,2
22971,26,3
22972,5,1
22973,12,2
22973,36,2
22973,9,2
22973,18,1
22974,15,2
22975,20,1
22975,14,3
22975,23,2
22975,16,1
22976,37,1
22977,27,1
22978,25,2
22978,3,3
22978,15,1
22978,26,3
22979,36,1
22979,24,1
22979,22,1
22980,3,2
22981,22,2
22982,28,3
22982,12,2
22982,4,1
22982,38,3
22983,9,3
22983,14,2
22983,8,1
22983,13,3
22984,31,3
22985,32,1
22985,16,3
22985,11,3
22985,30,1
22986,17,3
22986,13,1
22987,1,2
22987,18,3
22987,38,1
22988,33,2
22988,26,2
22988,6,3
22989,9,2
22989,10,2
22990,21,1
22991,5,2
22992,38,2
22992,2,3
22993,27,1
22993,9,1
22994,35,2
22994,37,1
22995,4,1
22995,19,2
22995,8,1
22996,5,2
22996,6,2
22996,10,3
22997,30,3
22997,11,3
22997,3,2
22997,12,1
22998,23,2
22998,14,2
22999,19,1
23000,31,1
23000,14,1
23001,36,3
23001,30,2
23001,2,1
23001,20,2
23002,28,3
23002,38,1
23002,30,3
23003,4,3
23003,33,1
23004,18,2
23004,5,1
23004,36,1
23005,0,2
23006,28,3
23006,32,1
23006,36,1
23007,28,3
23008,23,3
23008,22,2
23009,11,2
23009,32,3
23009,22,3
23010,11,2
23011,26,3
23011,21,2
23011,17,3
23012,13,1
23013,30,2
23013,3,2
23013,2,3
23014,27,1
23014,10,3
23014,30,3
23014,26,2
23015,14,1
23015,27,3
23015,26,2
23016,4,1
23016,28,2
23016,29,2
23017,17,3
23017,27,1
23018,20,2
23018,36,1
23019,20,2
23019,26,1
23019,22,3
23020,0,1
23020,33,2
23020,4,1
23021,29,1
23021,3,1
23021,35,3
23021,36,2
23022,1,1
23022,8,3
23023,15,1
23024,11,3
23024,38,1
23025,22,3
23025,38,2
23025,9,3
23026,29,1
23026,35,2
23026,12,3
23026,14,3
23027,5,2
23028,3,2
23029,27,1
23030,21,3
23031,7,2
23031,5,1
23031,1,2
23032,14,2
23032,12,3
23032,22,3
23033,8,3
23033,24,1
23034,2,3
23034,29,2
23035,22,2
23035,16,2
23035,3,2
23036,7,2
23036,27,2
23036,30,3
23037,7,3
23037,38,3
23038,8,3
23039,34,1
23039,2,2
23040,24,3
23040,10,1
23040,2,1
23040,4,3
23041,26,2
23041,2,2
23041,38,2
23041,37,3
23042,11,3
23042,4,2
23042,10,1
23042,29,2
23043,6,2
23044,6,1
23044,32,2
23044,17,1
23045,0,3
23045,8,1
23045,26,3
23046,16,1
23047,5,3
23047,38,3
23047,0,2
23048,32,3
23048,5,2
23048,1,3
23049,29,1
23049,26,1
23050,0,3
23051,7,2
23052,32,1
23052,19,1
23053,19,3
23053,38,2
23053,32,1
23053,26,1
23054,13,3
23054,3,3
23054,24,1
23055,25,3
23055,4,1
23055,38,2
23056,14,1
23056,11,3
23056,23,2
23057,2,2
23057,32,2
23057,23,2
23057,24,2
23058,29,3
23059,14,3
23059,35,3
23059,26,1
23059,10,2
23060,11,2
23061,28,3
23061,0,2
23061,37,2
23062,8,3
23062,27,2
23063,20,3
23064,15,2
23064,25,3
23065,3,2
23065,11,3
23065,19,1
23065,22,1
23066,22,1
23067,21,2
23067,22,3
23067,25,3
23067,4,3
23068,8,3
23068,35,3
23069,24,3
23070,11,2
23070,18,2
23071,26,3
23071,27,3
23072,26,2
23072,7,2
23073,20,2
23073,23,1
23073,36,2
23074,2,3
23075,27,3
23075,14,2
23075,24,1
23075,18,2
23076,11,2
23077,22,1
23077,28,2
23077,2,2
23077,16,1
23078,17,2
23078,11,1
23078,26,2
23079,3,3
23079,5,2
23080,1,1
23080,13,1
23080,23,3
23080,7,1
23081,37,1
23081,12,2
23082,18,2
23082,13,2
23082,7,2
23083,16,1
23083,26,1
23083,13,1
23083,17,2
23084,23,2
23084,21,3
23084,32,1
23085,18,1
23085,33,2
23085,1,1
23086,13,2
23086,7,2
23086,35,2
23086,15,2
23087,20,3
23087,27,1
23088,0,2
23089,19,3
23089,0,1
23089,4,2
23090,5,1
23091,4,1
23091,22,2
23091,28,1
23092,21,1
23092,22,1
23092,24,2
23093,27,1
23093,38,3
23093,16,1
23093,10,2
23094,3,2
23095,33,2
23095,22,3
23095,28,2
23095,17,2
23096,38,3
23096,29,1
23097,9,2
23097,26,3
23097,15,2
23097,20,3
23098,7,2
23098,11,1
23098,4,2
23098,32,3
23099,5,2
23099,22,2
23099,7,1
23100,7,2
23100,26,1
23101,24,1
23101,17,2
23102,34,3
23102,1,2
23102,13,3
23103,2,1
23103,5,3
23104,31,2
23104,7,2
23105,32,1
23105,35,1
23105,22,2
23105,16,2
23106,16,1
23106,27,1
23107,11,2
23107,25,2
23107,6,3
23107,0,1
23108,9,1
23108,8,3
23108,25,2
23109,11,3
23109,0,3
23110,38,2
23110,19,3
23110,34,1
23110,1,3
23111,26,1
23111,9,2
23111,3,3
23112,7,2
23113,14,2
23113,19,1
23113,10,1
23113,34,2
23114,29,2
23114,26,1
23115,33,1
23116,38,2
23116,23,3
23116,9,1
23116,7,2
23117,16,1
23117,10,1
23117,37,3
23118,9,3
23118,34,2
23118,25,1
23118,12,2
23119,33,1
23119,23,1
23120,26,1
23120,21,2
23121,34,1
23121,19,3
23122,10,1
23123,35,1
23123,25,3
23123,8,1
23124,13,1
23124,20,3
23124,6,3
23125,23,1
23126,18,1
23126,5,3
23127,38,3
23127,14,2
23128,17,3
23128,23,2
23128,10,1
23129,20,3
23129,4,3
23129,35,3
23130,18,3
23130,10,1
23131,28,1
23131,34,2
23131,33,1
23131,11,1
23132,36,2
23133,34,3
23133,32,1
23134,30,3
23134,0,3
23134,28,3
23135,10,3
23135,26,1
23135,22,2
23135,32,2
23136,18,3
23136,22,1
23136,24,1
23136,33,2
23137,20,3
23137,12,2
23138,22,2
23139,37,2
23140,27,1
23141,29,2
23141,26,3
23141,10,3
23141,30,1
23142,23,3
23142,1,3
23143,26,2
23143,3,2
23144,35,2
23144,37,3
23144,4,3
23144,28,2
23145,38,1
23145,6,2
23145,32,3
23146,13,3
23147,26,2
23147,35,1
23147,24,1
23147,38,2
23148,24,3
23149,1,2
23150,19,1
23150,18,1
23150,37,2
23151,33,2
23151,22,2
23151,0,2
23152,1,1
23152,17,3
23153,37,3
23153,33,2
23153,20,2
23154,3,3
23154,4,2
23154,29,1
23155,36,3
23156,6,3
23156,8,2
23156,7,1
23157,22,2
23157,26,3
23158,24,3
23158,4,3
23159,33,2
23160,17,2
23160,31,2
23160,6,2
23160,20,2
23161,33,2
23161,14,3
23161,9,2
23162,17,2
23163,13,1
23163,5,2
23163,0,1
23163,38,3
23164,2,3
23164,23,3
23164,16,3
23165,2,3
23166,10,1
23166,22,2
23167,24,2
23167,27,2
23168,22,2
23168,38,2
23168,36,3
23169,21,3
23169,3,3
23169,36,2
23170,16,2
23170,22,3
23170,5,3
23171,5,1
23171,6,3
23171,36,3
23171,30,3
23172,2,2
23172,37,3
23172,32,3
23172,15,2
23173,11,1
23173,27,1
23173,36,1
23173,17,1
23174,10,3
23174,34,2
23174,38,1
23175,3,1
23175,15,2
23175,30,3
23176,24,2
23176,33,1
23177,33,3
23177,37,2
23177,24,2
23177,36,1
23178,26,1
23178,12,1
23178,31,3
23179,20,3
23180,4,2
23180,21,1
23181,23,3
23181,1,2
23181,21,1
23181,17,2
23182,17,3
23182,36,3
23183,17,1
23183,8,2
23184,11,3
23184,32,1
23185,8,3
23185,28,1
23185,5,3
23186,16,1
23186,15,2
23186,7,1
23187,31,2
23188,21,2
23189,29,2
23189,25,3
23190,0,2
23190,38,3
23190,7,1
23190,21,2
23191,15,3
23191,12,3
23191,21,2
23191,3,2
23192,18,1
23193,7,1
23194,0,3
23194,36,1
23194,20,2
23195,31,2
23195,3,3
23195,1,3
23195,13,1
23196,31,3
23196,38,2
23196,27,3
23197,6,3
23198,6,3
23198,7,1
23198,29,3
23199,37,3
23199,30,2
23200,7,1
23200,24,3
23201,24,1
23201,27,1
23201,6,1
23201,14,3
23202,36,2
23203,21,3
23203,36,2
23204,9,1
23204,13,3
23205,4,3
23205,27,2
23205,6,2
23205,30,2
23206,8,1
23206,28,1
23206,17,3
23206,15,2
23207,18,3
23207,6,3
23208,22,2
23208,20,1
23208,3,2
23208,35,2
23209,14,1
23209,12,2
23209,23,2
23209,26,3
23210,4,3
23211,8,1
23211,26,3
23212,27,3
23212,17,3
23213,28,1
23214,14,3
23214,24,2
23215,12,2
23215,1,2
23216,11,2
23216,31,3
23217,4,3
23217,36,2
23217,27,2
23217,16,3
23218,26,2
23218,2,1
23219,22,1
23219,36,1
23219,2,1
23219,35,3
23220,8,1
23220,1,2
23220,37,1
23220,4,1
23221,20,3
23221,14,2
23221,25,1
23221,31,3
23222,17,2
23222,7,3
23222,34,1
23222,25,3
23223,31,2
23223,37,3
23224,18,1
23225,28,3
23225,25,1
23226,8,3
23226,5,2
23226,10,3
23226,31,2
23227,6,1
23228,4,2
23228,25,2
23228,18,3
23229,21,3
23229,35,1
23230,36,1
23230,22,1
23231,35,2
23231,24,2
23231,5,3
23232,35,2
23233,0,1
23233,9,2
23233,8,2
23234,23,1
23234,21,2
23235,29,2
23236,25,1
23237,32,3
23238,4,3
23238,25,1
23238,21,1
23239,5,2
23239,8,1
23239,18,1
23240,23,1
23241,34,2
23241,15,2
23241,1,3
23241,35,1
23242,34,3
23242,20,2
23243,8,3
23243,31,1
23243,5,3
23243,0,2
23244,23,3
23244,21,3
23245,23,2
23245,14,1
23245,29,2
23245,15,3
23246,37,2
23246,38,2
23246,30,3
23247,34,3
23247,21,1
23247,28,3
23247,24,3
23248,6,2
23248,10,2
23248,11,2
23248,14,3
23249,34,3
23249,28,1
23249,20,3
23250,30,2
23251,17,2
23252,16,1
23252,35,2
23252,38,1
23253,19,3
23253,8,3
23253,4,3
23253,0,2
23254,2,2
23254,34,3
23255,22,3
23255,18,2
23255,6,3
23256,8,3
23256,36,3
23256,20,3
23256,10,3
23257,15,1
23258,37,1
23258,11,3
23258,38,1
23259,21,3
23259,4,1
23259,15,1
23259,34,2
23260,10,2
23260,33,1
23260,27,2
23261,18,3
23261,29,3
23262,33,2
23262,38,2
23262,19,3
23263,4,1
23264,7,3
23264,6,2
23264,22,1
23265,35,2
23265,20,1
23266,19,1
23267,17,2
23267,6,2
23268,4,3
23268,34,2
23268,10,3
23268,33,1
23269,36,2
23269,24,1
23270,30,2
23270,21,3
23270,2,1
23271,9,1
23271,25,1
23271,38,1
23271,22,1
23272,9,3
23272,13,2
23272,6,2
23273,34,1
23273,7,2
23274,26,2
23274,6,1
23274,22,2
23275,7,2
23275,19,1
23276,30,1
23277,11,2
23277,36,2
23278,33,3
23279,3,3
23279,27,3
23280,22,1
23280,17,2
23280,28,3
23281,6,3
23281,4,2
23281,36,1
23281,18,2
23282,29,1
23282,20,1
23282,38,1
23283,3,1
23283,34,3
23283,0,1
23283,6,2
23284,10,3
23284,7,1
23285,6,3
23285,37,2
23285,21,1
23285,23,1
23286,22,3
23286,19,3
23286,37,1
23286,35,2
23287,13,1
23287,38,2
23288,13,2
23288,33,1
23288,23,1
23289,23,3
23289,11,3
23290,6,3
23290,38,1
23290,16,3
23291,28,3
23292,34,1
23292,1,2
23292,8,2
23292,28,1
23293,0,3
23293,36,3
23293,6,3
23294,16,2
23294,9,2
23294,29,3
23295,30,1
23295,29,1
23296,24,2
23296,35,2
23296,29,2
23296,17,2
23297,13,2
23297,18,3
23298,3,2
23298,31,3
23299,34,2
23299,8,1
23299,4,2
23300,0,3
23301,8,1
23301,23,3
23301,21,3
23301,38,3
23302,11,3
23303,7,3
23303,21,3
23303,10,1
23303,2,1
23304,31,3
23304,38,2
23304,30,3
23304,1,1
23305,2,1
23305,27,1
23305,33,3
23306,15,3
23306,12,2
23307,35,3
23308,0,2
23308,20,1
23308,38,1
23309,3,3
23309,29,3
23309,35,3
23310,10,2
23311,8,3
23311,26,2
23312,1,2
23313,31,3
23314,5,1
23315,4,1
23315,16,1
23315,25,3
23315,22,3
23316,32,2
23317,37,2
23318,34,2
23318,13,3
23319,32,3
23319,5,2
23319,25,3
23320,35,3
23321,36,2
23321,12,1
23321,8,2
23321,10,1
23322,9,1
23322,27,1
23322,3,3
23322,18,3
23323,13,1
23323,11,3
23323,38,2
23324,7,1
23325,24,1
23325,9,3
23325,7,2
23325,10,1
23326,7,1
23327,18,1
23327,34,3
23327,25,1
23327,32,2
23328,32,3
23328,24,3
23328,22,2
23328,1,1
23329,2,2
23329,17,3
23329,35,3
23329,12,3
23330,13,1
23330,20,1
23330,15,3
23331,19,3
23331,36,3
23332,19,3
23332,7,3
23332,25,3
23332,22,1
23333,21,1
23333,1,3
23333,5,3
23334,13,3
23334,27,3
23334,16,2
23334,8,1
23335,15,2
23335,2,1
23335,31,1
23336,1,3
23336,23,3
23336,12,3
23336,11,2
23337,36,2
23338,5,1
23339,37,1
23340,1,2
23340,6,3
23341,6,1
23342,24,2
23342,27,3
23343,9,1
23343,31,3
23344,6,2
23344,25,2
23344,21,3
23345,24,2
23345,5,1
23346,15,2
23346,13,1
23347,38,1
23347,25,1
23347,7,2
23347,0,3
23348,11,1
23348,27,1
23348,1,2
23348,35,2
23349,31,1
23350,38,1
23351,27,3
23351,34,1
23352,36,2
23352,33,1
23353,16,2
23353,9,1
23354,26,1
23354,13,1
23354,19,3
23354,29,3
23355,23,1
23355,27,1
23356,5,1
23356,7,1
23356,29,3
23356,22,1
23357,22,1
23357,26,2
23357,31,2
23358,33,1
23358,30,1
23359,8,3
23360,34,1
23361,23,1
23361,9,3
23362,10,3
23362,0,1
23362,12,1
23363,15,3
23363,34,3
23364,38,1
23365,26,1
23365,38,1
23366,4,3
23366,25,3
23366,3,2
23367,2,2
23367,1,1
23367,38,3
23367,35,3
23368,6,1
23368,26,3
23368,36,2
23369,27,3
23370,38,2
23370,12,3
23370,22,1
23370,30,1
23371,34,3
23372,18,1
23372,36,1
23372,9,2
23373,6,2
23373,3,1
23373,25,3
23374,27,2
23374,19,2
23374,6,1
23374,18,1
23375,24,2
23376,30,1
23376,25,3
23377,11,1
23377,13,3
23378,11,2
23378,9,2
23378,8,3
23379,3,2
23380,2,2
23380,17,2
23380,35,1
23380,26,2
23381,15,2
23381,2,1
23382,11,3
23382,14,3
23383,22,1
23383,14,3
23383,30,2
23383,28,3
23384,5,3
23385,12,1
23386,14,3
23386,33,2
23386,19,3
23386,12,2
23387,33,1
23388,12,2
23388,22,2
23389,15,3
23389,2,2
23389,10,1
23390,33,3
23390,6,2
23391,20,1
23391,34,2
23392,18,1
23393,17,3
23393,10,1
23393,3,3
23393,31,3
23394,34,1
23394,6,3
23395,23,3
23395,14,3
23396,37,3
23396,18,3
23396,9,1
23396,24,1
23397,10,1
23398,25,1
23398,0,2
23398,20,1
23399,11,2
23399,6,1
23399,17,2
23399,2,2
23400,27,3
23401,3,3
23401,24,3
23401,0,2
23401,25,3
23402,2,1
23402,38,3
23402,21,2
23402,30,1
23403,22,3
23403,37,1
23404,27,3
23404,30,2
23404,35,2
23405,10,3
23406,7,1
23406,28,2
23407,29,3
23407,18,2
23408,25,3
23409,15,1
23409,9,3
23409,31,3
23410,26,1
23410,18,3
23411,1,1
23412,18,2
23412,21,1
23413,2,2
23414,19,2
23414,11,1
23414,2,2
23414,23,2
23415,0,3
23415,1,2
23415,25,1
23416,20,2
23417,24,1
23417,28,3
23417,38,3
23417,19,2
23418,14,2
23418,21,3
23418,37,3
23418,30,2
23419,28,2
23419,32,1
23420,19,1
23420,6,3
23421,2,3
23421,32,2
23421,17,3
23422,33,3
23422,19,1
23422,34,1
23422,6,2
23423,19,3
23424,1,3
23425,28,3
23426,32,2
23426,21,2
23427,12,2
23427,8,3
23427,27,3
23427,15,2
23428,5,3
23428,30,1
23428,27,3
23428,3,2
23429,23,3
23429,17,3
23430,35,1
23430,13,3
23430,25,3
23431,6,1
23431,15,3
23432,6,1
23432,8,1
23432,27,3
23433,32,1
23433,2,2
23433,28,1
23434,32,1
23434,35,2
23434,12,2
23435,29,2
23436,27,1
23436,2,1
23436,16,1
23436,8,1
23437,24,3
23437,1,1
23437,15,3
23437,34,2
23438,12,3
23438,34,1
23439,7,2
23439,36,1
23439,31,2
23439,3,1
23440,14,2
23440,20,2
23440,10,3
23440,24,3
23441,11,3
23442,32,2
23442,30,1
23442,5,1
23443,8,2
23443,30,3
23444,36,2
23444,9,3
23444,34,3
23444,27,2
23445,34,2
23446,7,1
23446,29,3
23446,14,1
23447,38,3
23448,8,2
23448,30,1
23448,29,2
23449,9,2
23449,26,3
23449,33,1
23449,20,3
23450,27,1
23451,22,3
23451,30,3
23451,12,3
23452,10,1
23452,1,1
23452,14,1
23453,6,2
23454,8,3
23455,31,1
23456,30,3
23456,34,1
23457,11,3
23457,28,1
23457,34,1
23457,6,1
23458,22,1
23458,16,1
23459,6,3
23459,25,1
23459,38,3
23459,12,2
23460,37,1
23461,38,2
23462,33,2
23462,3,1
23462,31,2
23462,7,3
23463,6,2
23463,17,1
23463,34,2
23463,16,3
23464,9,3
23465,20,2
23465,19,3
23465,29,3
23466,4,1
23466,0,2
23467,35,1
23467,25,3
23467,5,1
23468,35,1
23468,31,2
23469,8,2
23469,35,3
23469,19,3
23469,34,3
23470,31,1
23470,17,3
23471,17,1
23471,37,2
23472,2,2
23472,30,2
23473,31,1
23473,37,1
23473,23,2
23474,16,1
23474,23,1
23474,27,1
23475,7,1
23475,34,2
23475,36,1
23476,29,1
23477,22,3
23478,17,2
23478,9,1
23478,2,1
23478,8,1
23479,31,2
23480,19,2
23480,20,2
23480,21,2
23480,9,3
23481,29,3
23481,15,3
23481,38,2
23481,1,1
23482,4,3
23483,17,1
23483,36,2
23484,6,1
23484,36,2
23485,8,3
23485,1,3
23485,31,3
23485,30,2
23486,8,3
23486,21,1
23486,7,1
23487,12,1
23487,21,2
23487,11,3
23488,20,1
23488,38,2
23488,9,3
23489,30,1
23489,19,2
23489,23,1
23490,7,1
23490,12,2
23490,27,2
23491,6,1
23491,38,1
23491,23,3
23492,22,1
23493,36,1
23493,21,2
23494,32,2
23494,23,2
23495,30,1
23495,35,2
23495,31,2
23496,20,3
23496,12,1
23496,7,2
23496,33,3
23497,18,1
23497,33,1
23498,18,2
23498,4,3
23498,22,2
23498,2,2
23499,1,1
23499,32,1
23499,30,3
23499,24,3
23500,27,3
23500,25,2
23500,37,1
23500,5,1
23501,11,1
23501,38,3
23502,5,1
23502,21,2
23502,18,3
23503,10,3
23503,31,2
23504,19,1
23504,17,1
23504,20,1
23504,38,2
23505,17,3
23506,14,1
23506,21,3
23506,37,2
23507,36,2
23507,4,2
23508,27,2
23508,22,1
23508,15,2
23508,30,3
23509,11,2
23509,38,2
23509,8,2
23509,19,3
23510,30,3
23510,8,2
23510,22,2
23510,14,2
23511,27,2
23511,1,3
23511,24,3
23512,33,2
23512,11,1
23512,35,1
23512,8,2
23513,5,3
23513,38,1
23513,17,3
23514,1,2
23514,10,2
23514,22,2
23515,7,3
23515,24,2
23515,14,2
23515,18,3
23516,30,1
23516,11,2
23516,29,1
23516,1,3
23517,12,1
23517,18,1
23518,16,2
23519,11,3
23519,21,2
23520,23,2
23520,8,3
23520,3,1
23521,5,1
23521,31,3
23521,15,1
23522,5,2
23522,13,3
23522,18,1
23522,36,3
23523,25,2
23523,19,2
23523,32,2
23523,28,1
23524,15,3
23525,26,3
23525,24,3
23526,24,2
23527,10,1
23527,3,2
23528,32,1
23528,3,1
23528,11,3
23529,23,1
23529,11,1
23529,24,3
23529,34,2
23530,16,2
23531,5,3
23531,3,1
23531,10,2
23532,35,3
23532,5,2
23532,26,1
23532,37,1
23533,37,3
23533,14,1
23534,10,2
23534,8,1
23534,35,1
23535,5,2
23535,13,2
23535,16,2
23536,37,1
23537,29,1
23537,35,2
23538,28,2
23538,4,2
23538,21,2
23539,9,1
23539,15,1
23540,36,1
23541,9,1
23541,36,2
23541,27,3
23541,20,3
23542,33,3
23542,11,1
23542,18,3
23542,4,1
23543,35,3
23544,20,2
23544,15,3
23545,6,2
23545,27,1
23546,3,1
23546,38,1
23546,26,1
23546,9,1
23547,28,3
23547,23,1
23548,16,2
23549,27,2
23549,8,1
23550,20,3
23551,23,3
23551,12,3
23551,4,2
23552,23,3
23552,19,1
23552,11,3
23553,4,1
23553,3,3
23553,22,1
23554,10,3
23554,35,2
23554,34,3
23555,28,1
23556,25,1
23556,11,1
23556,21,1
23556,13,2
23557,10,2
23557,28,1
23557,31,1
23557,29,2
23558,12,2
23558,30,1
23559,23,1
23559,18,2
23559,22,2
23560,20,2
23561,26,2
23562,0,2
23562,25,1
23562,4,3
23563,38,2
23563,2,3
23563,7,3
23564,0,2
23565,12,2
23565,16,2
23565,28,1
23565,2,1
23566,18,3
23566,10,3
23566,25,3
23567,1,2
23568,27,1
23568,20,3
23568,5,2
23569,31,1
23570,10,1
23570,31,3
23570,9,3
23570,19,1
23571,12,2
23572,34,2
23572,15,3
23572,6,2
23572,14,3
23573,12,3
23574,10,1
23574,33,3
23575,13,2
23575,3,2
23575,12,1
23575,0,2
23576,6,3
23576,17,2
23576,27,1
23576,10,1
23577,4,2
23577,3,3
23577,29,1
23577,0,1
23578,38,1
23578,34,3
23579,26,3
23579,9,3
23579,16,2
23580,33,3
23580,28,1
23580,13,2
23580,5,3
23581,14,2
23582,29,3
23582,21,3
23583,18,3
23583,26,3
23583,29,1
23584,32,1
23584,5,2
23585,7,2
23585,14,3
23585,11,3
23586,21,2
23586,34,2
23586,4,3
23587,19,3
23587,16,1
23587,18,1
23588,25,1
23589,1,1
23589,22,2
23590,15,3
23590,6,2
23591,35,2
23592,23,3
23592,16,1
23593,20,1
23593,11,2
23594,30,3
23595,1,2
23596,13,3
23596,29,2
23596,15,2
23597,32,3
23597,27,2
23597,15,1
23597,34,1
23598,23,2
23598,9,3
23599,15,1
23599,9,1
23599,23,3
23600,22,1
23601,27,1
23601,35,3
23601,38,3
23602,33,3
23603,38,2
23603,24,2
23603,6,3
23603,3,2
23604,7,1
23604,33,2
23604,37,1
23604,29,1
23605,3,3
23605,22,1
23606,34,3
23606,14,1
23606,28,2
23607,27,2
23607,22,2
23608,27,2
23608,20,2
23608,6,1
23609,17,2
23609,6,3
23610,34,3
23611,2,2
23611,19,1
23612,19,1
23612,34,1
23612,17,2
23612,11,3
23613,12,3
23613,7,2
23614,9,1
23614,13,3
23614,17,3
23614,28,3
23615,23,3
23615,27,1
23615,21,3
23616,35,2
23616,19,3
23616,10,1
23616,11,3
23617,24,1
23617,4,2
23617,19,3
23617,20,1
23618,20,3
23618,6,3
23618,16,2
23618,29,3
23619,14,3
23620,8,1
23620,21,2
23621,37,1
23622,10,1
23622,13,3
23623,14,2
23623,0,2
23623,16,3
23623,6,1
23624,34,1
23624,18,2
23624,25,2
23625,22,2
23625,17,2
23625,20,3
23626,38,2
23626,2,3
23627,2,3
23627,13,2
23628,21,2
23629,0,2
23629,14,1
23630,36,3
23630,0,2
23630,11,3
23631,30,3
23631,20,1
23632,28,3
23632,29,1
23632,22,2
23632,33,2
23633,4,3
23633,33,2
23634,5,1
23635,19,3
23635,29,3
23636,2,1
23636,22,2
23636,18,3
23636,26,1
23637,35,2
23637,34,1
23638,10,1
23638,9,3
23639,24,1
23639,27,2
23640,30,3
23640,31,3
23641,13,2
23642,5,2
23643,13,3
23643,25,2
23643,4,1
23644,29,3
23644,4,1
23644,12,2
23644,18,2
23645,0,2
23645,34,2
23645,17,3
23646,37,1
23646,25,1
23647,22,1
23648,24,1
23648,29,3
23649,12,2
23649,5,1
23649,17,1
23650,21,2
23651,33,3
23651,30,1
23652,24,2
23652,21,3
23652,23,2
23652,8,2
23653,21,3
23653,12,2
23654,1,2
23654,34,1
23654,27,3
23655,27,1
23655,32,3
23656,34,2
23656,6,1
23657,9,2
23658,8,3
23658,38,1
23658,28,3
23659,19,2
23660,11,1
23661,29,1
23661,15,1
23661,22,3
23662,11,3
23662,12,3
23662,20,3
23662,28,3
23663,18,1
23664,5,3
23664,38,1
23664,32,1
23665,22,3
23665,1,2
23666,14,3
23666,24,1
23667,30,1
23667,8,2
23668,2,2
23668,8,3
23669,12,1
23670,27,3
23671,2,3
23671,12,2
23671,28,2
23671,18,1
23672,17,3
23672,1,2
23673,25,3
23673,2,2
23673,34,3
23674,5,3
23674,29,1
23674,22,1
23674,31,1
23675,12,1
23675,28,1
23675,36,1
23675,16,2
23676,32,3
23677,37,1
23677,18,2
23677,15,3
23678,2,2
23679,7,2
23679,37,3
23679,27,1
23679,9,2
23680,16,1
23681,35,3
23681,9,2
23681,7,2
23682,38,2
23683,17,1
23684,27,1
23684,36,3
23685,21,1
23686,18,2
23686,20,1
23686,2,1
23687,8,2
23687,35,2
23687,18,2
23688,33,3
23688,19,2
23688,21,2
23689,23,3
23689,16,1
23689,2,2
23689,7,3
23690,22,1
23690,15,1
23690,33,2
23690,37,2
23691,6,3
23691,5,1
23691,18,3
23692,22,1
23692,6,2
23692,13,3
23692,30,2
23693,30,2
23693,5,1
23693,9,3
23693,33,2
23694,38,3
23694,34,1
23694,14,1
23694,24,3
23695,22,2
23695,31,3
23696,9,2
23696,18,3
23696,13,1
23697,26,1
23697,7,3
23697,11,1
23697,23,2
23698,12,2
23698,15,2
23698,36,3
23699,36,2
23700,33,3
23701,29,1
23702,16,3
23702,35,3
23702,32,2
23702,3,2
23703,37,1
23704,13,3
23704,20,2
23704,21,2
23704,5,1
23705,14,2
23705,21,1
23705,16,2
23706,6,3
23707,5,1
23707,36,3
23707,16,3
23708,23,1
23708,10,2
23708,27,1
23709,4,3
23709,35,3
23709,3,3
23709,33,2
23710,7,3
23710,12,3
23710,23,1
23711,14,3
23711,31,2
23711,33,3
23711,0,1
23712,21,2
23712,7,3
23712,15,3
23712,28,3
23713,35,3
23714,4,3
23714,25,1
23714,27,1
23714,18,2
23715,12,2
23716,11,2
23716,7,3
23717,17,2
23718,9,1
23718,1,3
23719,23,2
23719,38,1
23719,32,2
23719,12,3
23720,24,2
23720,16,2
23721,26,2
23721,18,2
23721,29,2
23722,19,2
23722,0,1
23722,7,3
23722,12,3
23723,30,3
23724,30,3
23724,6,3
23724,19,3
23724,34,3
23725,22,3
23726,22,1
23726,23,3
23726,33,2
23727,17,1
23727,34,2
23727,31,3
23728,12,1
23729,4,3
23729,25,1
23729,20,1
23729,18,3
23730,23,2
23731,38,1
23731,5,3
23731,33,3
23732,9,1
23732,38,1
23733,0,3
23733,4,1
23733,35,2
23734,31,1
23734,25,3
23734,13,1
23735,9,2
23735,0,2
23735,13,3
23735,27,2
23736,15,1
23736,10,1
23737,18,3
23737,13,3
23737,29,3
23738,16,1
23738,7,1
23738,3,3
23738,2,3
23739,34,2
23739,25,1
23739,30,3
23739,12,3
23740,3,2
23740,11,2
23740,18,3
23741,34,2
23741,37,1
23742,4,1
23742,16,1
23742,7,2
23742,19,1
23743,6,1
23743,15,2
23743,38,2
23744,23,1
23744,9,2
23745,20,2
23745,0,3
23746,4,2
23747,31,2
23748,32,2
23748,36,1
23748,12,3
23749,9,3
23750,25,2
23751,11,2
23751,25,3
23751,1,1
23752,33,1
23753,34,1
23753,21,1
23754,30,2
23755,18,3
23756,30,1
23757,21,3
23757,30,1
23757,12,3
23757,25,3
23758,5,3
23758,3,3
23758,37,3
23759,31,3
23760,13,2
23760,21,2
23760,9,1
23760,14,1
23761,14,1
23761,24,3
23762,23,2
23762,0,3
23762,28,1
23763,38,1
23763,15,2
23763,31,3
23764,25,1
23765,9,1
23765,16,3
23765,36,3
23765,8,3
23766,10,2
23766,6,2
23766,36,3
23766,9,3
23767,37,1
23767,36,3
23767,29,1
23768,34,3
23768,11,3
23768,29,2
23769,21,3
23769,11,1
23769,38,3
23770,27,2
23770,7,3
23770,3,1
23771,5,2
23771,22,2
23771,3,1
23771,26,3
23772,28,2
23772,23,2
23772,11,3
23773,1,3
23773,5,3
23773,35,2
23774,6,2
23774,16,1
23774,1,3
23775,2,3
23775,22,2
23775,14,3
23776,12,1
23776,24,3
23776,17,1
23777,11,3
23777,14,3
23777,0,2
23777,12,2
23778,11,2
23778,27,3
23778,28,3
23778,6,2
23779,26,1
23779,32,2
23779,15,2
23779,22,2
23780,26,2
23781,27,3
23781,21,2
23782,6,1
23782,3,3
23782,27,2
23782,7,1
23783,19,3
23783,32,3
23783,30,3
23784,7,2
23784,32,2
23785,17,3
23785,22,1
23785,33,3
23785,21,1
23786,14,1
23787,0,3
23788,37,1
23789,4,2
23789,28,1
23789,0,2
23790,36,1
23791,38,1
23791,15,2
23791,8,2
23791,31,3
23792,3,3
23793,3,1
23793,13,3
23794,27,3
23794,28,3
23794,13,2
23794,31,1
23795,10,1
23795,31,1
23795,23,2
23796,25,3
23796,12,1
23797,5,2
23797,18,3
23797,23,3
23797,20,1
23798,35,2
23799,19,1
23799,7,3
23799,15,2
23800,8,2
23801,7,2
23801,2,2
23801,8,3
23802,5,1
23802,12,2
23803,33,3
23803,29,3
23803,19,1
23804,4,2
23805,35,3
23805,37,1
23805,16,3
23805,2,3
23806,14,3
23806,0,3
23806,4,3
23806,26,3
23807,38,1
23807,10,1
23807,2,2
23808,26,3
23809,26,1
23809,10,2
23809,11,1
23810,0,3
23810,1,3
23811,8,3
23812,16,3
23812,32,3
23812,25,1
23813,10,2
23813,19,3
23813,13,2
23814,12,1
23815,24,2
23815,35,1
23815,8,2
23816,17,3
23816,16,3
23816,29,3
23817,29,2
23817,21,1
23817,8,2
23817,38,2
23818,7,1
23818,36,1
23818,11,2
23819,2,2
23819,33,3
23819,11,1
23820,8,3
23820,23,1
23820,7,3
23820,29,1
23821,2,2
23821,7,2
23822,2,3
23822,37,3
23822,3,1
23822,9,3
23823,18,3
23823,2,3
23823,1,2
23824,0,3
23824,6,3
23824,25,1
23825,1,2
23825,23,1
23825,34,2
23825,24,1
23826,21,1
23826,36,3
23826,18,1
23827,27,1
23827,22,1
23828,7,2
23829,28,3
23829,16,2
23829,1,2
23830,12,3
23830,3,1
23830,7,3
23831,24,1
23831,21,3
23831,10,3
23832,19,2
23832,17,1
23833,5,1
23833,3,2
23833,32,2
23834,32,2
23835,33,3
23836,24,2
23836,15,3
23836,38,3
23837,3,2
23837,33,1
23837,7,3
23837,0,2
23838,30,3
23838,21,3
23838,12,1
23839,13,3
23840,21,2
23840,9,2
23840,6,2
23841,21,2
23841,29,3
23841,24,3
23842,24,1
23842,23,3
23842,37,2
23843,30,1
23844,32,3
23845,9,1
23845,12,3
23845,30,1
23845,7,1
23846,24,3
23846,38,1
23846,27,2
23846,36,1
23847,24,3
23847,4,3
23847,37,1
23847,16,3
23848,20,1
23848,36,1
23848,22,1
23848,8,1
23849,20,3
23849,38,2
23849,8,2
23849,9,2
23850,9,1
23851,24,2
23851,7,1
23851,10,2
23852,15,3
23852,4,3
23852,21,3
23852,26,1
23853,17,2
23853,37,2
23854,16,1
23854,4,2
23855,33,1
23855,19,3
23855,13,2
23856,17,3
23856,37,1
23857,29,1
23857,18,1
23857,23,3
23857,22,3
23858,5,2
23858,9,2
23859,23,1
23860,21,1
23861,28,3
23861,20,3
23862,21,3
23862,9,3
23863,21,3
23864,36,3
23864,17,1
23864,28,1
23864,35,1
23865,1,1
23866,37,2
23866,7,3
23866,20,2
23866,8,1
23867,14,3
23868,26,2
23868,5,2
23869,26,3
23869,28,2
23869,37,3
23870,38,2
23870,5,1
23870,12,1
23870,9,2
23871,6,1
23871,14,3
23872,31,2
23872,14,2
23872,28,3
23872,3,2
23873,4,1
23874,23,1
23874,33,2
23875,22,1
23876,14,3
23876,38,2
23876,8,1
23876,0,1
23877,33,2
23877,38,1
23877,1,1
23877,31,2
23878,27,2
23879,0,3
23879,26,2
23879,21,3
23879,18,3
23880,9,3
23880,30,1
23880,10,3
23881,19,1
23882,15,3
23882,11,1
23882,16,3
23882,17,1
23883,12,3
23883,38,2
23883,24,2
23884,14,2
23884,30,1
23884,9,3
23885,17,1
23885,15,3
23885,14,3
23886,5,1
23886,7,3
23886,28,1
23887,27,1
23888,15,2
23888,13,1
23888,38,3
23888,24,3
23889,26,3
23890,12,1
23890,0,3
23890,29,2
23890,8,2
23891,9,2
23891,25,3
23892,12,3
23892,36,2
23892,37,2
23892,30,2
23893,27,3
23894,8,1
23894,31,1
23894,24,1
23895,17,2
23896,27,2
23896,13,2
23896,2,1
23897,4,2
23897,29,1
23897,12,1
23897,11,1
23898,34,3
23899,19,3
23899,18,3
23899,4,3
23899,20,3
23900,5,1
23900,27,2
23900,21,2
23900,12,3
23901,17,2
23902,26,3
23903,24,2
23903,9,3
23903,28,1
23903,20,3
23904,11,2
23904,16,3
23904,30,1
23905,34,1
23906,34,3
23907,30,1
23908,12,2
23909,14,3
23909,23,2
23910,2,2
23910,25,3
23911,18,3
23911,38,3
23912,14,2
23912,32,1
23912,30,3
23913,0,2
23913,31,1
23914,24,2
23915,9,3
23915,0,2
23915,20,1
23916,5,1
23916,9,3
23916,19,2
23917,16,3
23917,13,3
23918,1,1
23918,27,1
23918,24,1
23919,29,3
23919,9,3
23920,19,3
23920,2,1
23920,17,2
23920,15,2
23921,30,2
23921,35,1
23921,26,2
23922,7,3
23923,37,1
23923,32,2
23923,27,2
23923,19,2
23924,14,1
23925,6,2
23925,9,2
23925,21,1
23926,32,1
23926,5,3
23927,13,3
23928,22,3
23928,21,3
23928,23,3
23929,17,1
23929,26,2
23929,2,3
23929,1,1
23930,28,1
23931,33,2
23931,14,2
23932,0,2
23932,33,1
23933,15,2
23933,1,2
23933,30,1
23934,32,2
23935,9,3
23936,14,3
23936,19,2
23937,33,2
23937,23,3
23938,0,1
23939,34,1
23939,37,3
23939,26,3
23940,4,1
23940,35,1
23940,13,1
23940,29,1
23941,36,2
23941,31,2
23941,32,1
23941,6,1
23942,10,2
23942,14,2
23943,7,2
23943,29,1
23943,30,2
23944,7,3
23945,33,1
23946,2,2
23946,32,2
23946,19,3
23946,14,2
23947,23,2
23948,37,2
23949,23,1
23949,18,3
23949,4,3
23949,9,1
23950,14,3
23951,28,1
23951,14,3
23952,27,3
23952,1,3
23953,34,1
23953,17,3
23953,22,2
23953,1,1
23954,36,1
23955,6,2
23955,16,2
23956,1,3
23956,2,1
23956,32,3
23956,30,3
23957,29,3
23958,21,2
23958,13,2
23959,28,2
23959,29,3
23959,17,2
23960,16,1
23960,12,1
23960,4,1
23960,6,1
23961,13,2
23961,32,1
23961,12,1
23962,8,1
23962,19,1
23962,5,1
23962,10,3
23963,25,2
23963,6,1
23963,22,2
23963,31,2
23964,6,1
23964,26,3
23964,30,2
23965,30,1
23965,3,2
23965,16,2
23966,16,2
23966,33,2
23966,12,2
23967,28,2
23967,24,1
23967,11,3
23967,31,3
23968,2,2
23968,1,3
23968,32,3
23968,0,1
23969,11,2
23969,20,2
23970,4,3
23970,25,2
23971,30,2
23972,19,3
23972,15,2
23972,8,2
23973,11,1
23974,38,3
23974,9,3
23974,23,2
23975,10,1
23975,3,2
23975,0,3
23975,24,2
23976,10,1
23976,32,2
23977,7,3
23978,3,3
23979,2,1
23979,0,2
23979,3,2
23979,9,1
23980,36,3
23981,3,3
23981,34,2
23981,6,1
23981,35,3
23982,38,3
23982,29,1
23982,14,1
23982,17,3
23983,18,1
23984,13,1
23985,33,3
23985,34,1
23985,18,2
23986,19,1
23986,8,1
23987,28,1
23987,21,3
23988,18,1
23988,19,3
23988,2,1
23989,21,1
23989,34,1
23990,11,3
23990,27,3
23991,38,3
23991,32,1
23991,29,2
23991,26,2
23992,7,1
23992,4,2
23992,27,3
23992,23,3
23993,35,3
23994,26,1
23994,36,2
23994,22,3
23994,20,3
23995,36,2
23996,8,2
23996,31,2
23997,5,1
23998,24,1
23999,9,2
24000,33,2
24000,11,1
24000,38,2
24000,31,2
24001,11,1
24001,2,2
24001,9,2
24002,5,3
24002,27,3
24002,15,3
24002,25,2
24003,1,2
24004,24,1
24005,21,2
24005,19,2
24005,23,2
24005,28,3
24006,2,2
24006,18,3
24006,28,1
24007,21,3
24008,8,1
24008,4,1
24009,17,1
24009,3,2
24010,35,3
24010,22,1
24010,23,3
24011,34,2
24012,25,3
24012,23,1
24012,6,2
24013,3,3
24014,11,2
24014,37,3
24014,25,3
24015,0,3
24016,31,2
24016,17,2
24016,32,1
24017,0,2
24018,25,3
24018,22,3
24018,12,1
24018,35,3
24019,26,2
24020,23,3
24020,20,2
24020,18,3
24021,25,1
24021,32,3
24021,29,1
24022,2,2
24022,15,1
24022,7,2
24023,22,1
24024,19,2
24025,8,1
24026,7,1
24027,38,3
24027,10,2
24027,0,1
24027,17,3
24028,6,1
24028,1,3
24029,17,3
24029,36,2
24029,12,2
24029,35,3
24030,4,1
24030,7,1
24031,8,3
24031,4,2
24032,18,1
24032,35,1
24032,38,3
24033,19,3
24034,37,1
24034,28,2
24034,8,1
24035,14,1
24036,10,1
24036,38,2
24036,30,1
24037,26,2
24037,28,3
24038,30,2
24038,28,1
24039,8,3
24040,14,3
24040,5,1
24040,31,3
24041,14,1
24042,6,3
24042,24,2
24042,8,1
24043,20,2
24043,25,2
24043,17,2
24043,15,2
24044,11,1
24045,24,3
24046,25,1
24047,8,3
24047,25,2
24047,9,1
24048,7,2
24049,29,1
24050,18,3
24051,24,2
24051,8,1
24051,13,2
24051,11,2
24052,30,2
24052,2,1
24052,9,3
24052,0,2
24053,21,2
24053,11,3
24053,0,2
24053,22,2
24054,12,2
24054,22,1
24054,35,1
24054,16,3
24055,14,1
24055,15,1
24055,25,1
24056,24,2
24056,15,2
24056,23,2
24057,38,2
24057,12,3
24057,9,2
24057,13,1
24058,27,1
24058,30,3
24058,28,3
24059,26,1
24059,27,2
24060,4,3
24061,31,1
24061,18,1
24061,24,2
24062,18,1
24062,22,2
24062,12,3
24063,9,3
24063,24,2
24063,3,1
24063,12,2
24064,34,2
24065,16,2
24065,29,2
24065,14,1
24065,0,1
24066,0,2
24066,11,2
24066,1,3
24066,34,3
24067,7,2
24068,31,2
24068,3,1
24069,0,2
24069,15,3
24069,32,2
24070,29,1
24070,18,3
24070,6,2
24071,13,2
24072,10,2
24073,0,3
24073,24,1
24074,17,2
24074,15,3
24074,30,1
24075,0,1
24075,38,1
24076,18,3
24076,37,2
24076,3,3
24076,35,1
24077,16,2
24078,27,2
24079,10,2
24079,6,3
24079,5,1
24080,9,1
24080,33,2
24080,12,1
24080,11,1
24081,10,1
24081,7,3
24081,23,3
24082,30,3
24082,28,1
24082,1,1
24083,6,1
24083,18,1
24083,20,1
24084,10,3
24084,32,3
24084,22,2
24085,8,1
24085,9,1
24085,16,1
24086,12,1
24086,29,3
24086,19,3
24086,31,1
24087,17,1
24087,24,3
24088,4,3
24088,20,3
24088,32,1
24088,5,3
24089,18,1
24089,17,1
24089,27,1
24090,22,2
24091,34,3
24091,14,3
24091,18,2
24092,27,2
24092,5,1
24092,6,2
24092,37,1
24093,21,1
24093,35,2
24093,25,3
24094,6,2
24094,15,3
24095,33,2
24095,20,2
24095,10,1
24095,9,3
24096,2,1
24096,28,1
24096,33,1
24097,26,1
24098,8,2
24099,20,3
24099,17,2
24099,14,3
24099,12,2
24100,9,3
24100,22,1
24100,6,1
24101,32,3
24101,38,3
24101,28,1
24102,12,3
24102,37,3
24102,35,2
24102,25,3
24103,31,1
24104,23,2
24104,24,1
24104,22,3
24104,26,2
24105,0,1
24105,28,2
24106,32,1
24106,25,2
24106,28,2
24106,0,2
24107,30,3
24108,26,1
24108,10,2
24109,20,3
24109,33,2
24109,1,1
24110,3,3
24110,37,3
24111,38,1
24111,34,1
24111,36,2
24111,29,1
24112,12,1
24112,31,3
24113,11,2
24113,38,3
24114,3,1
24114,12,3
24115,22,3
24116,16,3
24116,29,1
24116,23,1
24117,38,2
24117,32,3
24118,23,1
24118,32,3
24119,38,1
24119,22,1
24120,28,3
24120,21,3
24121,0,3
24121,37,3
24121,19,1
24122,31,2
24122,30,1
24123,6,1
24123,7,3
24123,13,1
24124,7,1
24124,14,3
24124,12,3
24124,30,2
24125,22,1
24125,17,2
24125,4,2
24126,33,1
24126,21,2
24127,12,2
24127,38,2
24127,11,2
24127,24,3
24128,10,2
24128,28,2
24128,9,3
24128,29,2
24129,19,3
24129,34,1
24129,30,3
24129,29,3
24130,33,1
24130,38,2
24131,3,1
24132,14,2
24133,29,3
24133,6,1
24133,32,3
24133,16,1
24134,9,3
24134,38,1
24134,0,2
24135,12,1
24136,29,1
24136,20,1
24137,4,1
24137,12,3
24137,35,2
24137,24,2
24138,30,1
24138,20,3
24138,3,2
24139,29,1
24139,27,3
24140,23,2
24140,24,3
24140,6,1
24141,11,3
24141,36,1
24141,5,3
24141,19,1
24142,25,1
24143,4,3
24143,21,3
24144,14,2
24144,3,1
24144,9,3
24145,1,2
24146,22,3
24146,34,3
24146,37,2
24146,9,2
24147,10,2
24148,30,1
24148,23,3
24148,26,1
24148,1,3
24149,16,1
24149,4,2
24149,33,2
24150,29,3
24151,25,3
24152,24,1
24152,33,3
24152,28,2
24152,7,3
24153,27,2
24153,5,2
24154,7,1
24154,25,2
24154,26,3
24154,34,3
24155,9,3
24155,14,1
24155,27,3
24155,32,2
24156,1,1
24157,31,2
24158,2,1
24158,33,3
24158,28,3
24159,16,1
24159,15,1
24159,19,2
24160,6,3
24160,3,1
24160,27,2
24160,37,1
24161,2,1
24161,14,3
24161,17,3
24161,15,1
24162,36,2
24163,2,3
24163,11,3
24163,9,1
24164,29,1
24164,34,2
24164,8,1
24164,23,2
24165,15,3
24165,29,3
24166,28,2
24166,36,3
24166,38,1
24166,11,2
24167,3,2
24168,4,3
24168,11,2
24168,37,1
24168,20,1
24169,5,2
24169,31,3
24170,0,3
24170,28,2
24170,26,1
24171,29,1
24171,18,2
24172,17,2
24172,36,3
24172,24,2
24173,30,3
24173,32,3
24173,29,3
24173,7,3
24174,8,3
24174,27,2
24174,36,1
24175,22,3
24175,33,2
24176,27,1
24176,20,1
24176,9,3
24177,6,2
24177,37,2
24177,3,3
24177,33,1
24178,5,3
24178,28,2
24178,33,1
24179,21,3
24180,25,3
24180,21,2
24180,36,3
24180,24,2
24181,21,2
24181,20,2
24181,27,1
24182,27,3
24182,25,1
24183,36,3
24183,7,1
24184,30,1
24184,37,2
24184,32,1
24185,1,2
24186,18,3
24186,32,1
24186,37,3
24187,4,1
24188,25,3
24188,21,3
24188,14,3
24189,30,2
24189,33,1
24190,16,1
24190,0,2
24190,17,3
24191,7,3
24191,8,1
24191,24,2
24191,4,2
24192,10,1
24192,19,3
24192,4,1
24193,20,1
24194,0,2
24194,4,3
24194,37,3
24194,19,3
24195,17,2
24196,10,3
24196,25,1
24197,20,2
24198,31,3
24198,28,3
24198,27,1
24198,4,3
24199,35,3
24199,26,3
24199,11,1
24200,28,2
24200,9,3
24201,31,3
24201,5,1
24201,11,3
24201,27,1
24202,25,1
24203,23,1
24203,33,1
24203,17,1
24204,25,2
24205,38,1
24205,34,3
24205,27,1
24205,20,3
24206,8,3
24206,36,3
24206,12,1
24206,16,3
24207,9,1
24207,30,3
24207,15,2
24208,16,1
24209,21,1
24210,8,1
24211,34,1
24211,21,3
24211,14,3
24212,7,3
24212,17,2
24212,15,2
24213,26,2
24213,27,1
24213,4,1
24214,16,1
24214,6,1
24215,35,1
24215,6,3
24216,23,1
24216,18,1
24217,29,1
24218,29,3
24218,23,3
24218,11,1
24218,5,2
24219,33,3
24219,28,1
24220,38,2
24221,5,3
24221,11,1
24221,23,1
24222,27,2
24222,3,1
24222,38,1
24222,25,2
24223,17,1
24223,38,1
24223,9,2
24224,14,1
24224,35,1
24225,5,3
24225,30,1
24225,14,3
24226,16,3
24226,17,2
24226,33,2
24226,21,1
24227,36,1
24227,7,1
24227,9,2
24227,38,1
24228,29,3
24228,2,3
24228,0,3
24229,29,1
24229,7,1
24230,24,2
24231,30,3
24231,29,1
24231,27,1
24231,9,1
24232,28,1
24232,37,2
24233,27,1
24233,29,3
24234,5,2
24235,18,1
24236,21,3
24237,24,3
24238,11,3
24238,37,1
24238,30,3
24239,30,1
24239,15,1
24239,10,3
24239,29,3
24240,0,1
24240,29,1
24240,26,3
24240,18,1
24241,29,1
24241,23,2
24242,12,3
24243,5,3
24244,18,1
24244,14,1
24244,8,1
24245,23,3
24246,1,1
24246,20,2
24247,21,3
24247,32,2
24247,23,2
24248,26,3
24248,16,3
24249,26,1
24250,12,1
24250,7,1
24250,30,3
24250,34,3
24251,4,1
24251,20,3
24251,18,3
24251,14,2
24252,24,2
24252,6,3
24252,32,2
24252,7,1
24253,19,1
24253,14,3
24254,30,1
24254,7,3
24255,11,2
24255,28,3
24255,36,2
24255,20,3
24256,38,1
24257,30,1
24257,4,2
24258,3,3
24259,9,2
24260,32,1
24260,34,2
24261,36,3
24262,22,3
24263,16,2
24264,14,2
24264,27,2
24265,32,3
24265,28,2
24265,6,2
24266,13,2
24266,14,2
24267,3,3
24267,15,1
24268,7,2
24268,24,1
24269,15,1
24269,19,2
24269,33,3
24270,28,2
24270,25,3
24271,24,2
24271,28,3
24271,32,3
24271,33,3
24272,27,2
24273,29,1
24274,21,3
24274,36,1
24275,34,2
24275,31,2
24276,32,1
24276,6,1
24276,36,1
24277,38,3
24277,21,3
24277,29,1
24277,25,2
24278,17,2
24278,13,1
24278,23,3
24279,21,3
24280,26,2
24280,18,2
24280,10,1
24280,30,1
24281,8,2
24282,1,1
24282,12,2
24282,34,1
24283,37,1
24284,0,3
24284,34,3
24285,16,2
24285,7,3
24286,16,3
24287,22,2
24287,20,1
24288,20,3
24288,30,3
24288,16,1
24288,18,3
24289,12,3
24289,15,1
24290,12,3
24291,24,2
24291,22,1
24291,10,1
24291,8,2
24292,36,2
24292,32,3
24292,37,3
24292,17,2
24293,4,2
24293,3,3
24294,38,2
24294,27,3
24294,24,2
24295,12,3
24296,25,2
24296,31,2
24296,13,3
24296,4,1
24297,17,1
24297,37,1
24297,30,1
24298,14,2
24298,30,2
24298,22,1
24298,23,1
24299,1,1
24299,19,1
24300,33,2
24300,30,1
24300,24,2
24301,24,3
24301,20,2
24301,12,2
24301,27,3
24302,23,3
24302,4,2
24302,31,2
24303,9,1
24304,24,3
24305,15,2
24305,29,3
24306,21,1
24306,27,2
24307,17,2
24307,5,2
24308,35,3
24309,6,3
24310,29,2
24310,5,2
24310,33,1
24311,12,2
24311,9,3
24311,31,1
24312,5,1
24312,37,1
24312,3,3
24313,1,3
24313,31,3
24313,35,1
24313,12,1
24314,35,3
24314,29,3
24315,24,3
24316,19,2
24316,10,3
24316,2,1
24316,7,3
24317,10,3
24317,2,3
24317,3,1
24317,21,2
24318,29,2
24318,3,1
24318,9,3
24318,28,1
24319,36,3
24319,26,2
24319,2,3
24320,38,3
24320,22,1
24320,10,3
24320,37,1
24321,8,1
24321,30,3
24321,26,2
24321,34,2
24322,13,1
24323,17,1
24324,23,2
24324,36,2
24325,30,1
24325,27,3
24325,20,2
24326,23,3
24326,32,1
24326,8,3
24326,11,1
24327,2,1
24327,13,3
24328,36,3
24328,32,1
24329,1,3
24329,38,1
24329,16,2
24330,17,1
24331,0,3
24331,35,1
24331,16,3
24332,1,1
24332,11,1
24333,22,1
24333,37,2
24334,25,1
24334,33,3
24334,27,1
24335,2,3
24335,1,3
24336,18,2
24336,27,1
24336,19,1
24337,1,2
24337,20,1
24338,33,2
24338,7,1
24338,10,1
24338,6,2
24339,22,1
24339,3,2
24339,30,2
24340,7,2
24340,27,3
24340,13,3
24341,12,3
24341,7,2
24342,29,1
24343,15,2
24343,22,3
24344,33,2
24344,29,3
24344,11,2
24345,17,3
24345,23,1
24345,14,1
24346,22,3
24346,0,1
24346,15,2
24347,10,3
24347,5,1
24347,0,2
24348,12,1
24348,23,3
24348,27,2
24349,21,3
24349,2,1
24350,25,3
24350,20,3
24350,11,3
24351,21,3
24351,5,1
24351,17,2
24351,3,2
24352,19,2
24352,13,3
24352,12,1
24353,14,1
24354,15,2
24354,34,2
24355,4,1
24355,16,1
24356,14,3
24356,5,2
24356,23,3
24357,13,3
24357,22,2
24357,4,1
24358,25,1
24358,33,1
24358,0,1
24359,38,1
24360,1,3
24360,33,1
24360,4,1
24361,30,1
24362,22,3
24363,4,3
24364,13,3
24364,4,3
24364,1,2
24364,33,2
24365,18,2
24366,4,1
24367,30,1
24367,11,2
24367,17,1
24368,9,1
24368,19,1
24368,38,1
24368,15,1
24369,7,3
24369,3,2
24369,1,2
24369,10,1
24370,35,2
24371,23,2
24371,34,2
24371,15,2
24371,29,3
24372,25,1
24372,7,1
24372,10,2
24373,4,1
24373,24,2
24373,37,2
24373,18,2
24374,17,3
24374,10,2
24374,25,2
24375,30,2
24376,34,1
24376,0,3
24376,22,1
24376,26,3
24377,14,2
24377,23,2
24377,4,2
24377,6,1
24378,37,2
24378,11,2
24378,19,1
24378,9,1
24379,24,2
24380,3,2
24380,22,1
24380,11,1
24381,19,3
24381,11,1
24381,25,1
24381,26,3
24382,36,2
24383,17,1
24383,9,2
24384,7,3
24384,13,2
24384,31,3
24385,8,3
24385,6,2
24385,16,3
24386,3,3
24386,25,2
24386,17,1
24386,22,2
24387,27,3
24387,5,2
24387,13,3
24388,31,2
24389,25,2
24389,12,1
24389,10,1
24389,23,2
24390,6,2
24390,38,3
24390,18,2
24391,27,3
24391,21,2
24391,5,1
24391,20,2
24392,38,2
24392,27,2
24392,4,1
24393,12,2
24394,31,2
24394,38,1
24394,15,1
24394,13,1
24395,31,2
24395,2,1
24395,34,3
24396,30,1
24396,37,1
24396,9,2
24397,34,3
24397,11,1
24398,3,2
24398,13,3
24398,12,1
24398,34,1
24399,6,1
24399,29,3
24399,20,3
24400,28,1
24400,7,3
24401,5,2
24401,13,1
24401,21,3
24402,31,1
24402,23,2
24402,24,1
24402,32,3
24403,24,3
24403,27,3
24404,1,3
24404,23,1
24404,6,1
24404,28,1
24405,13,3
24405,0,3
24405,21,1
24406,33,3
24407,4,3
24408,16,2
24408,11,3
24408,37,1
24408,22,3
24409,36,2
24409,26,3
24410,22,3
24410,7,2
24410,37,2
24411,10,1
24411,1,3
24411,21,2
24412,17,2
24412,8,2
24412,34,1
24412,3,2
24413,3,2
24414,6,3
24414,14,3
24415,7,1
24415,3,1
24415,27,1
24416,7,3
24416,38,3
24417,20,2
24417,37,1
24417,4,1
24418,21,2
24418,35,2
24418,15,3
24418,24,3
24419,19,3
24419,27,3
24419,12,2
24420,26,2
24420,13,1
24420,11,2
24421,25,1
24421,6,1
24421,32,3
24422,37,3
24422,14,2
24423,11,2
24423,0,2
24423,19,1
24424,12,3
24424,27,1
24425,20,1
24425,25,2
24425,19,2
24426,10,2
24427,7,1
24427,1,3
24428,36,3
24428,16,3
24429,0,3
24429,4,1
24430,9,2
24431,28,2
24431,32,3
24431,6,1
24431,29,2
24432,14,3
24432,22,3
24432,35,3
24433,32,3
24433,25,1
24433,26,1
24433,27,3
24434,3,3
24434,12,2
24435,8,2
24435,12,2
24435,27,2
24436,35,3
24436,34,2
24437,13,3
24437,27,2
24437,2,3
24438,27,2
24438,1,1
24438,15,2
24438,8,1
24439,10,2
24439,36,3
24439,13,2
24439,37,2
24440,14,2
24441,25,2
24441,21,3
24442,24,3
24442,12,3
24442,2,2
24443,23,2
24444,34,2
24444,26,1
24444,28,2
24444,15,1
24445,18,2
24445,27,2
24445,1,2
24446,17,3
24446,24,2
24447,23,3
24448,2,3
24449,0,2
24449,30,1
24449,2,1
24449,22,1
24450,15,2
24450,33,1
24450,0,3
24451,29,1
24451,19,2
24451,8,3
24452,7,1
24452,13,3
24452,23,1
24453,35,1
24453,2,2
24453,22,3
24453,7,3
24454,3,2
24454,21,2
24454,29,3
24454,8,3
24455,2,3
24455,3,2
24456,1,3
24456,37,3
24456,4,1
24456,30,1
24457,21,1
24457,14,3
24457,32,3
24458,4,1
24458,29,1
24458,18,2
24459,8,3
24459,35,1
24459,31,2
24459,0,2
24460,24,2
24461,4,1
24461,13,2
24461,21,1
24462,12,3
24462,8,3
24463,24,1
24463,34,3
24464,6,3
24465,32,1
24465,1,2
24465,24,2
24465,25,2
24466,34,2
24466,21,2
24467,6,2
24467,14,3
24468,18,1
24469,17,3
24469,4,3
24469,32,2
24470,6,1
24470,21,1
24470,20,1
24470,13,1
24471,17,1
24471,12,2
24471,16,3
24472,5,3
24473,30,2
24473,12,2
24474,13,2
24474,36,1
24474,14,3
24475,37,2
24475,14,1
24475,31,2
24476,2,3
24477,33,3
24478,11,1
24478,8,3
24479,34,1
24480,37,3
24481,1,2
24482,23,2
24482,31,2
24482,16,3
24482,24,3
24483,36,2
24483,19,2
24483,14,2
24484,31,2
24484,32,2
24484,24,2
24484,16,3
24485,0,2
24485,28,1
24486,23,3
24486,9,2
24486,27,3
24487,19,1
24487,5,2
24487,10,3
24488,32,1
24488,27,3
24488,28,2
24489,5,1
24489,34,1
24489,11,1
24489,4,3
24490,3,1
24490,7,1
24491,9,2
24491,10,1
24491,11,3
24491,32,2
24492,6,1
24493,3,1
24493,9,1
24494,33,1
24494,28,1
24494,19,3
24494,37,2
24495,5,3
24496,16,1
24497,23,1
24498,21,2
24498,9,1
24498,20,2
24499,34,2
24500,9,2
24500,23,2
24500,12,2
24500,21,3
24501,4,2
24502,30,3
24502,15,1
24502,0,2
24503,12,3
24504,25,2
24505,8,2
24505,34,3
24506,6,3
24506,31,1
24507,15,2
24508,28,1
24508,34,2
24508,22,3
24509,17,1
24510,2,1
24510,8,1
24510,15,1
24511,10,2
24511,35,1
24512,16,1
24512,18,1
24512,12,1
24513,5,2
24513,23,3
24514,13,2
24515,35,3
24516,2,2
24516,16,2
24516,7,2
24517,2,1
24518,9,1
24518,6,2
24519,27,1
24519,18,1
24520,36,1
24520,31,2
24520,18,3
24520,14,3
24521,25,1
24521,37,3
24521,23,2
24522,8,3
24522,0,3
24523,19,2
24523,33,2
24524,28,2
24524,36,1
24524,22,2
24524,0,3
24525,28,3
24526,14,1
24526,13,3
24526,23,1
24526,4,1
24527,8,1
24527,5,2
24527,6,3
24528,2,1
24529,13,2
24529,23,2
24529,0,2
24529,4,3
24530,25,2
24530,21,1
24530,15,1
24530,34,3
24531,5,3
24531,29,3
24531,28,1
24531,1,1
24532,27,2
24532,9,2
24533,6,1
24533,3,3
24533,16,1
24533,17,2
24534,1,1
24534,12,3
24534,18,1
24534,14,2
24535,29,3
24535,23,2
24536,23,1
24536,32,1
24536,33,1
24536,24,3
24537,36,2
24537,6,3
24537,34,1
24538,32,1
24538,8,2
24539,37,1
24539,5,2
24539,32,1
24539,2,1
24540,28,3
24540,13,1
24540,6,2
24541,4,1
24542,0,2
24542,24,1
24542,12,1
24543,11,1
24543,29,2
24543,0,3
24543,20,2
24544,16,1
24544,1,2
24544,0,2
24544,13,1
24545,28,2
24545,5,1
24545,16,2
24546,7,1
24546,23,1
24547,12,1
24548,15,2
24548,28,3
24549,32,2
24549,17,3
24549,20,2
24549,29,3
24550,25,3
24550,18,3
24551,3,3
24551,20,2
24551,29,1
24551,34,2
24552,26,3
24552,13,1
24552,38,1
24553,6,3
24554,36,1
24554,17,2
24554,37,2
24554,22,3
24555,9,2
24556,6,1
24557,25,2
24557,21,2
24558,24,2
24558,0,1
24558,13,3
24559,25,3
24559,16,3
24559,23,2
24560,37,3
24560,1,2
24560,32,2
24560,19,3
24561,7,2
24561,18,2
24561,28,1
24561,32,1
24562,32,2
24562,36,2
24562,26,1
24563,19,3
24563,4,3
24563,2,1
24564,26,1
24565,7,1
24566,7,2
24566,35,3
24567,23,1
24567,6,3
24567,18,3
24567,30,1
24568,2,1
24568,19,3
24568,6,2
24569,26,1
24569,31,2
24570,38,1
24571,33,1
24571,38,3
24572,17,1
24573,6,2
24574,37,3
24574,15,2
24575,2,2
24575,28,3
24576,12,2
24576,9,3
24576,37,1
24576,6,1
24577,4,1
24577,3,3
24578,19,1
24578,8,2
24579,5,1
24580,35,3
24580,23,1
24581,5,3
24582,21,1
24582,0,2
24583,11,3
24583,21,1
24584,27,1
24585,6,2
24585,0,1
24585,8,2
24586,28,2
24586,19,1
24587,8,1
24588,29,1
24588,33,3
24589,3,1
24589,34,1
24589,15,2
24589,0,2
24590,4,3
24591,15,1
24591,3,3
24592,15,3
24592,23,1
24593,4,1
24593,2,3
24593,14,3
24593,32,1
24594,34,2
24595,1,3
24596,1,1
24596,15,3
24597,32,1
24598,35,3
24598,3,1
24598,6,1
24598,34,2
24599,31,2
24599,6,2
24599,19,3
24600,0,3
24600,23,1
24600,22,2
24601,27,1
24601,7,3
24601,3,3
24601,4,2
24602,8,1
24602,15,2
24602,29,1
24603,30,3
24603,22,1
24603,25,1
24603,17,3
24604,6,3
24604,5,2
24605,3,1
24606,24,1
24607,19,1
24607,27,2
24607,11,1
24607,34,2
24608,29,3
24609,10,2
24609,2,1
24610,34,2
24611,29,3
24611,34,3
24611,31,1
24611,4,2
24612,10,1
24612,22,1
24613,3,1
24614,8,3
24614,18,2
24614,3,3
24614,0,3
24615,34,2
24615,14,2
24615,1,3
24615,18,3
24616,23,2
24616,28,1
24617,6,3
24617,25,2
24617,34,3
24618,21,3
24619,35,3
24619,0,3
24619,27,2
24620,31,1
24620,3,2
24620,21,2
24620,6,3
24621,33,1
24621,9,1
24621,29,2
24621,6,2
24622,19,1
24623,38,2
24623,7,1
24624,6,2
24624,0,2
24624,2,1
24624,38,1
24625,5,3
24625,21,1
24625,22,3
24625,36,1
24626,34,3
24626,3,1
24626,15,2
24627,7,1
24627,4,1
24627,24,1
24627,32,1
24628,6,2
24628,27,2
24628,36,1
24629,30,2
24629,18,1
24630,28,1
24630,30,2
24630,11,3
24631,25,2
24631,9,2
24632,3,3
24632,37,1
24632,28,2
24632,21,2
24633,5,1
24633,27,2
24633,26,3
24634,22,2
24634,4,1
24634,23,3
24635,31,2
24635,35,2
24635,3,1
24636,20,3
24636,5,1
24637,34,1
24638,13,1
24638,6,1
24638,23,3
24639,37,2
24639,12,1
24639,15,3
24639,4,3
24640,27,3
24641,34,2
24641,26,3
24641,30,2
24642,18,1
24642,17,2
24642,32,2
24643,5,3
24644,11,3
24644,8,1
24645,27,1
24646,22,3
24646,20,1
24647,29,1
24648,25,3
24648,29,3
24649,6,2
24649,13,3
24650,27,3
24650,22,1
24650,28,1
24651,9,1
24651,38,3
24651,19,1
24652,28,1
24652,2,2
24652,30,1
24653,4,1
24653,6,1
24654,6,1
24655,25,1
24656,25,3
24656,0,3
24656,2,3
24656,27,1
24657,6,2
24658,29,3
24658,10,2
24658,20,1
24658,6,3
24659,38,1
24660,31,2
24660,4,3
24660,12,2
24661,21,1
24661,9,2
24661,36,3
24662,13,2
24662,16,3
24662,38,2
24662,34,2
24663,17,2
24663,32,3
24664,33,1
24664,5,3
24664,7,2
24664,32,1
24665,26,1
24665,35,2
24665,11,1
24665,19,2
24666,5,3
24666,6,1
24666,4,3
24666,24,2
24667,7,2
24668,8,3
24668,26,2
24669,20,1
24669,38,1
24669,13,2
24670,34,1
24671,34,3
24671,14,1
24671,26,3
24672,16,1
24673,3,1
24673,35,2
24673,13,2
24673,26,2
24674,11,1
24674,0,2
24674,24,3
24675,7,2
24675,22,3
24675,12,3
24676,30,1
24677,17,2
24677,37,3
24677,38,3
24677,3,3
24678,31,2
24678,17,1
24679,11,2
24680,31,1
24680,17,3
24680,7,2
24680,21,1
24681,19,1
24682,25,1
24682,11,1
24682,6,3
24682,8,3
24683,22,3
24684,19,2
24685,5,2
24686,7,3
24686,29,3
24686,5,3
24687,8,2
24688,8,2
24688,26,2
24689,16,3
24689,21,2
24689,23,1
24690,25,3
24690,13,3
24690,18,1
24691,8,2
24691,3,2
24692,26,1
24693,14,2
24694,11,1
24695,27,3
24695,13,2
24695,35,3
24696,15,3
24696,17,1
24696,35,1
24697,7,1
24697,4,2
24698,38,2
24698,19,2
24698,9,3
24698,36,1
24699,5,2
24699,21,1
24699,22,3
24699,17,3
24700,13,1
24701,15,3
24701,6,3
24701,20,3
24701,7,2
24702,12,1
24702,22,1
24702,17,3
24702,26,3
24703,23,2
24704,31,2
24704,36,2
24704,6,2
24704,12,2
24705,19,1
24705,20,3
24705,5,3
24706,34,1
24706,8,2
24707,30,2
24708,13,1
24709,25,2
24709,31,1
24709,22,1
24710,31,3
24710,0,1
24711,19,1
24711,35,1
24712,26,1
24713,13,2
24713,16,3
24713,22,2
24713,38,1
24714,32,3
24714,17,1
24714,34,3
24715,18,3
24716,1,3
24716,22,2
24717,26,1
24717,15,2
24718,15,2
24718,21,3
24718,8,3
24719,28,3
24720,12,1
24720,3,2
24720,28,3
24721,23,3
24721,31,3
24721,15,2
24721,1,1
24722,22,1
24723,5,1
24723,28,2
24723,32,3
24724,34,3
24724,38,1
24724,24,2
24724,19,3
24725,22,1
24726,33,2
24726,11,2
24727,34,3
24728,21,2
24728,5,3
24728,9,2
24728,14,3
24729,7,1
24730,23,3
24730,14,3
24730,24,3
24731,37,1
24731,5,3
24732,36,3
24732,13,3
24732,2,2
24732,24,2
24733,2,1
24734,15,1
24735,31,3
24735,9,3
24736,36,3
24737,11,1
24738,28,3
24738,6,2
24738,18,3
24738,24,2
24739,36,3
24739,0,1
24740,20,2
24740,0,1
24741,28,2
24742,11,1
24742,27,1
24742,9,2
24743,36,2
24743,21,1
24743,19,3
24743,11,3
24744,10,1
24744,17,1
24745,20,3
24745,14,3
24746,25,2
24747,8,2
24747,32,2
24747,38,3
24747,15,2
24748,37,1
24748,18,2
24748,6,2
24748,19,3
24749,12,3
24750,19,1
24750,35,2
24751,2,1
24751,10,2
24751,26,3
24752,2,2
24752,38,1
24752,21,2
24752,15,3
24753,4,3
24753,27,2
24754,29,3
24754,23,2
24755,18,3
24755,29,2
24756,16,1
24756,2,2
24756,33,3
24756,7,1
24757,18,3
24757,31,1
24757,38,3
24757,24,3
24758,6,2
24758,38,3
24759,35,2
24759,37,2
24759,22,2
24760,24,2
24761,26,3
24761,4,2
24761,21,2
24762,8,2
24762,4,3
24762,22,3
24762,17,1
24763,23,3
24764,13,2
24764,24,2
24764,22,2
24764,31,2
24765,16,1
24765,11,1
24765,6,1
24766,34,1
24767,37,2
24767,32,1
24767,17,3
24767,15,1
24768,11,3
24768,7,3
24768,37,1
24769,30,1
24769,27,3
24769,31,1
24770,32,3
24771,35,2
24771,9,1
24772,24,3
24772,25,3
24772,31,1
24773,10,1
24774,24,2
24774,16,1
24774,37,3
24775,8,3
24775,31,2
24775,23,1
24776,30,3
24776,8,2
24776,15,1
24777,28,2
24777,33,3
24778,9,2
24778,0,1
24778,25,3
24778,19,3
24779,9,3
24779,2,3
24779,33,3
24780,14,3
24780,7,2
24780,2,1
24781,3,2
24782,19,3
24782,18,2
24783,37,2
24784,9,3
24784,12,2
24784,0,3
24784,33,2
24785,35,3
24785,33,3
24786,5,1
24787,22,2
24787,5,2
24787,14,3
24788,14,2
24788,27,3
24788,38,2
24788,36,2
24789,31,3
24789,30,1
24790,3,2
24790,0,1
24790,30,1
24790,33,2
24791,24,3
24792,22,1
24792,28,2
24792,14,3
24793,27,1
24793,24,1
24793,25,3
24793,22,1
24794,15,2
24794,9,2
24794,21,3
24794,3,1
24795,30,3
24795,23,3
24796,25,3
24796,18,2
24796,4,2
24796,0,3
24797,15,2
24797,26,3
24798,10,1
24799,23,3
24799,37,2
24800,30,3
24801,15,1
24801,36,3
24801,7,3
24801,26,2
24802,36,3
24802,5,3
24802,14,3
24802,26,1
24803,11,1
24804,23,2
24804,4,2
24804,37,1
24804,32,2
24805,10,1
24806,6,3
24806,4,1
24806,35,1
24807,13,2
24808,35,2
24808,25,1
24808,38,3
24808,17,1
24809,27,1
24809,35,2
24809,19,3
24809,14,3
24810,17,3
24810,23,2
24810,19,1
24811,5,1
24811,30,3
24811,19,1
24812,26,2
24812,4,1
24812,19,1
24812,28,2
24813,4,3
24813,32,2
24813,3,1
24813,12,3
24814,13,1
24814,20,3
24815,38,2
24815,36,1
24815,1,2
24815,7,2
24816,4,3
24816,19,3
24816,29,1
24817,2,3
24817,24,1
24818,18,2
24819,8,2
24819,11,2
24820,0,2
24820,11,1
24820,14,3
24821,7,1
24821,15,2
24822,37,2
24822,14,3
24822,20,3
24822,3,2
24823,36,1
24823,12,3
24824,19,1
24824,11,2
24824,37,1
24825,12,2
24825,22,2
24825,7,3
24826,30,1
24826,10,3
24826,2,1
24827,27,3
24827,37,1
24827,29,1
24827,10,1
24828,3,1
24828,12,2
24828,32,3
24828,10,1
24829,31,3
24830,13,1
24830,0,3
24830,35,2
24831,7,1
24831,31,1
24832,31,2
24832,19,1
24833,22,3
24833,13,1
24833,5,1
24833,35,2
24834,31,2
24835,10,1
24835,29,1
24835,9,2
24835,15,2
24836,24,2
24836,36,3
24836,4,1
24836,10,1
24837,38,1
24838,29,1
24838,26,3
24839,36,2
24839,37,3
24839,3,1
24839,27,3
24840,21,1
24840,24,1
24841,4,3
24841,5,3
24841,28,1
24841,31,3
24842,36,3
24842,12,3
24843,12,3
24844,6,1
24844,9,1
24844,26,2
24844,29,3
24845,18,2
24846,20,2
24846,21,3
24847,2,2
24847,30,2
24848,13,1
24848,19,1
24848,10,3
24849,34,1
24850,35,2
24850,4,2
24850,33,2
24850,9,2
24851,1,2
24852,36,3
24853,37,1
24853,17,3
24853,29,1
24854,16,2
24854,9,2
24855,17,3
24855,7,3
24856,31,2
24856,25,2
24856,6,3
24856,12,3
24857,13,3
24857,25,3
24857,26,3
24857,22,3
24858,2,1
24858,31,3
24859,26,3
24860,37,1
24860,28,2
24861,0,2
24862,29,2
24862,21,3
24862,32,3
24863,24,1
24864,0,3
24865,33,1
24865,6,3
24865,19,2
24865,29,3
24866,25,2
24867,20,2
24867,13,3
24867,2,1
24868,7,1
24868,22,2
24869,30,2
24870,4,3
24871,26,3
24872,18,2
24872,1,1
24872,28,1
24872,34,3
24873,19,2
24874,7,3
24875,26,3
24875,36,3
24876,21,1
24876,9,3
24876,14,3
24876,28,3
24877,5,2
24877,4,3
24877,14,2
24878,35,2
24879,10,1
24879,33,2
24879,15,3
24879,20,1
24880,5,1
24880,8,2
24880,4,3
24880,23,2
24881,28,3
24881,34,3
24881,21,3
24881,4,1
24882,17,1
24882,4,2
24883,22,2
24883,23,1
24884,30,3
24884,29,2
24884,16,1
24884,33,1
24885,35,1
24885,33,1
24885,24,1
24886,35,1
24887,9,3
24887,35,2
24887,4,1
24887,38,1
24888,28,3
24888,37,1
24889,3,3
24889,35,2
24889,27,3
24890,34,1
24890,5,2
24890,9,3
24890,29,1
24891,31,1
24891,19,1
24891,30,2
24891,25,3
24892,24,3
24892,10,2
24893,0,2
24893,1,1
24893,8,3
24894,28,3
24894,1,3
24894,34,3
24895,35,3
24896,34,3
24896,27,1
24896,7,3
24897,16,2
24898,17,3
24898,31,2
24898,20,2
24898,38,1
24899,15,1
24899,6,1
24900,16,1
24901,8,2
24901,35,2
24902,10,1
24902,31,2
24902,33,1
24903,14,1
24903,28,2
24903,17,2
24903,26,1
24904,21,3
24904,2,3
24905,33,2
24906,9,3
24906,27,3
24907,28,3
24907,33,3
24907,11,1
24908,8,1
24908,20,2
24908,33,3
24909,20,1
24909,1,3
24909,0,3
24910,2,2
24910,13,3
24910,0,1
24911,17,2
24911,19,3
24912,4,3
24912,37,3
24913,14,3
24913,11,2
24913,18,1
24913,15,1
24914,12,1
24914,34,2
24915,23,1
24915,3,3
24915,36,1
24915,19,1
24916,27,2
24916,10,1
24916,32,3
24916,19,3
24917,34,1
24917,36,1
24917,31,1
24917,7,1
24918,26,3
24918,25,1
24918,11,3
24919,13,2
24919,11,3
24919,14,3
24919,1,1
24920,23,2
24920,8,3
24920,32,1
24920,22,1
24921,38,2
24921,16,1
24921,31,1
24922,4,1
24922,19,2
24923,31,3
24923,8,3
24923,38,3
24923,11,2
24924,25,1
24924,11,3
24925,17,1
24925,38,3
24925,15,2
24925,32,2
24926,32,2
24927,32,1
24927,28,2
24927,17,1
24927,2,2
24928,22,3
24928,4,3
24928,17,2
24928,20,3
24929,14,3
24929,33,2
24930,9,1
24930,30,1
24930,6,3
24931,3,3
24931,13,3
24932,26,3
24932,36,2
24933,8,2
24934,15,1
24934,14,2
24935,28,2
24935,8,1
24936,2,1
24936,10,1
24937,27,3
24937,18,2
24937,32,3
24937,2,2
24938,3,3
24938,1,2
24938,28,3
24939,30,3
24939,5,2
24939,1,1
24940,29,2
24941,24,3
24941,0,2
24941,26,2
24942,4,3
24942,17,3
24942,33,1
24943,36,3
24944,17,1
24945,28,3
24945,9,2
24945,23,2
24945,17,3
24946,24,3
24946,30,2
24947,8,3
24948,17,1
24949,27,3
24949,38,3
24950,21,3
24950,6,2
24950,13,1
24951,14,1
24951,19,1
24952,17,2
24952,27,3
24952,38,1
24953,5,2
24953,9,3
24953,28,1
24954,2,3
24954,30,1
24955,25,2
24955,35,3
24955,5,1
24955,23,3
24956,26,3
24956,37,3
24956,24,2
24956,15,3
24957,21,1
24957,2,2
24958,16,1
24958,25,2
24958,22,1
24959,0,3
24959,10,3
24959,35,1
24959,28,2
24960,30,3
24960,28,3
24960,5,3
24960,8,3
24961,0,2
24961,9,3
24962,26,2
24962,11,2
24962,10,3
24962,3,1
24963,11,2
24964,9,3
24965,13,2
24965,4,3
24965,32,2
24966,32,1
24966,37,1
24966,0,1
24966,11,1
24967,26,1
24967,4,2
24968,21,1
24969,31,3
24970,18,3
24970,26,3
24970,38,3
24971,30,2
24971,9,3
24972,35,2
24972,4,1
24972,14,3
24973,14,1
24973,35,3
24973,25,2
24974,14,1
24974,21,3
24974,4,2
24974,23,3
24975,22,1
24975,16,2
24975,2,2
24975,19,2
24976,12,1
24977,30,1
24977,11,1
24977,16,3
24978,28,3
24978,15,1
24978,21,1
24979,14,3
24979,28,1
24979,17,3
24980,7,1
24980,5,1
24980,25,2
24981,24,1
24982,11,1
24982,35,1
24982,21,1
24982,0,2
24983,26,3
24983,22,1
24983,11,1
24983,10,1
24984,24,3
24984,27,1
24984,7,3
24985,35,1
24986,25,1
24987,11,1
24988,10,2
24988,35,3
24988,4,3
24988,18,1
24989,14,3
24989,38,3
24989,11,2
24989,21,1
24990,31,2
24990,12,1
24991,11,3
24991,3,3
24991,31,3
24992,6,1
24992,26,2
24992,16,2
24993,14,2
24994,20,1
24994,24,1
24995,2,2
24996,31,3
24996,17,2
24997,36,2
24997,0,2
24997,15,2
24998,33,2
24998,22,1
24998,8,2
24998,5,2
24999,37,2
24999,8,1
25000,5,2
25000,35,2
25000,4,2
25001,2,3
25001,8,1
25001,25,2
25001,34,1
25002,33,2
25002,12,1
25002,36,2
25002,0,1
25003,36,3
25003,7,3
25004,14,3
25004,31,2
25004,21,3
25004,34,3
25005,20,1
25005,37,3
25005,12,2
25006,4,2
25006,22,3
25006,1,1
25007,25,3
25007,12,3
25007,36,3
25008,1,1
25009,28,3
25010,24,2
25010,17,2
25010,32,2
25010,15,2
25011,4,3
25011,10,1
25012,14,3
25012,35,2
25012,1,1
25012,16,3
25013,11,3
25013,15,2
25013,28,2
25014,22,3
25014,38,1
25014,16,1
25015,36,1
25015,24,2
25015,0,3
25016,23,2
25016,26,3
25017,12,3
25017,0,2
25017,14,1
25018,26,3
25019,19,1
25019,8,3
25019,24,1
25019,13,1
25020,12,1
25020,0,2
25020,23,1
25021,15,2
25022,38,2
25022,20,2
25022,35,1
25022,13,2
25023,37,3
25023,17,2
25023,22,3
25024,12,2
25025,26,1
25025,10,2
25025,27,3
25025,25,3
25026,7,2
25026,11,3
25027,23,1
25027,32,2
25027,1,1
25027,21,1
25028,9,3
25028,6,2
25029,34,1
25029,20,3
25030,10,3
25030,31,2
25030,6,3
25031,13,3
25031,0,3
25031,5,2
25031,23,3
25032,25,1
25033,0,2
25033,37,1
25034,28,2
25034,21,1
25035,4,2
25036,29,3
25036,34,1
25036,13,1
25037,30,1
25037,1,3
25037,33,1
25038,0,3
25038,5,1
25039,16,2
25039,2,1
25039,14,3
25040,17,2
25040,24,2
25040,14,3
25041,8,1
25041,6,2
25041,12,1
25041,36,1
25042,1,1
25042,8,3
25042,27,3
25043,19,1
25044,5,3
25044,27,1
25044,12,2
25045,37,3
25045,20,3
25045,8,1
25045,30,3
25046,13,3
25046,5,1
25046,28,2
25047,38,2
25047,32,1
25047,1,3
25048,28,1
25048,24,1
25048,3,2
25048,31,3
25049,38,3
25049,14,2
25049,8,3
25050,24,1
25051,13,2
25051,29,3
25052,26,2
25053,21,2
25053,18,3
25054,26,1
25054,25,2
25054,34,1
25055,10,1
25055,26,3
25055,25,2
25056,30,1
25057,24,3
25057,0,1
25057,13,1
25058,12,3
25058,36,1
25058,2,1
25059,38,2
25060,32,3
25060,21,3
25060,23,3
25060,14,3
25061,6,3
25061,7,1
25061,2,2
25062,10,2
25062,15,3
25062,32,2
25063,28,1
25063,33,1
25064,22,3
25064,29,3
25065,7,2
25065,18,1
25065,13,1
25065,11,1
25066,8,1
25066,19,3
25066,3,2
25067,25,1
25067,26,2
25067,9,3
25068,24,3
25068,26,1
25068,25,1
25068,35,1
25069,2,1
25069,33,2
25070,13,3
25070,1,2
25070,3,3
25070,30,3
25071,31,2
25071,24,1
25071,13,2
25071,14,3
25072,27,3
25072,9,3
25072,36,1
25073,18,1
25073,32,3
25073,35,3
25073,27,3
25074,27,3
25074,5,1
25075,16,1
25075,26,2
25075,30,2
25076,6,2
25076,17,2
25077,26,2
25077,20,1
25078,26,2
25079,22,2
25079,36,3
25079,18,2
25080,20,3
25080,16,3
25080,17,2
25081,27,1
25081,18,2
25081,25,3
25081,10,3
25082,0,3
25082,13,1
25083,7,2
25083,23,1
25084,36,3
25084,13,1
25085,32,2
25085,7,3
25085,13,2
25086,11,3
25086,18,1
25086,21,2
25086,32,3
25087,8,1
25087,25,3
25087,16,1
25088,30,1
25088,0,1
25089,35,1
25089,29,1
25089,22,2
25090,26,2
25090,9,1
25090,22,2
25091,21,1
25091,34,1
25091,18,3
25091,28,3
25092,11,3
25092,2,2
25093,10,3
25094,25,2
25094,10,2
25095,9,1
25095,31,2
25095,7,3
25095,10,3
25096,10,1
25096,27,3
25096,16,2
25096,36,2
25097,27,2
25097,6,2
25097,18,3
25098,29,2
25098,28,3
25098,20,2
25099,36,3
25099,23,2
25100,10,1
25101,27,2
25101,30,1
25102,34,2
25102,10,1
25102,27,1
25102,28,1
25103,28,3
25103,27,1
25104,3,1
25104,36,2
25105,19,2
25105,10,3
25106,16,1
25106,22,1
25106,17,3
25107,23,1
25107,13,3
25107,22,2
25107,26,3
25108,25,3
25108,36,1
25108,35,3
25108,21,1
25109,29,1
25110,23,1
25110,15,2
25110,2,2
25111,29,3
25111,8,1
25111,19,3
25112,27,1
25113,5,1
25113,35,2
25113,23,1
25113,9,3
25114,1,1
25114,12,2
25115,31,3
25115,4,3
25116,28,3
25117,38,3
25117,24,1
25117,28,2
25117,9,1
25118,21,1
25118,36,2
25119,2,2
25120,12,3
25120,22,2
25121,18,3
25121,8,2
25121,27,2
25122,27,3
25122,34,2
25122,14,1
25123,35,1
25123,3,3
25123,9,2
25124,2,1
25124,0,1
25124,14,3
25125,6,3
25125,3,2
25125,32,2
25126,18,2
25126,13,2
25126,31,1
25127,36,3
25127,26,1
25127,30,3
25127,28,3
25128,38,1
25128,13,1
25128,3,3
25129,24,2
25129,32,3
25129,7,3
25129,37,3
25130,1,2
25130,29,2
25130,0,3
25130,37,3
25131,28,3
25131,12,1
25131,27,1
25131,7,3
25132,26,3
25132,33,3
25132,22,2
25132,38,3
25133,7,1
25133,20,2
25133,24,2
25133,10,3
25134,37,3
25134,13,2
25135,1,2
25135,17,3
25135,26,1
25135,11,3
25136,29,3
25136,0,3
25136,16,2
25137,1,2
25137,2,2
25138,30,3
25139,16,2
25140,25,2
25141,24,1
25142,32,2
25142,28,1
25142,8,1
25142,37,2
25143,37,3
25143,10,2
25144,28,1
25145,26,1
25145,3,2
25145,20,1
25146,35,3
25146,36,2
25146,38,2
25146,25,2
25147,28,1
25148,37,2
25148,25,1
25148,2,3
25148,26,1
25149,2,2
25149,3,3
25150,8,3
25150,17,3
25151,13,1
25152,38,2
25152,8,1
25152,0,2
25153,14,1
25153,34,2
25153,7,1
25153,25,3
25154,20,3
25154,24,1
25155,7,1
25155,4,2
25155,12,2
25156,26,2
25157,29,3
25157,20,1
25157,24,3
25157,10,1
25158,23,3
25158,33,3
25159,38,2
25159,0,2
25159,31,2
25160,5,1
25161,17,3
25161,5,2
25161,25,2
25161,18,2
25162,24,3
25162,32,3
25162,33,3
25162,35,1
25163,5,3
25163,31,1
25164,21,1
25165,9,1
25165,25,1
25166,35,1
25166,0,3
25166,14,1
25167,36,2
25168,16,3
25168,38,1
25168,32,3
25169,32,1
25169,1,2
25169,8,1
25170,11,2
25170,25,2
25171,32,1
25172,4,1
25172,28,2
25172,16,3
25173,33,3
25173,28,3
25173,25,2
25174,28,2
25175,16,1
25175,37,1
25176,38,3
25176,7,2
25177,8,2
25177,20,3
25178,1,2
25178,13,1
25178,16,1
25178,8,3
25179,10,3
25179,12,1
25180,32,3
25181,6,3
25181,29,1
25182,36,1
25183,38,1
25183,34,2
25183,6,3
25183,10,2
25184,18,3
25184,17,1
25185,12,3
25186,2,3
25186,3,1
25186,7,3
25187,33,3
25188,14,3
25188,16,1
25189,25,2
25189,28,3
25190,2,1
25190,22,2
25191,12,1
25191,18,1
25192,30,3
25192,12,1
25192,0,1
25193,12,1
25193,35,1
25194,16,1
25194,2,1
25194,9,2
25195,30,3
25195,32,2
25195,17,2
25196,30,2
25196,28,3
25196,22,2
25196,19,2
25197,24,1
25198,30,2
25198,27,3
25198,13,2
25198,36,2
25199,32,2
25199,14,1
25199,27,2
25199,5,2
25200,18,1
25201,7,3
25201,29,2
25202,0,3
25202,21,3
25202,33,1
25203,5,3
25203,10,1
25203,20,1
25204,32,1
25204,31,2
25205,25,2
25206,38,2
25206,10,1
25206,14,3
25207,9,2
25207,31,2
25207,14,1
25208,18,2
25208,8,1
25209,23,2
25210,14,3
25210,3,3
25210,24,3
25211,23,2
25212,5,1
25212,1,1
25212,32,1
25213,22,1
25213,1,3
25213,10,1
25214,26,1
25214,20,1
25214,27,1
25214,5,2
25215,12,3
25215,32,3
25215,38,1
25215,1,2
25216,12,2
25217,15,2
25217,29,3
25217,9,2
25217,34,2
25218,19,2
25218,7,2
25218,11,2
25219,11,1
25219,22,2
25219,13,2
25219,5,2
25220,33,1
25220,0,3
25220,7,3
25221,36,3
25222,30,1
25222,14,3
25222,7,2
25222,32,3
25223,1,3
25224,4,1
25224,6,2
25224,18,1
25224,26,3
25225,28,3
25226,28,3
25227,1,3
25227,0,3
25227,37,1
25228,21,3
25228,26,1
25228,34,2
25228,19,3
25229,36,1
25230,10,3
25230,38,1
25230,0,1
25231,30,2
25231,4,1
25231,26,2
25231,6,3
25232,8,3
25232,17,2
25232,38,3
25233,16,3
25233,15,2
25234,16,3
25234,4,1
25234,37,1
25234,3,2
25235,33,2
25235,31,1
25235,22,3
25236,26,1
25236,11,1
25236,29,2
25237,37,2
25237,34,1
25238,30,2
25238,37,2
25239,19,3
25239,13,1
25240,24,3
25241,8,2
25242,0,1
25242,17,2
25243,28,1
25244,11,3
25244,6,3
25245,20,1
25245,5,2
25245,11,1
25246,38,2
25247,4,1
25247,16,1
25247,7,1
25247,36,3
25248,1,1
25248,34,3
25249,13,2
25249,31,3
25249,3,1
25249,24,1
25250,22,2
25250,14,2
25251,14,1
25251,23,2
25251,34,1
25251,20,2
25252,3,1
25252,17,3
25252,31,1
25252,22,3
25253,38,3
25254,1,3
25254,2,1
25254,17,1
25254,19,2
25255,31,2
25255,30,3
25255,3,1
25256,24,3
25256,26,1
25256,4,2
25257,36,1
25257,30,2
25257,7,2
25257,27,3
25258,8,2
25258,3,2
25259,37,3
25259,5,1
25260,16,3
25260,30,1
25260,3,1
25260,24,3
25261,26,1
25262,2,2
25262,27,2
25262,30,2
25262,6,3
25263,37,3
25263,27,1
25263,8,3
25264,7,1
25264,37,2
25264,30,3
25264,32,1
25265,21,3
25265,11,3
25266,22,3
25266,32,2
25267,4,3
25268,33,3
25268,31,3
25269,3,3
25269,33,3
25269,4,1
25269,23,3
25270,1,3
25271,38,3
25272,21,3
25273,18,3
25274,21,1
25274,17,3
25274,28,2
25274,38,3
25275,33,3
25275,7,3
25275,3,3
25276,0,2
25277,25,1
25277,18,2
25278,29,1
25278,34,2
25278,35,1
25278,22,2
25279,0,2
25279,32,1
25279,38,1
25280,3,2
25280,26,1
25281,11,2
25282,0,3
25283,13,1
25283,6,1
25283,36,3
25284,37,1
25284,33,3
25284,7,2
25285,20,3
25285,21,2
25285,18,1
25286,31,2
25287,15,2
25287,30,3
25287,27,1
25287,26,2
25288,17,2
25288,19,2
25289,21,1
25289,37,1
25289,16,2
25290,21,1
25291,23,1
25291,30,2
25291,32,3
25292,28,3
25292,15,2
25292,35,1
25293,21,2
25293,17,3
25294,7,2
25295,33,2
25296,7,2
25296,33,2
25297,25,3
25297,1,1
25297,21,3
25298,1,1
25298,31,3
25299,28,3
25300,18,2
25300,38,2
25300,10,3
25301,17,1
25302,34,3
25302,31,2
25303,28,2
25303,31,3
25303,24,1
25303,17,2
25304,23,2
25304,0,3
25304,32,3
25304,10,2
25305,33,2
25306,26,1
25306,14,3
25306,28,2
25306,29,1
25307,37,1
25307,25,2
25307,31,1
25308,0,1
25308,11,1
25309,21,1
25310,31,1
25310,2,3
25311,15,3
25312,28,2
25312,32,2
25313,31,2
25313,9,1
25314,38,1
25314,33,3
25315,31,2
25316,11,2
25316,37,2
25316,29,1
25317,3,1
25318,26,2
25318,19,1
25318,2,3
25319,30,2
25319,4,2
25319,24,1
25320,11,2
25320,27,2
25320,20,1
25321,16,1
25321,26,3
25321,27,3
25321,7,2
25322,26,2
25322,32,1
25323,19,3
25323,31,2
25323,22,3
25323,0,2
25324,30,2
25324,25,3
25324,13,1
25325,23,3
25325,7,3
25325,26,1
25325,36,3
25326,28,1
25326,23,1
25326,26,1
25326,16,3
25327,14,3
25327,31,3
25327,30,2
25327,33,1
25328,3,1
25329,28,2
25330,4,3
25330,18,3
25330,33,3
25330,7,1
25331,34,1
25331,17,3
25331,25,2
25331,21,1
25332,24,3
25332,20,3
25332,37,1
25333,0,1
25333,1,1
25334,31,1
25335,22,1
25335,24,2
25336,34,3
25337,15,3
25337,29,3
25337,6,3
25338,5,3
25338,3,3
25338,37,1
25338,2,3
25339,13,3
25339,1,1
25339,36,1
25340,19,2
25341,24,1
25341,38,2
25342,27,2
25343,22,2
25343,20,3
25343,28,3
25344,28,3
25345,34,1
25346,35,1
25346,32,3
25347,15,1
25347,18,1
25348,16,2
25348,0,2
25349,32,3
25349,8,2
25349,28,1
25349,22,3
25350,14,1
25350,23,2
25350,24,1
25350,26,2
25351,21,3
25351,7,3
25352,2,2
25352,18,2
25352,10,1
25353,31,2
25354,24,3
25354,13,2
25355,18,1
25355,14,1
25355,2,3
25355,27,1
25356,34,3
25357,26,1
25357,37,3
25357,33,3
25358,23,2
25358,15,1
25358,21,3
25359,1,3
25360,7,1
25360,1,1
25360,20,3
25360,33,1
25361,33,2
25361,38,2
25361,35,2
25362,11,2
25362,21,2
25362,30,3
25362,35,1
25363,0,3
25363,33,1
25363,27,2
25363,6,1
25364,12,3
25364,29,3
25364,18,3
25364,8,3
25365,34,3
25366,7,3
25366,16,1
25366,25,1
25366,0,2
25367,27,3
25367,38,1
25367,26,2
25367,31,1
25368,2,1
25369,23,1
25369,21,1
25369,2,2
25369,26,3
25370,34,3
25370,24,2
25370,27,1
25370,23,2
25371,17,2
25371,31,2
25372,20,3
25372,6,3
25372,22,1
25373,19,1
25373,24,2
25373,20,1
25373,36,2
25374,38,1
25375,34,3
25375,29,3
25375,3,2
25376,16,2
25376,17,3
25376,26,3
25377,3,2
25378,20,2
25378,30,2
25378,25,1
25378,2,3
25379,31,2
25379,25,1
25380,26,1
25380,13,3
25380,38,3
25381,2,3
25381,24,1
25381,15,3
25381,26,2
25382,23,3
25383,36,2
25383,32,1
25383,21,1
25384,29,3
25384,19,3
25385,19,3
25385,7,3
25385,16,2
25386,5,3
25386,22,1
25387,35,1
25387,26,3
25387,10,3
25387,25,3
25388,17,3
25388,18,1
25388,38,1
25388,35,2
25389,32,1
25389,21,3
25389,14,2
25389,9,3
25390,6,3
25390,15,1
25390,25,3
25390,13,1
25391,11,3
25392,5,2
25393,30,2
25394,26,2
25394,30,2
25394,13,3
25394,29,1
25395,9,3
25395,2,3
25395,0,2
25395,14,3
25396,32,1
25396,13,3
25396,6,3
25396,22,2
25397,34,1
25397,8,1
25398,35,2
25398,33,3
25398,38,2
25399,25,3
25400,34,2
25401,22,2
25401,12,1
25402,14,1
25402,3,3
25402,9,3
25403,32,1
25403,11,2
25403,28,3
25404,1,1
25404,34,3
25405,26,2
25405,6,1
25405,7,3
25406,13,2
25406,8,3
25407,11,3
25408,35,3
25408,25,2
25408,13,3
25408,18,3
25409,4,1
25409,5,3
25409,35,2
25410,9,2
25411,38,1
25411,34,3
25411,32,2
25411,30,3
25412,7,2
25413,34,2
25414,34,1
25414,19,3
25414,24,3
25414,17,3
25415,1,3
25415,11,3
25415,22,2
25415,32,2
25416,9,2
25417,28,1
25417,23,2
25418,9,3
25419,8,3
25419,11,1
25419,5,2
25419,1,3
25420,34,2
25420,4,3
25421,13,2
25421,7,3
25422,36,2
25422,4,2
25422,24,1
25423,7,1
25424,4,2
25424,14,3
25424,1,1
25424,28,2
25425,7,2
25425,12,2
25425,11,3
25425,8,3
25426,26,2
25426,32,1
25427,14,2
25428,11,1
25428,20,2
25428,16,3
25428,3,2
25429,37,3
25429,24,1
25430,20,3
25430,14,1
25431,6,3
25432,6,1
25432,9,3
25432,38,3
25432,1,2
25433,30,1
25433,14,1
25433,28,2
25434,33,3
25434,10,1
25435,4,2
25435,2,1
25435,28,2
25435,26,2
25436,20,1
25436,12,3
25436,32,1
25437,3,1
25438,11,3
25438,25,2
25438,15,1
25439,1,2
25439,8,3
25440,23,3
25440,26,3
25440,30,1
25440,27,3
25441,21,1
25441,32,3
25441,13,2
25441,18,1
25442,33,3
25442,25,3
25442,14,1
25442,29,2
25443,20,1
25443,3,1
25443,8,2
25443,24,3
25444,19,3
25444,30,3
25444,24,1
25445,36,2
25445,5,2
25445,35,3
25445,23,3
25446,26,2
25446,5,1
25446,6,3
25447,7,3
25448,6,1
25449,13,1
25449,21,3
25449,29,2
25450,36,3
25450,20,3
25451,6,1
25451,38,2
25452,29,1
25452,5,3
25452,23,2
25452,12,1
25453,34,2
25453,10,2
25453,12,1
25454,20,2
25454,14,2
25454,6,1
25454,26,1
25455,37,1
25456,29,1
25456,23,2
25456,15,3
25456,2,1
25457,32,2
25457,16,2
25458,14,2
25459,1,3
25459,18,2
25460,37,3
25460,10,3
25461,37,3
25461,19,2
25461,7,3
25461,23,3
25462,2,1
25462,3,2
25462,38,3
25463,11,3
25463,19,3
25463,17,3
25464,33,2
25464,7,1
25465,7,1
25465,38,2
25466,29,1
25466,7,1
25466,15,2
25467,18,2
25467,31,3
25467,38,3
25468,32,3
25469,10,3
25470,36,3
25470,8,1
25470,32,3
25471,24,3
25471,7,2
25472,12,1
25472,24,3
25473,26,3
25474,10,1
25474,23,1
25475,23,2
25475,18,1
25475,35,3
25475,2,3
25476,10,2
25476,23,3
25476,30,1
25477,15,2
25477,19,3
25477,5,1
25477,33,3
25478,17,1
25478,23,2
25478,8,3
25478,10,2
25479,5,2
25479,2,2
25480,32,3
25480,12,1
25480,20,2
25480,37,1
25481,21,1
25481,0,3
25482,37,1
25483,19,1
25483,23,3
25484,36,2
25484,15,1
25484,29,3
25484,10,2
25485,11,1
25485,1,1
25486,15,3
25486,0,3
25486,22,1
25487,32,3
25487,0,1
25487,11,1
25487,21,3
25488,30,2
25489,26,1
25489,32,3
25490,20,1
25490,29,3
25490,23,2
25491,27,2
25491,16,1
25491,33,1
25492,4,2
25492,3,2
25493,12,2
25493,7,2
25493,20,3
25493,8,3
25494,36,2
25495,19,1
25496,6,3
25496,34,2
25497,5,3
25498,25,3
25499,38,1
25500,10,1
25501,15,3
25501,33,3
25502,27,1
25503,37,1
25503,36,3
25504,30,1
25504,16,2
25504,12,3
25505,11,3
25505,16,3
25505,9,3
25505,23,3
25506,19,3
25507,30,1
25507,7,3
25507,11,1
25508,34,1
25508,27,1
25508,10,3
25508,36,1
25509,15,1
25509,20,1
25509,21,2
25509,14,3
25510,17,3
25510,29,1
25510,19,1
25511,4,2
25512,23,3
25512,33,3
25512,27,2
25512,32,1
25513,18,1
25514,4,3
25514,28,1
25514,19,2
25515,26,3
25516,33,3
25516,20,2
25517,30,2
25518,25,2
25518,16,1
25519,16,3
25519,34,1
25519,26,1
25520,25,2
25520,33,3
25520,36,1
25520,11,2
25521,33,3
25522,25,1
25522,16,1
25522,29,3
25522,36,3
25523,31,1
25524,28,2
25524,14,3
25524,7,1
25525,35,3
25526,10,2
25526,16,3
25527,36,3
25527,13,1
25527,9,1
25528,9,2
25529,6,3
25529,32,3
25529,20,2
25529,18,1
25530,8,2
25530,17,3
25530,22,3
25530,38,2
25531,22,1
25531,28,3
25531,27,2
25532,8,2
25533,1,3
25533,31,2
25534,28,3
25534,2,2
25535,0,1
25536,23,2
25536,13,3
25537,34,3
25537,0,3
25537,13,3
25538,13,1
25538,7,2
25539,5,2
25539,37,3
25540,12,2
25540,3,2
25541,20,3
25541,0,1
25542,21,1
25543,29,2
25543,3,2
25543,9,2
25543,17,3
25544,33,1
25544,22,2
25544,19,2
25544,34,3
25545,16,1
25545,4,1
25546,10,3
25546,3,2
25546,30,1
25546,22,1
25547,9,1
25548,33,1
25548,34,2
25548,21,2
25548,12,3
25549,34,3
25549,35,2
25549,36,3
25549,21,1
25550,23,2
25550,13,2
25550,5,2
25551,31,1
25551,29,2
25551,16,3
25552,26,3
25552,12,3
25553,1,2
25553,30,1
25554,17,3
25554,29,3
25554,11,2
25554,31,3
25555,6,1
25555,38,3
25555,19,2
25556,12,2
25556,23,2
25557,1,1
25557,31,3
25557,13,2
25558,11,2
25558,13,2
25558,22,3
25558,25,3
25559,5,2
25560,30,1
25560,25,3
25560,0,3
25561,20,2
25561,35,2
25561,7,3
25562,21,2
25562,37,3
25562,35,1
25562,6,2
25563,2,2
25563,32,1
25564,35,2
25564,4,2
25565,23,1
25566,3,2
25566,26,3
25566,25,2
25567,34,1
25567,18,3
25567,27,3
25567,20,1
25568,28,2
25569,32,3
25570,17,1
25571,2,3
25571,25,2
25571,31,1
25572,27,3
25572,36,1
25572,9,1
25573,38,1
25573,4,1
25574,35,2
25575,3,1
25575,6,2
25576,15,3
25576,32,1
25577,21,3
25577,25,2
25577,12,2
25577,2,2
25578,21,2
25578,31,3
25578,22,3
25578,0,1
25579,28,1
25580,35,3
25580,2,3
25580,18,2
25581,15,2
25582,24,3
25582,37,3
25582,36,1
25583,30,1
25584,8,3
25584,34,2
25584,13,3
25584,9,2
25585,29,1
25585,32,2
25586,5,2
25587,26,3
25587,3,2
25588,32,1
25588,9,1
25588,4,3
25588,7,2
25589,5,2
25589,34,3
25589,38,2
25589,3,3
25590,22,2
25590,20,2
25590,12,1
25591,3,1
25591,37,3
25592,37,3
25593,11,1
25593,38,1
25593,23,1
25594,30,1
25594,31,1
25595,6,1
25596,16,2
25596,36,2
25596,7,1
25597,3,2
25597,18,1
25597,34,2
25597,9,2
25598,25,1
25598,23,2
25598,10,2
25598,5,1
25599,37,3
25599,0,2
25599,19,2
25600,29,1
25600,38,2
25601,6,1
25601,32,2
25601,23,2
25601,0,2
25602,9,2
25603,24,3
25603,5,1
25603,37,1
25604,8,2
25604,30,1
25604,10,2
25604,2,2
25605,2,3
25605,15,3
25605,6,1
25605,25,1
25606,21,2
25607,19,1
25607,23,1
25608,21,2
25608,12,2
25608,14,2
25608,0,3
25609,26,1
25610,2,1
25610,37,2
25610,20,2
25610,25,1
25611,35,2
25611,25,3
25611,9,2
25611,38,3
25612,6,2
25612,27,2
25612,8,3
25613,34,1
25613,17,3
25613,37,3
25613,16,2
25614,21,1
25614,35,2
25614,15,3
25614,37,3
25615,8,2
25615,19,2
25616,11,3
25617,11,2
25618,1,3
25619,27,1
25619,22,2
25619,10,1
25620,31,3
25620,11,1
25620,4,1
25620,32,3
25621,30,1
25621,35,1
25622,11,1
25623,20,3
25623,32,3
25623,7,1
25624,21,3
25624,36,2
25625,25,3
25625,14,2
25625,31,3
25626,1,1
25626,32,3
25627,11,2
25627,4,3
25627,1,1
25628,26,1
25628,0,1
25629,34,1
25629,27,1
25630,24,2
25630,35,1
25630,29,1
25630,18,1
25631,6,1
25631,18,2
25631,14,2
25632,0,3
25632,29,1
25632,27,3
25633,11,3
25634,17,3
25634,19,1
25634,16,3
25635,18,1
25635,17,2
25636,22,1
25636,38,3
25637,29,2
25638,17,1
25638,23,3
25638,9,1
25638,4,1
25639,4,1
25640,29,1
25640,2,3
25641,15,3
25642,31,3
25643,31,3
25643,16,1
25644,5,2
25644,33,1
25645,24,3
25645,14,2
25645,13,3
25645,1,1
25646,29,2
25646,17,3
25646,38,3
25646,14,1
25647,38,2
25648,34,2
25648,32,1
25649,26,2
25649,16,3
25649,6,3
25650,36,2
25651,31,2
25651,0,1
25651,1,1
25651,34,2
25652,33,2
25652,10,3
25653,4,3
25653,36,3
25653,34,3
25654,35,1
25654,36,2
25654,1,1
25654,8,3
25655,5,2
25655,34,3
25655,22,1
25655,27,2
25656,30,1
25656,35,3
25656,38,2
25656,3,1
25657,1,1
25657,19,1
25658,10,2
25658,23,1
25658,13,2
25658,5,3
25659,37,3
25660,30,2
25661,23,3
25661,13,1
25661,38,2
25661,12,2
25662,19,2
25663,11,1
25664,11,1
25665,17,1
25665,24,1
25666,33,2
25666,26,3
25666,20,3
25666,35,3
25667,0,3
25667,34,3
25667,15,1
25667,19,3
25668,1,2
25668,33,3
25668,11,3
25669,31,3
25670,1,2
25671,20,3
25671,19,1
25671,30,3
25671,35,1
25672,36,3
25672,12,2
25672,5,1
25673,19,1
25674,37,2
25674,29,3
25674,24,3
25675,35,2
25675,16,1
25676,25,1
25677,30,1
25677,17,3
25677,4,1
25678,21,2
25678,15,2
25679,23,1
25679,31,1
25679,0,1
25679,29,2
25680,5,2
25680,26,3
25680,35,2
25681,37,1
25682,27,1
25683,30,1
25683,20,3
25683,36,3
25684,0,1
25685,38,2
25685,29,1
25685,8,2
25685,9,2
25686,23,3
25686,25,2
25687,3,3
25687,31,2
25687,8,3
25688,14,1
25688,25,1
25688,37,1
25689,25,1
25689,30,1
25690,24,3
25690,9,3
25690,36,1
25691,16,1
25691,26,1
25691,7,2
25691,3,3
25692,24,1
25692,37,3
25692,33,1
25692,30,3
25693,6,3
25694,3,1
25694,30,1
25694,14,3
25694,5,1
25695,33,3
25695,3,1
25696,19,3
25696,34,3
25697,22,3
25697,35,3
25697,17,2
25698,30,2
25698,34,1
25699,17,3
25699,16,3
25700,24,3
25700,37,3
25700,35,2
25701,26,3
25701,0,3
25701,30,3
25701,13,1
25702,26,3
25702,18,1
25702,25,1
25702,29,1
25703,13,2
25704,38,2
25704,17,3
25704,28,2
25704,24,2
25705,34,2
25706,17,2
25707,27,3
25707,18,2
25707,26,3
25707,31,3
25708,19,2
25708,26,3
25708,28,1
25709,26,2
25709,16,3
25709,22,1
25710,30,1
25710,29,3
25710,22,1
25711,17,1
25711,5,1
25711,30,1
25711,24,1
25712,16,2
25712,0,3
25713,20,2
25713,31,3
25713,26,3
25714,9,2
25714,19,1
25714,25,2
25714,12,3
25715,5,3
25715,2,1
25716,29,3
25716,7,2
25717,22,2
25717,31,2
25717,5,1
25718,4,2
25719,15,2
25720,0,1
25720,37,2
25720,17,1
25720,23,1
25721,32,3
25722,3,2
25723,29,2
25723,34,1
25724,38,1
25724,10,3
25724,19,2
25724,7,3
25725,5,3
25725,36,2
25726,0,1
25727,33,1
25728,8,2
25729,2,2
25729,8,1
25729,14,3
25730,25,3
25730,1,3
25730,31,1
25730,10,2
25731,12,1
25731,22,1
25731,15,2
25731,29,1
25732,3,3
25732,7,2
25732,28,3
25732,14,2
25733,35,1
25734,10,1
25734,34,1
25734,14,1
25735,0,2
25736,7,1
25736,17,3
25736,28,1
25736,0,2
25737,14,1
25738,23,2
25738,9,3
25738,8,1
25738,21,3
25739,11,2
25739,19,2
25740,2,1
25740,25,2
25740,35,3
25741,12,2
25741,32,1
25741,10,3
25741,24,1
25742,37,2
25742,0,2
25742,36,1
25743,19,3
25743,15,3
25744,10,3
25744,35,2
25744,14,3
25745,27,2
25746,7,3
25746,17,1
25746,25,1
25747,21,1
25747,27,1
25747,8,1
25748,4,3
25748,7,3
25748,16,1
25749,7,3
25749,2,1
25749,30,1
25750,31,1
25751,2,3
25751,18,2
25751,33,1
25752,27,2
25753,34,3
25753,13,3
25753,18,3
25753,3,3
25754,37,2
25754,26,2
25754,13,1
25755,28,2
25756,15,1
25757,7,1
25757,28,2
25757,21,2
25757,6,1
25758,37,1
25759,31,2
25760,24,2
25760,1,3
25761,8,2
25761,23,2
25762,27,1
25762,2,3
25762,15,2
25762,38,2
25763,38,1
25763,13,3
25763,4,1
25763,31,1
25764,15,2
25764,25,3
25765,32,1
25765,35,3
25765,25,1
25766,14,2
25767,37,3
25768,4,1
25768,22,2
25769,7,2
25769,1,1
25769,22,3
25770,21,3
25770,20,3
25770,31,2
25771,38,3
25772,36,2
25772,3,1
25773,28,1
25774,7,3
25775,28,1
25775,35,1
25775,2,1
25776,12,3
25776,18,1
25776,24,2
25777,12,2
25777,19,1
25778,36,3
25778,20,3
25779,15,1
25779,14,1
25780,26,3
25781,14,3
25782,30,2
25782,5,1
25783,13,2
25783,3,3
25784,0,1
25784,28,1
25784,8,1
25784,20,1
25785,36,3
25785,32,3
25785,3,3
25785,38,2
25786,1,2
25787,14,1
25787,3,3
25787,32,3
25787,23,2
25788,7,1
25789,14,2
25789,21,1
25789,6,3
25790,13,3
25790,25,3
25790,23,2
25791,36,2
25791,2,2
25791,16,3
25791,22,2
25792,28,3
25792,18,1
25792,31,1
25793,25,3
25794,34,3
25794,28,3
25795,8,2
25795,19,1
25795,7,2
25796,0,1
25797,16,2
25797,36,2
25797,19,3
25798,0,2
25798,4,2
25798,35,2
25799,19,1
25800,34,2
25800,13,2
25801,31,2
25801,8,3
25802,7,1
25802,24,1
25802,19,3
25802,1,1
25803,8,2
25803,36,1
25803,15,1
25804,22,2
25804,21,2
25804,26,1
25804,14,3
25805,26,3
25805,28,2
25806,24,3
25806,11,2
25807,14,2
25807,8,1
25807,17,2
25808,34,1
25809,34,1
25809,3,3
25810,9,3
25810,22,3
25810,35,2
25811,17,2
25811,29,1
25811,20,3
25812,10,3
25812,26,2
25812,25,1
25813,22,2
25813,9,1
25814,30,2
25814,38,2
25814,0,1
25815,25,3
25815,38,3
25815,27,1
25816,3,1
25816,0,3
25816,8,1
25816,34,2
25817,36,1
25817,16,2
25818,36,3
25819,38,1
25819,22,3
25820,16,2
25821,13,2
25821,38,2
25821,15,1
25822,4,3
25823,32,1
25824,33,2
25825,0,2
25825,1,3
25825,18,3
25826,2,3
25826,19,2
25827,31,3
25827,24,2
25827,5,3
25827,35,1
25828,5,3
25829,17,2
25830,19,3
25830,24,1
25830,33,2
25831,28,3
25831,12,1
25831,13,1
25831,8,3
25832,23,2
25832,20,1
25833,36,3
25833,35,2
25833,31,3
25833,25,2
25834,27,2
25835,38,1
25836,30,3
25836,28,3
25836,18,2
25837,9,1
25837,35,3
25838,1,2
25838,24,2
25838,13,2
25839,9,3
25839,22,2
25840,30,1
25840,38,2
25841,28,2
25841,11,3
25842,10,1
25843,32,1
25843,36,3
25843,3,3
25844,19,1
25844,10,2
25844,5,2
25844,35,3
25845,31,3
25845,3,3
25845,36,2
25846,10,3
25847,10,1
25848,19,1
25848,9,1
25848,7,3
25848,20,1
25849,38,2
25850,2,2
25851,2,3
25852,37,1
25852,21,2
25852,2,2
25853,14,2
25853,16,2
25854,13,3
25854,32,2
25854,28,2
25855,30,2
25855,14,3
25855,24,2
25855,5,3
25856,16,2
25856,14,3
25856,25,1
25856,15,3
25857,22,3
25857,30,3
25857,31,1
25858,13,2
25858,8,3
25858,34,3
25858,4,1
25859,32,2
25859,11,3
25860,5,2
25860,22,1
25860,15,3
25860,13,2
25861,2,1
25861,6,2
25861,20,3
25862,32,3
25862,36,2
25862,5,3
25863,17,2
25864,21,2
25864,4,3
25865,6,1
25866,6,3
25866,23,3
25866,17,2
25867,29,3
25867,24,2
25867,18,3
25868,12,2
25868,21,3
25868,7,1
25868,27,3
25869,20,2
25870,6,3
25870,34,3
25870,12,1
25870,35,3
25871,10,3
25871,8,3
25871,32,1
25871,11,1
25872,20,2
25872,9,2
25872,22,2
25873,6,3
25873,15,2
25873,5,3
25874,18,2
25875,3,3
25876,29,2
25877,34,1
25877,10,2
25877,25,1
25878,36,3
25879,16,1
25879,9,3
25879,34,1
25880,4,2
25880,32,1
25881,4,1
25881,23,2
25881,30,3
25882,21,1
25882,14,2
25882,29,3
25883,8,3
25883,22,3
25884,6,2
25884,10,3
25884,19,3
25884,17,3
25885,35,2
25885,7,1
25886,16,3
25886,35,2
25886,37,2
25886,25,3
25887,1,2
25888,6,1
25889,38,1
25889,9,3
25890,4,2
25891,13,3
25891,33,2
25891,36,3
25892,10,3
25892,38,3
25892,34,3
25892,33,2
25893,21,3
25893,31,2
25893,3,1
25894,17,1
25895,35,1
25895,3,3
25895,29,2
25895,25,2
25896,12,2
25896,2,2
25897,18,1
25897,9,2
25898,32,1
25898,27,3
25898,18,2
25898,22,3
25899,24,1
25899,3,3
25899,37,3
25899,33,3
25900,11,2
25901,31,3
25902,23,2
25902,15,3
25902,29,1
25903,15,1
25904,27,2
25904,25,1
25904,4,1
25904,2,3
25905,18,3
25905,11,2
25905,0,2
25906,2,1
25906,10,1
25907,6,1
25907,29,1
25908,31,3
25909,32,2
25909,37,1
25909,10,3
25909,29,1
25910,23,2
25910,12,2
25910,13,2
25910,38,3
25911,29,2
25912,11,3
25912,19,1
25912,7,3
25913,18,3
25914,12,2
25914,14,1
25915,27,3
25915,17,1
25915,24,1
25915,35,1
25916,26,1
25916,1,2
25916,6,2
25917,34,3
25917,2,2
25917,27,2
25917,37,1
25918,2,1
25918,35,3
25918,4,3
25918,12,2
25919,3,2
25919,32,1
25919,23,3
25920,31,3
25920,3,3
25920,37,2
25921,31,3
25922,37,3
25922,24,2
25922,6,1
25922,19,3
25923,9,2
25923,5,1
25924,8,1
25924,13,1
25924,25,3
25924,21,3
25925,31,1
25925,11,3
25925,19,1
25925,1,2
25926,11,2
25926,10,3
25926,28,3
25926,23,2
25927,15,2
25928,29,3
25929,23,3
25929,28,1
25930,8,1
25931,10,2
25931,4,2
25931,28,1
25932,7,1
25932,20,3
25933,26,3
25934,27,1
25934,15,1
25934,25,2
25935,3,3
25936,10,2
25936,3,1
25936,22,2
25937,23,2
25938,34,1
25938,37,3
25939,11,2
25940,5,3
25941,18,1
25942,18,2
25942,34,3
25942,22,1
25943,29,3
25943,34,2
25944,29,1
25944,11,1
25944,20,2
25944,5,1
25945,6,2
25945,19,2
25945,7,1
25945,34,3
25946,12,2
25946,11,2
25946,3,3
25946,33,2
25947,35,1
25947,26,2
25947,31,3
25948,37,1
25949,23,1
25950,25,1
25950,4,3
25950,11,1
25950,15,2
25951,29,1
25951,1,3
25951,25,2
25952,0,3
25952,11,2
25952,29,3
25953,16,3
25954,26,1
25954,4,2
25955,28,3
25955,3,3
25955,21,2
25956,4,1
25956,5,1
25956,26,2
25956,11,1
25957,17,2
25958,4,3
25959,29,3
25959,15,3
25959,12,3
25959,11,2
25960,0,3
25960,2,1
25961,9,1
25961,2,2
25961,25,2
25961,23,3
25962,25,1
25963,18,2
25964,3,3
25964,21,2
25964,32,2
25964,14,3
25965,17,1
25966,4,1
25966,17,2
25966,6,3
25966,26,1
25967,12,3
25968,11,2
25968,7,2
25969,23,2
25970,1,3
25971,29,2
25971,19,1
25971,17,1
25971,28,1
25972,20,1
25972,10,1
25973,37,2
25974,23,2
25974,24,3
25974,35,2
25975,0,1
25975,11,3
25976,26,2
25976,21,1
25977,30,3
25978,15,2
25978,23,2
25978,20,3
25979,24,1
25980,16,2
25980,17,3
25980,31,2
25981,6,2
25981,21,3
25981,36,1
25982,29,1
25982,7,1
25983,6,3
25984,19,1
25984,7,1
25985,35,3
25985,3,1
25985,0,2
25986,30,1
25986,9,1
25986,27,2
25987,25,1
25988,24,1
25988,27,3
25989,25,2
25989,32,1
25989,14,1
25989,12,2
25990,5,3
25990,14,1
25990,19,2
25990,31,2
25991,16,1
25992,24,1
25992,7,1
25992,13,3
25992,20,3
25993,35,2
25993,21,3
25994,25,1
25995,30,2
25995,17,3
25996,26,2
25996,30,2
25996,1,3
25996,8,2
25997,17,3
25997,21,3
25997,19,1
25997,27,2
25998,3,1
25998,29,2
25998,36,3
25999,27,3
25999,4,2
25999,34,1
25999,9,3
26000,16,1
26001,14,3
26001,0,3
26002,5,3
26002,29,3
26002,15,3
26002,28,1
26003,17,1
26003,5,2
26003,12,3
26004,8,3
26004,7,3
26004,19,3
26004,17,2
26005,11,2
26005,19,2
26006,13,3
26006,17,2
26007,31,1
26007,33,1
26007,21,1
26007,22,3
26008,24,2
26008,37,3
26008,11,3
26009,22,1
26009,34,2
26010,20,3
26010,23,3
26011,19,3
26011,3,1
26012,35,2
26012,10,1
26012,14,2
26012,4,3
26013,29,2
26013,28,1
26013,16,2
26013,6,2
26014,31,1
26014,12,1
26014,35,2
26014,23,1
26015,21,1
26016,24,2
26016,9,3
26017,20,2
26017,15,3
26018,22,2
26018,27,3
26018,11,3
26019,14,3
26019,24,3
26020,3,3
26020,36,2
26020,13,2
26021,6,1
26022,22,1
26023,9,2
26024,34,1
26024,12,1
26024,27,3
26025,16,3
26025,30,3
26025,0,2
26026,12,1
26026,38,1
26026,17,1
26027,15,3
26027,36,1
26027,20,2
26027,5,3
26028,23,1
26028,25,3
26028,20,1
26028,22,3
26029,20,1
26029,0,1
26029,21,2
26029,2,3
26030,15,2
26030,9,1
26030,24,2
26031,4,3
26031,18,1
26032,10,1
26032,36,3
26032,3,1
26032,34,2
26033,15,2
26034,23,2
26034,21,2
26034,6,1
26035,25,1
26035,27,3
26035,14,3
26035,19,1
26036,19,3
26036,5,2
26037,5,2
26037,25,2
26037,33,1
26038,6,1
26038,35,1
26039,23,3
26039,14,3
26039,28,1
26039,31,2
26040,16,3
26040,35,2
26041,0,3
26041,9,2
26041,7,2
26042,34,2
26042,4,2
26042,5,1
26042,1,1
26043,6,1
26043,1,2
26043,35,3
26044,13,2
26044,24,3
26044,34,2
26044,30,3
26045,1,2
26045,22,2
26046,10,1
26046,1,2
26047,14,2
26047,0,3
26048,5,3
26049,14,2
26049,8,2
26050,19,2
26050,38,1
26050,16,1
26051,28,1
26051,16,3
26051,31,2
26052,27,3
26053,11,3
26054,35,3
26054,1,2
26054,10,1
26055,31,2
26056,17,1
26057,16,2
26057,15,2
26058,18,1
26058,38,3
26058,4,1
26059,4,1
26059,18,3
26059,28,1
26060,9,2
26061,16,3
26062,31,1
26062,28,2
26062,26,1
26063,1,3
26063,0,3
26063,25,1
26064,22,1
26065,29,1
26066,20,2
26066,38,2
26066,12,3
26066,17,1
26067,13,3
26068,8,2
26068,19,1
26069,38,2
26069,15,2
26069,9,3
26069,14,3
26070,12,2
26071,1,1
26071,17,1
26072,22,1
26073,3,3
26073,7,3
26073,35,3
26074,17,2
26074,28,2
26074,30,1
26074,31,2
26075,24,1
26075,9,1
26075,27,2
26075,14,2
26076,0,3
26077,4,1
26077,37,3
26077,12,2
26078,9,1
26079,13,3
26080,30,1
26081,4,2
26082,22,2
26082,28,3
26083,31,1
26083,18,3
26084,28,1
26084,37,1
26084,1,3
26084,6,1
26085,21,3
26085,3,1
26086,16,2
26086,24,1
26086,32,1
26087,13,3
26087,6,3
26087,33,1
26088,19,3
26088,10,1
26089,37,3
26089,11,1
26089,13,3
26090,20,1
26090,19,3
26090,15,2
26091,30,3
26091,12,3
26091,28,1
26092,32,2
26092,25,2
26092,33,2
26093,32,2
26094,35,1
26095,31,3
26095,5,2
26095,27,2
26095,34,3
26096,38,1
26096,15,3
26096,14,3
26096,9,2
26097,31,2
26097,30,3
26098,35,1
26098,31,3
26098,14,3
26099,0,1
26100,13,1
26101,2,2
26101,0,3
26101,27,2
26102,9,2
26103,13,3
26103,10,3
26103,24,1
26103,11,3
26104,34,3
26105,24,3
26105,37,1
26105,19,3
26106,12,3
26107,11,1
26108,7,1
26108,16,2
26108,18,3
26109,4,2
26109,18,3
26109,14,2
26109,6,2
26110,22,3
26110,34,3
26111,27,2
26111,23,2
26111,16,2
26111,13,2
26112,30,1
26112,7,2
26112,31,3
26113,26,2
26113,6,2
26113,15,2
26114,22,1
26114,19,3
26114,0,3
26115,8,1
26116,20,2
26116,16,1
26116,33,1
26117,15,2
26117,1,3
26118,38,2
26118,37,2
26118,2,3
26119,19,3
26120,27,2
26120,9,1
26121,13,3
26121,8,3
26122,16,2
26122,1,1
26122,29,3
26122,28,3
26123,17,1
26124,18,2
26124,26,1
26124,32,2
26124,17,3
26125,32,2
26125,14,1
26125,19,2
26125,33,1
26126,9,2
26126,16,3
26126,34,1
26127,36,1
26127,14,2
26128,5,2
26128,29,3
26129,3,3
26129,24,3
26129,21,2
26129,16,2
26130,32,1
26130,14,3
26130,35,1
26130,20,3
26131,23,2
26132,3,1
26132,0,2
26132,27,2
26133,22,2
26133,33,2
26133,32,1
26134,12,2
26134,15,2
26134,3,1
26135,17,1
26135,21,1
26135,35,3
26136,24,1
26136,18,1
26137,27,3
26138,31,1
26138,0,3
26138,10,2
26138,14,3
26139,23,3
26139,38,1
26140,29,2
26140,33,2
26140,22,2
26141,36,3
26141,12,2
26141,35,1
26141,29,1
26142,18,1
26142,8,1
26143,14,3
26143,38,3
26143,24,2
26144,3,1
26144,31,1
26144,17,2
26144,12,1
26145,30,3
26145,18,1
26146,34,3
26146,32,1
26146,25,2
26146,37,1
26147,17,3
26147,38,2
26148,18,3
26148,20,2
26148,35,3
26148,27,2
26149,4,3
26149,35,3
26149,19,3
26149,1,2
26150,13,2
26150,0,3
26150,3,1
26150,8,3
26151,33,1
26151,27,3
26151,6,2
26151,32,1
26152,31,3
26152,13,1
26152,9,1
26153,33,2
26154,5,1
26154,1,3
26154,14,1
26155,27,1
26156,2,3
26157,35,2
26157,18,1
26157,20,1
26157,22,2
26158,19,2
26158,9,1
26158,16,3
26158,6,1
26159,30,1
26159,6,3
26159,1,1
26159,17,2
26160,11,2
26160,37,3
26160,9,2
26160,14,2
26161,25,1
26161,34,1
26162,10,2
26162,25,1
26163,12,3
26163,17,3
26163,18,1
26163,7,3
26164,10,3
26165,31,1
26165,32,1
26165,13,1
26165,17,2
26166,2,2
26167,8,3
26167,12,3
26167,33,2
26167,13,1
26168,21,1
26168,3,3
26168,14,2
26169,13,2
26169,16,2
26169,36,3
26170,13,3
26170,36,1
26171,9,3
26171,2,1
26171,12,2
26172,28,2
26172,5,3
26173,18,1
26173,5,3
26173,26,1
26174,32,3
26175,7,1
26175,25,2
26175,8,1
26176,7,2
26176,38,3
26177,8,3
26177,7,2
26178,22,1
26178,0,1
26179,34,3
26180,14,3
26180,4,3
26181,31,1
26181,35,1
26181,5,2
26182,6,3
26183,32,2
26184,21,3
26184,12,2
26184,35,2
26184,33,2
26185,9,1
26185,19,1
26185,4,2
26185,11,3
26186,3,3
26186,28,1
26187,2,2
26187,30,1
26187,17,1
26187,15,3
26188,8,1
26189,21,2
26189,33,3
26189,31,2
26189,22,2
26190,15,3
26190,32,3
26191,3,3
26191,25,1
26192,0,2
26192,37,2
26193,8,3
26193,21,1
26193,5,1
26193,30,3
26194,27,2
26195,29,2
26195,26,1
26196,7,1
26196,28,2
26196,18,1
26197,31,1
26197,0,2
26198,35,1
26199,10,2
26200,19,3
26200,27,2
26201,18,3
26202,15,1
26203,21,2
26204,29,2
26205,35,2
26205,15,2
26206,20,1
26206,26,3
26206,4,2
26206,15,3
26207,21,3
26208,21,3
26208,33,3
26209,35,2
26209,5,2
26210,31,1
26211,8,3
26211,5,2
26211,19,3
26211,36,1
26212,30,3
26212,32,1
26212,10,3
26212,20,1
26213,30,2
26213,28,3
26213,26,2
26213,29,2
26214,6,2
26215,23,2
26215,6,1
26216,0,1
26217,4,2
26217,9,1
26217,6,2
26218,25,2
26218,11,2
26219,21,3
26219,36,3
26220,11,2
26221,32,1
26221,22,1
26221,25,1
26221,36,1
26222,18,2
26222,19,1
26222,36,3
26222,9,3
26223,25,3
26223,0,2
26223,9,3
26224,29,2
26224,26,3
26224,34,2
26224,14,2
26225,23,2
26225,29,2
26225,0,1
26225,37,1
26226,37,1
26226,3,2
26226,15,3
26227,25,1
26227,17,1
26227,31,1
26227,11,3
26228,5,2
26228,26,3
26229,28,1
26229,17,1
26229,22,2
26230,25,2
26230,23,1
26230,38,2
26230,9,3
26231,35,2
26232,19,2
26232,0,3
26233,30,3
26233,16,1
26234,22,1
26234,18,2
26234,14,2
26234,2,3
26235,22,2
26235,31,2
26235,9,2
26235,14,1
26236,3,3
26237,8,3
26238,19,3
26238,2,1
26239,11,1
26239,3,1
26239,26,2
26239,35,2
26240,34,2
26240,19,3
26241,26,1
26241,38,3
26241,0,1
26242,2,1
26243,19,2
26244,21,3
26244,4,3
26244,20,3
26245,13,1
26245,16,1
26245,3,3
26245,2,2
26246,11,3
26246,21,3
26246,37,1
26247,29,3
26247,35,2
26248,12,3
26248,30,2
26248,3,3
26249,32,3
26249,9,2
26250,31,3
26250,35,2
26250,30,1
26251,10,2
26251,6,1
26251,28,2
26251,23,3
26252,7,3
26252,38,1
26252,29,1
26252,32,1
26253,28,2
26253,10,3
26253,22,3
26254,0,3
26254,32,1
26255,6,1
26255,28,1
26255,0,2
26255,5,1
26256,36,1
26256,24,3
26257,19,3
26257,17,1
26258,23,1
26259,1,3
26259,28,2
26260,3,3
26260,7,1
26260,32,1
26260,23,2
26261,11,2
26261,30,1
26262,33,1
26262,0,2
26262,25,2
26263,7,2
26264,19,1
26265,38,3
26266,30,1
26267,34,2
26268,20,2
26268,22,1
26269,32,2
26269,0,3
26269,2,2
26269,4,3
26270,28,2
26270,22,1
26270,34,1
26270,23,2
26271,16,1
26271,15,3
26272,5,2
26272,8,3
26272,27,3
26272,1,3
26273,14,3
26273,11,2
26273,28,3
26273,26,2
26274,2,3
26274,18,1
26274,19,3
26274,8,3
26275,4,3
26275,20,2
26275,16,3
26275,24,3
26276,32,1
26277,9,1
26278,21,2
26278,13,3
26278,6,2
26278,29,1
26279,0,3
26279,18,3
26280,24,3
26280,4,2
26280,1,1
26281,9,3
26282,21,2
26282,15,3
26282,25,2
26282,20,3
26283,11,3
26284,12,3
26284,11,2
26284,14,3
26284,7,3
26285,24,2
26286,23,2
26286,26,1
26286,12,3
26287,1,3
26287,24,2
26288,38,2
26288,15,2
26288,13,2
26289,5,1
26289,10,1
26289,30,1
26290,29,1
26290,5,1
26291,10,2
26291,28,3
26291,29,3
26291,31,1
26292,22,2
26292,4,2
26292,1,1
26293,32,1
26293,8,2
26293,10,2
26293,23,3
26294,13,2
26294,18,3
26294,14,3
26295,26,2
26295,2,1
26296,8,3
26296,4,3
26296,19,3
26296,24,2
26297,5,3
26297,37,3
26297,23,3
26297,38,2
26298,31,1
26298,35,2
26298,18,1
26298,6,1
26299,14,2
26299,38,2
26299,15,1
26300,23,1
26300,21,2
26300,35,3
26300,33,2
26301,2,3
26302,6,2
26303,18,2
26303,10,1
26304,33,3
26304,38,3
26304,0,1
26305,20,1
26306,16,2
26306,3,2
26307,23,3
26307,11,3
26308,35,2
26308,25,2
26308,20,1
26309,36,2
26310,10,1
26310,18,2
26310,22,3
26310,24,2
26311,14,2
26311,2,1
26312,14,1
26313,21,2
26314,23,3
26314,10,3
26314,28,2
26314,32,3
26315,5,3
26315,30,3
26315,22,1
26316,21,2
26316,2,3
26316,3,2
26317,8,1
26317,0,1
26318,18,1
26318,36,2
26318,13,3
26318,30,2
26319,34,3
26319,1,1
26319,16,1
26320,36,3
26320,19,3
26320,10,3
26321,5,2
26322,7,2
26322,8,1
26323,37,2
26323,31,2
26323,36,2
26323,2,1
26324,10,1
26325,34,3
26325,27,2
26325,3,3
26325,10,1
26326,7,2
26326,27,3
26326,26,3
26327,38,3
26327,7,2
26327,17,2
26328,15,2
26328,34,3
26328,8,2
26329,10,1
26329,12,3
26329,16,3
26330,24,2
26330,22,3
26331,4,2
26332,12,2
26332,9,3
26333,24,2
26333,31,2
26333,26,3
26334,4,1
26335,27,2
26335,26,3
26335,13,1
26336,7,2
26336,37,1
26336,13,3
26336,9,1
26337,27,1
26337,28,3
26337,26,1
26338,6,2
26339,24,1
26340,5,2
26340,1,1
26340,7,1
26340,29,2
26341,34,1
26341,23,3
26342,0,2
26342,23,1
26342,13,1
26342,1,1
26343,5,2
26343,22,2
26344,31,2
26344,37,3
26344,28,3
26345,20,1
26345,23,3
26346,2,2
26346,27,3
26346,13,3
26347,35,1
26347,17,2
26347,13,3
26347,1,3
26348,7,2
26349,0,3
26349,30,3
26350,18,1
26351,24,3
26351,4,1
26351,19,3
26352,25,1
26353,4,3
26354,36,2
26355,0,1
26355,17,1
26355,25,3
26356,9,1
26356,20,3
26357,30,1
26357,9,1
26357,23,1
26357,22,1
26358,12,3
26358,28,1
26358,34,3
26358,38,2
26359,11,3
26360,23,1
26360,37,2
26360,10,3
26361,34,1
26362,17,3
26363,1,2
26363,33,3
26364,5,1
26365,35,1
26365,38,2
26365,9,2
26366,17,1
26366,38,2
26366,23,3
26366,34,3
26367,31,3
26367,11,3
26368,16,3
26369,21,3
26369,30,1
26370,38,3
26370,22,1
26370,21,2
26370,25,3
26371,22,2
26371,25,2
26372,35,2
26372,4,3
26372,24,2
26372,36,1
26373,1,2
26373,11,3
26373,26,1
26373,16,3
26374,8,3
26375,3,1
26375,11,2
26375,35,2
26375,34,1
26376,0,3
26376,36,2
26376,18,3
26376,26,2
26377,15,3
26378,34,2
26379,35,2
26379,5,3
26379,3,2
26379,7,1
26380,21,1
26380,17,1
26380,25,1
26380,28,3
26381,5,2
26382,30,3
26383,36,2
26383,10,2
26384,24,1
26384,37,1
26384,23,1
26384,10,2
26385,2,3
26386,7,2
26386,30,3
26386,23,2
26387,3,3
26387,36,3
26388,7,3
26389,28,1
26389,26,1
26389,29,1
26390,32,1
26390,22,1
26390,5,2
26391,17,2
26392,27,2
26392,19,1
26392,6,1
26393,9,1
26393,0,3
26394,29,2
26395,13,3
26395,28,3
26396,9,3
26396,13,1
26396,16,1
26396,7,3
26397,38,3
26398,27,2
26398,0,1
26398,38,2
26398,21,2
26399,29,2
26399,20,3
26399,11,1
26399,34,3
26400,28,3
26401,22,1
26401,26,2
26401,28,2
26402,21,1
26402,16,2
26403,13,2
26403,15,1
26403,28,2
26404,14,1
26404,34,1
26404,22,3
26404,32,3
26405,8,1
26406,0,2
26406,12,1
26407,8,3
26407,19,3
26407,14,1
26408,28,1
26409,25,1
26410,16,2
26410,32,2
26410,36,1
26411,0,1
26411,3,3
26411,9,2
26412,22,1
26412,16,3
26412,7,2
26413,35,3
26413,17,3
26413,20,3
26413,10,1
26414,11,1
26415,4,1
26415,17,1
26416,29,2
26416,32,3
26416,35,3
26417,18,2
26417,5,1
26417,20,1
26417,35,3
26418,30,2
26418,16,3
26418,29,1
26418,14,1
26419,18,1
26420,3,1
26420,36,1
26420,12,3
26420,1,3
26421,34,2
26422,31,2
26422,36,2
26422,4,2
26422,19,1
26423,17,2
26423,15,1
26423,33,2
26424,13,1
26424,3,1
26425,12,2
26425,13,1
26425,16,1
26425,30,3
26426,28,2
26426,37,3
26426,1,1
26427,37,3
26427,32,3
26427,7,1
26427,20,1
26428,24,3
26428,11,2
26429,15,3
26429,18,1
26429,16,2
26430,24,3
26430,18,3
26430,1,2
26431,16,2
26432,23,3
26432,21,1
26432,10,2
26432,8,2
26433,34,3
26433,16,1
26433,21,1
26433,29,3
26434,26,2
26434,21,3
26434,7,2
26434,0,1
26435,9,3
26435,36,3
26435,16,3
26435,1,3
26436,1,3
26436,2,2
26436,23,3
26437,29,2
26438,2,2
26438,0,2
26439,14,1
26439,17,2
26439,30,1
26439,33,1
26440,4,2
26440,34,2
26440,30,1
26441,34,2
26441,29,2
26441,27,3
26442,35,2
26442,0,2
26442,34,2
26443,0,1
26443,24,1
26443,17,1
26443,4,2
26444,14,2
26444,11,3
26444,31,1
26445,34,3
26446,19,2
26446,14,1
26446,0,2
26446,26,3
26447,14,3
26447,15,3
26447,13,1
26447,38,3
26448,5,1
26448,2,2
26449,29,1
26449,9,3
26450,15,3
26450,31,1
26450,24,2
26450,3,2
26451,23,2
26451,9,2
26452,18,1
26453,12,2
26453,4,3
26454,15,1
26454,23,2
26455,8,1
26455,37,1
26455,11,1
26455,16,3
26456,36,3
26456,23,1
26457,17,1
26457,3,1
26457,9,1
26457,19,3
26458,25,1
26458,24,3
26459,7,1
26459,24,3
26459,30,3
26460,7,1
26460,38,2
26461,22,2
26462,24,1
26462,32,2
26462,15,2
26462,4,1
26463,26,1
26463,7,1
26463,38,1
26463,23,2
26464,3,3
26464,34,3
26464,12,2
26464,18,3
26465,22,2
26466,10,3
26466,28,2
26466,17,2
26466,27,1
26467,0,2
26467,20,2
26467,26,3
26468,3,1
26468,17,2
26468,1,2
26468,32,2
26469,21,1
26469,15,3
26469,17,3
26469,28,3
26470,31,1
26470,6,1
26470,22,1
26471,36,2
26472,23,1
26472,24,1
26472,6,3
26473,8,3
26474,10,3
26475,21,1
26475,34,1
26475,28,3
26475,11,3
26476,29,2
26476,25,1
26476,16,2
26477,36,1
26477,38,3
26478,35,3
26479,7,3
26479,28,1
26479,38,1
26479,10,2
26480,31,2
26481,13,1
26481,5,1
26481,2,1
26482,30,1
26482,29,2
26483,28,3
26484,15,1
26484,7,1
26485,2,3
26485,28,2
26485,13,1
26486,4,1
26486,9,3
26486,24,3
26487,32,2
26488,9,1
26488,25,3
26488,26,1
26488,20,1
26489,33,2
26490,2,2
26491,36,1
26491,35,2
26492,17,1
26493,27,2
26493,13,3
26493,7,3
26493,1,3
26494,13,3
26494,33,3
26494,2,3
26494,6,3
26495,32,1
26495,27,1
26496,7,2
26497,38,2
26497,6,3
26497,23,3
26498,17,3
26499,13,3
26499,28,2
26499,2,3
26500,15,1
26501,24,1
26501,9,3
26501,3,3
26501,34,1
26502,12,2
26502,35,2
26502,34,3
26503,21,2
26503,4,2
26503,26,3
26504,27,2
26504,11,3
26504,0,1
26505,7,2
26505,9,1
26506,0,3
26507,37,1
26507,22,1
26507,36,3
26508,5,1
26508,28,2
26508,21,1
26508,14,1
26509,20,3
26509,8,2
26509,14,2
26509,37,2
26510,11,1
26510,14,2
26511,5,2
26512,26,2
26512,10,3
26512,2,2
26512,17,2
26513,11,1
26513,8,1
26513,12,1
26513,21,3
26514,28,2
26514,20,1
26515,8,2
26515,11,1
26515,9,3
26515,29,3
26516,0,3
26516,16,1
26517,4,2
26517,19,3
26517,25,2
26518,7,2
26519,12,1
26519,35,1
26519,24,1
26519,37,1
26520,24,1
26520,6,1
26520,19,3
26521,9,2
26521,17,2
26521,33,1
26522,14,1
26522,27,2
26522,22,3
26523,8,2
26523,6,1
26523,15,2
26523,4,1
26524,31,1
26525,37,1
26525,27,2
26526,21,1
26526,18,1
26526,27,2
26527,27,1
26528,11,2
26528,17,1
26528,5,1
26529,3,2
26529,29,3
26529,12,3
26530,3,1
26530,38,1
26531,20,3
26532,27,1
26533,13,2
26533,12,2
26533,38,3
26534,0,3
26535,38,1
26535,9,1
26536,25,3
26537,28,1
26537,34,2
26537,20,1
26538,27,1
26538,19,1
26538,37,3
26538,8,2
26539,0,2
26540,21,2
26540,32,1
26540,15,1
26541,2,1
26541,14,1
26542,2,2
26542,6,1
26543,33,3
26543,5,2
26543,32,1
26543,35,1
26544,12,2
26545,2,2
26545,1,3
26545,8,3
26545,5,2
26546,18,2
26547,36,2
26547,26,2
26547,24,1
26548,7,1
26548,34,1
26548,24,2
26548,36,1
26549,12,2
26550,3,3
26550,35,3
26550,20,2
26550,26,2
26551,25,1
26551,13,2
26552,8,1
26553,17,1
26553,35,1
26554,0,2
26554,5,1
26554,17,2
26554,1,3
26555,34,2
26555,0,3
26555,33,2
26556,9,3
26557,36,2
26557,4,2
26557,3,3
26558,26,3
26559,11,1
26559,31,1
26560,11,1
26560,2,3
26561,14,1
26562,35,3
26562,27,3
26563,38,2
26563,10,1
26563,9,1
26563,1,3
26564,9,3
26564,38,1
26564,33,2
26565,26,3
26565,10,1
26565,12,1
26565,36,3
26566,15,1
26566,30,1
26567,19,3
26567,38,3
26567,21,2
26568,2,3
26568,21,1
26568,1,2
26568,24,2
26569,14,1
26570,31,2
26571,35,3
26571,21,3
26571,7,1
26571,1,1
26572,28,1
26572,8,2
26572,9,1
26572,1,1
26573,32,2
26573,1,3
26573,21,2
26574,32,3
26574,33,1
26574,15,3
26574,9,1
26575,18,3
26575,29,3
26576,6,2
26576,7,2
26576,29,1
26577,23,2
26577,26,2
26577,7,2
26578,2,2
26578,37,3
26579,33,2
26579,4,1
26579,23,2
26579,1,3
26580,9,1
26580,28,2
26580,18,2
26580,7,2
26581,23,3
26581,11,3
26582,16,2
26582,38,2
26583,28,2
26583,3,2
26583,27,1
26583,21,3
26584,2,3
26584,4,3
26584,24,2
26584,16,2
26585,0,3
26585,25,3
26586,32,2
26586,5,2
26586,25,1
26587,25,1
26587,4,1
26587,14,3
26587,7,3
26588,3,1
26588,5,1
26588,18,1
26589,2,1
26589,38,3
26589,19,1
26590,30,2
26590,24,1
26590,2,1
26590,19,2
26591,29,1
26591,35,1
26592,15,3
26592,17,1
26592,9,1
26592,14,3
26593,23,3
26593,18,3
26593,34,2
26594,6,1
26594,22,3
26594,32,3
26594,36,2
26595,29,1
26595,16,3
26595,23,2
26596,12,1
26596,3,3
26596,10,1
26596,2,2
26597,15,3
26597,9,1
26597,18,2
26597,10,2
26598,33,2
26598,27,1
26598,34,2
26598,8,3
26599,20,2
26599,28,2
26599,22,1
26600,23,2
26600,8,1
26600,13,2
26601,16,1
26601,22,1
26601,28,2
26601,26,1
26602,18,3
26602,24,1
26602,9,3
26603,33,3
26604,35,2
26604,30,3
26604,16,1
26605,21,3
26606,30,3
26606,19,3
26607,25,1
26608,1,3
26608,12,1
26608,27,1
26608,37,1
26609,10,1
26609,30,3
26610,29,2
26611,24,2
26611,33,1
26611,31,2
26611,22,1
26612,34,1
26612,19,2
26613,14,1
26613,10,2
26613,13,1
26613,1,2
26614,36,1
26615,17,3
26615,7,2
26615,29,3
26616,5,2
26616,1,1
26616,27,3
26616,15,1
26617,25,1
26617,2,2
26618,20,3
26618,2,3
26619,35,2
26619,14,1
26620,21,1
26621,38,1
26622,32,3
26622,12,1
26623,12,2
26624,25,1
26625,0,1
26625,25,3
26625,34,1
26626,25,1
26626,12,1
26627,31,2
26627,17,1
26627,12,2
26628,16,2
26629,36,2
26629,14,3
26629,17,1
26629,11,1
26630,1,3
26630,30,2
26631,0,1
26632,15,1
26632,33,1
26632,6,3
26632,32,1
26633,15,3
26634,32,1
26634,30,1
26635,25,3
26635,36,1
26636,20,3
26636,21,1
26636,29,1
26637,3,2
26637,8,3
26637,9,1
26637,38,3
26638,38,1
26638,11,3
26639,28,3
26640,19,2
26641,9,2
26641,34,3
26641,10,2
26642,22,1
26642,10,3
26642,20,1
26643,23,2
26643,2,3
26644,4,2
26644,26,2
26644,30,3
26644,33,2
26645,18,3
26645,6,1
26645,14,1
26646,17,3
26646,38,3
26646,32,1
26647,15,2
26647,21,2
26648,20,3
26648,6,3
26648,22,3
26648,18,1
26649,14,3
26649,26,1
26650,14,2
26650,25,3
26650,35,2
26650,33,3
26651,13,1
26652,22,2
26652,27,1
26652,21,2
26652,3,3
26653,38,1
26653,17,1
26653,15,1
26654,33,1
26655,14,2
26656,23,1
26656,32,3
26657,32,3
26658,13,2
26658,8,2
26658,6,2
26658,9,3
26659,0,2
26659,35,1
26659,2,1
26659,34,3
26660,4,2
26660,32,3
26661,9,2
26661,16,1
26662,22,2
26662,4,1
26663,38,3
26664,12,1
26664,31,1
26664,16,1
26664,22,1
26665,22,3
26665,33,1
26665,35,1
26665,17,1
26666,32,2
26666,5,3
26667,20,1
26668,18,3
26669,17,3
26669,22,2
26670,8,1
26671,14,1
26671,37,1
26671,16,3
26672,3,2
26672,35,2
26672,18,2
26672,30,3
26673,13,3
26673,26,1
26673,5,1
26673,34,1
26674,9,1
26675,0,3
26675,8,3
26675,33,3
26675,5,2
26676,22,1
26676,21,3
26677,5,3
26677,20,2
26677,11,1
26678,7,1
26678,8,2
26678,4,1
26679,37,2
26679,13,2
26679,14,3
26679,15,1
26680,25,2
26680,35,1
26680,30,1
26681,1,3
26681,12,2
26682,22,1
26683,21,3
26683,27,2
26684,4,1
26684,23,2
26684,22,1
26684,2,3
26685,26,1
26685,34,3
26685,18,2
26685,19,3
26686,9,3
26686,37,3
26687,20,1
26687,10,1
26687,27,2
26688,26,1
26688,15,1
26688,4,1
26689,7,2
26689,16,2
26690,1,1
26691,29,1
26691,6,2
26691,28,1
26691,0,3
26692,13,3
26692,3,3
26692,10,2
26693,33,2
26693,38,1
26693,19,1
26693,20,1
26694,35,3
26695,0,1
26695,27,1
26695,34,2
26696,33,3
26696,0,2
26697,26,3
26697,34,2
26697,2,2
26698,8,2
26698,31,1
26698,0,3
26698,11,2
26699,26,3
26699,17,1
26700,25,3
26700,15,2
26700,31,1
26700,20,2
26701,31,3
26701,8,3
26701,13,3
26701,28,3
26702,29,2
26702,2,3
26702,23,3
26702,34,1
26703,10,1
26703,21,2
26703,1,3
26704,38,1
26704,7,3
26705,29,1
26705,19,2
26705,5,2
26705,31,1
26706,10,1
26706,28,2
26707,34,3
26707,14,1
26707,17,2
26708,0,1
26708,29,1
26708,5,3
26709,18,3
26709,17,2
26710,29,1
26710,7,2
26710,19,3
26710,33,2
26711,37,2
26712,35,3
26713,26,2
26713,9,2
26713,37,1
26713,33,3
26714,21,1
26714,19,3
26714,10,3
26714,23,1
26715,2,3
26715,27,3
26715,19,2
26715,3,3
26716,3,1
26716,33,2
26716,2,3
26716,17,2
26717,3,3
26717,6,3
26717,11,3
26718,14,1
26718,31,1
26718,13,1
26719,14,1
26719,2,2
26719,16,1
26719,30,1
26720,25,1
26720,23,1
26721,19,1
26721,3,2
26722,8,2
26722,7,3
26722,24,2
26723,7,3
26723,16,3
26723,30,1
26723,14,3
26724,1,3
26724,23,3
26725,17,2
26725,36,2
26726,19,3
26726,8,1
26726,30,3
26727,15,3
26727,8,1
26727,0,1
26728,2,1
26728,14,1
26728,20,1
26729,19,3
26729,29,1
26729,6,2
26730,1,2
26730,23,1
26731,30,2
26732,38,2
26733,13,2
26733,6,1
26734,16,1
26734,15,2
26734,13,3
26735,36,3
26735,17,2
26735,18,1
26735,12,1
26736,17,2
26737,26,2
26737,21,2
26737,8,3
26738,18,2
26738,30,2
26738,0,3
26739,32,3
26739,16,3
26739,35,3
26740,11,3
26740,12,3
26741,32,2
26741,15,2
26742,25,3
26742,3,3
26742,29,2
26742,30,1
26743,9,2
26743,22,3
26743,5,2
26743,26,2
26744,33,2
26745,35,3
26745,5,3
26745,27,3
26746,34,1
26746,9,2
26746,33,3
26747,21,2
26748,14,2
26748,38,2
26748,8,1
26748,15,1
26749,23,3
26749,1,2
26749,3,1
26750,10,1
26750,1,3
26751,11,3
26752,32,3
26753,12,1
26753,6,1
26753,10,2
26754,36,3
26754,18,2
26755,8,1
26756,35,2
26756,17,2
26756,7,2
26756,16,2
26757,25,1
26758,14,1
26759,30,2
26760,33,3
26760,9,3
26761,9,3
26761,12,1
26761,23,1
26762,28,3
26762,21,3
26762,12,1
26763,23,3
26763,3,1
26764,11,2
26764,19,3
26764,35,2
26765,38,2
26765,11,3
26765,35,2
26766,26,1
26766,12,3
26766,3,1
26767,3,1
26767,36,1
26768,34,3
26768,36,1
26769,0,2
26769,4,3
26769,23,3
26769,35,1
26770,15,2
26770,22,2
26770,37,1
26771,23,2
26772,23,1
26772,20,2
26772,33,1
26772,16,3
26773,31,1
26774,13,3
26774,6,3
26774,2,3
26775,29,1
26776,12,2
26776,31,1
26777,13,1
26777,33,1
26778,11,1
26778,23,1
26778,5,1
26779,15,3
26780,3,3
26780,6,1
26780,31,2
26780,24,2
26781,6,3
26781,21,3
26781,24,1
26782,35,2
26782,12,1
26782,29,2
26783,23,3
26783,37,3
26784,20,1
26784,1,2
26784,21,2
26785,12,3
26785,3,3
26786,36,3
26786,20,2
26786,0,1
26786,4,1
26787,37,3
26788,3,2
26788,9,3
26788,13,1
26788,27,3
26789,33,1
26789,3,1
26790,13,3
26790,25,3
26790,21,3
26791,30,3
26792,6,3
26793,38,3
26793,16,2
26793,11,2
26794,4,2
26794,32,2
26794,24,3
26794,5,3
26795,23,3
26795,29,3
26795,3,2
26795,22,2
26796,13,2
26796,21,3
26796,8,3
26797,24,3
26797,8,2
26797,35,3
26798,18,3
26798,1,2
26798,33,2
26799,33,2
26800,37,1
26800,5,1
26800,24,1
26801,19,1
26801,23,1
26802,13,3
26802,19,1
26802,1,1
26803,36,3
26803,27,2
26804,16,1
26804,24,2
26804,10,1
26805,31,3
26805,19,1
26806,15,2
26806,12,3
26806,11,3
26806,28,1
26807,13,1
26807,23,2
26807,14,2
26807,12,3
26808,28,3
26808,32,3
26809,38,2
26809,15,3
26809,24,2
26810,19,1
26810,15,2
26810,3,1
26810,17,1
26811,30,1
26811,27,3
26811,28,2
26812,19,1
26812,37,2
26812,6,3
26812,13,3
26813,19,2
26813,5,2
26813,25,3
26813,23,1
26814,37,3
26815,36,3
26815,30,1
26815,28,3
26816,10,1
26817,1,1
26817,31,2
26818,35,1
26818,17,2
26818,30,3
26819,25,2
26819,34,3
26820,5,1
26821,10,3
26821,4,2
26821,26,3
26821,15,1
26822,38,1
26822,36,3
26822,17,2
26823,12,1
26823,33,1
26823,20,1
26823,24,2
26824,8,3
26824,31,2
26824,12,1
26825,34,3
26825,19,1
26826,6,3
26827,10,2
26827,13,2
26827,32,1
26828,23,2
26828,31,3
26828,0,1
26828,5,3
26829,5,1
26829,6,1
26830,16,3
26830,34,2
26831,10,3
26832,28,3
26832,31,2
26832,38,2
26832,10,1
26833,35,1
26833,15,1
26834,35,2
26834,33,2
26834,20,1
26835,35,3
26836,37,2
26836,36,3
26836,17,2
26837,19,1
26837,21,1
26838,32,2
26839,21,3
26839,26,3
26840,31,2
26841,35,3
26841,24,2
26841,0,3
26841,9,1
26842,37,3
26842,20,2
26843,30,1
26844,4,2
26844,35,1
26844,29,1
26845,16,1
26845,26,3
26845,2,2
26846,38,1
26846,33,3
26846,4,2
26847,8,1
26848,24,3
26848,37,3
26848,34,2
26848,12,3
26849,9,3
26850,12,2
26851,10,1
26851,14,2
26852,28,1
26853,31,3
26854,28,2
26855,15,2
26855,35,2
26855,38,3
26855,17,3
26856,35,1
26856,4,3
26857,14,1
26857,16,3
26857,12,3
26858,4,2
26858,5,1
26858,15,1
26859,35,3
26860,25,1
26861,7,2
26861,3,3
26861,27,2
26862,22,3
26863,8,2
26864,18,1
26864,23,1
26864,35,2
26865,3,1
26865,15,2
26865,13,1
26865,16,1
26866,30,1
26866,33,3
26866,19,3
26866,20,1
26867,17,2
26867,24,3
26867,38,1
26867,34,1
26868,29,2
26868,23,2
26869,18,1
26869,22,1
26869,24,1
26869,15,3
26870,24,1
26870,27,3
26871,25,2
26871,35,1
26872,37,3
26872,12,1
26873,9,1
26873,4,2
26873,28,2
26874,32,1
26874,27,3
26875,5,2
26876,18,2
26876,32,3
26877,3,3
26877,9,3
26877,25,1
26877,2,3
26878,1,3
26879,19,2
26879,14,2
26879,11,2
26880,38,3
26880,23,2
26881,31,3
26882,10,3
26882,6,1
26882,5,3
26882,15,1
26883,17,1
26884,7,1
26884,36,3
26885,5,1
26886,10,2
26887,22,1
26887,7,3
26887,0,2
26888,33,3
26889,23,1
26889,11,3
26890,10,3
26890,0,1
26890,24,3
26890,27,2
26891,14,2
26892,27,3
26893,27,2
26893,20,3
26893,10,2
26893,28,1
26894,16,2
26894,26,3
26894,12,3
26895,32,3
26895,37,2
26895,28,2
26895,29,3
26896,21,3
26896,1,3
26896,4,3
26897,9,1
26897,23,2
26897,4,3
26898,36,3
26899,0,2
26899,24,1
26900,24,1
26900,13,2
26901,25,2
26902,6,3
26902,8,1
26903,0,2
26903,1,3
26903,9,2
26903,24,2
26904,31,1
26905,4,1
26905,28,3
26906,37,2
26907,16,3
26907,14,1
26907,33,2
26907,38,3
26908,23,1
26908,25,1
26908,22,3
26909,16,1
26909,20,3
26909,25,2
26909,7,3
26910,10,2
26910,20,3
26911,5,3
26912,35,3
26912,36,3
26913,35,2
26913,1,1
26914,19,1
26914,32,2
26914,17,3
26914,28,2
26915,10,1
26916,26,3
26917,31,1
26917,35,3
26918,0,3
26919,9,1
26919,15,3
26920,10,2
26920,6,1
26920,33,2
26920,13,3
26921,25,2
26921,30,1
26922,34,1
26922,33,1
26922,17,3
26922,28,1
26923,13,1
26923,8,1
26923,34,3
26923,26,3
26924,32,3
26925,9,2
26925,12,2
26926,38,1
26926,28,3
26927,9,2
26927,37,2
26927,7,2
26928,18,2
26929,27,2
26929,4,3
26930,34,2
26931,27,1
26931,23,2
26932,25,1
26932,34,2
26932,21,3
26932,20,1
26933,37,2
26933,5,2
26933,8,3
26933,28,1
26934,21,2
26934,4,3
26935,21,3
26936,2,2
26936,27,3
26936,15,1
26937,6,2
26938,3,1
26938,34,2
26938,0,2
26939,32,3
26939,33,2
26939,3,3
26939,25,3
26940,4,2
26940,20,2
26940,7,2
26941,25,3
26942,28,1
26942,27,2
26942,33,1
26942,32,3
26943,26,2
26943,8,2
26943,5,3
26943,24,2
26944,12,2
26944,21,3
26944,24,3
26944,19,1
26945,4,2
26945,23,1
26945,27,2
26946,9,1
26946,15,2
26946,16,1
26946,6,3
26947,31,1
26947,19,3
26947,25,1
26948,6,3
26948,24,1
26949,35,2
26949,6,2
26949,5,1
26950,33,3
26950,7,2
26951,8,2
26951,19,3
26951,24,1
26951,20,1
26952,27,3
26953,14,1
26954,23,3
26954,1,3
26954,7,1
26955,2,3
26955,26,2
26956,9,2
26956,14,1
26956,17,2
26957,12,1
26958,23,3
26958,10,1
26958,26,1
26958,16,3
26959,0,3
26959,2,2
26960,23,1
26960,35,1
26960,11,1
26961,25,1
26961,10,3
26961,34,1
26961,19,3
26962,5,3
26963,30,2
26963,7,1
26963,20,3
26963,3,2
26964,26,2
26964,32,1
26964,27,3
26965,10,3
26965,8,3
26965,25,1
26966,38,2
26966,0,1
26966,14,2
26967,25,3
26967,28,3
26967,17,1
26968,17,3
26968,1,3
26969,19,1
26969,5,3
26970,17,2
26971,16,3
26972,20,2
26972,14,1
26972,22,2
26973,22,3
26974,10,3
26974,17,1
26975,14,3
26976,22,2
26977,30,1
26977,11,2
26978,34,1
26978,20,3
26978,24,1
26978,26,3
26979,12,3
26979,30,2
26980,9,1
26980,31,1
26981,35,2
26982,13,2
26982,37,1
26982,33,1
26982,34,1
26983,36,2
26983,10,1
26983,21,1
26983,14,2
26984,28,2
26984,30,1
26984,0,3
26985,17,1
26985,7,1
26985,4,1
26985,38,1
26986,11,1
26986,34,2
26987,3,3
26988,12,2
26988,18,3
26988,0,2
26989,20,3
26989,33,3
26989,26,2
26990,2,3
26991,33,3
26992,12,1
26993,31,3
26993,27,3
26993,23,1
26994,28,1
26994,34,2
26994,13,3
26995,27,2
26995,29,1
26995,31,3
26995,32,2
26996,29,2
26996,33,1
26997,17,3
26997,5,1
26997,20,3
26998,12,3
26998,31,3
26998,0,3
26998,28,3
26999,38,3
26999,30,1
26999,18,3
27000,21,1
27000,35,1
27001,3,3
27002,4,3
27002,24,2
27002,10,1
27003,26,2
27003,21,3
27003,38,2
27004,33,3
27004,25,2
27005,35,1
27005,21,3
27006,3,2
27006,13,2
27007,23,1
27007,28,2
27008,0,1
27008,10,3
27009,7,1
27009,5,2
27010,33,2
27010,0,1
27010,27,2
27011,25,3
27011,12,1
27011,23,1
27012,35,3
27012,16,2
27012,22,3
27013,19,1
27014,29,2
27014,11,3
27014,15,1
27014,18,3
27015,18,1
27015,6,3
27016,29,2
27016,23,2
27016,27,1
27016,16,3
27017,31,3
27017,24,3
27017,26,2
27018,17,1
27018,2,1
27018,30,2
27018,18,3
27019,1,1
27019,32,3
27019,5,3
27019,34,2
27020,4,3
27020,23,3
27021,27,1
27022,19,1
27023,28,3
27023,0,2
27023,21,2
27023,26,2
27024,2,3
27024,38,1
27025,4,3
27025,33,2
27025,22,2
27026,31,1
27027,20,3
27027,11,2
27027,0,3
27028,10,3
27028,23,3
27028,25,2
27029,26,1
27029,18,1
27029,6,3
27030,0,3
27031,9,1
27031,22,3
27032,23,1
27032,10,1
27032,9,3
27033,23,3
27033,29,2
27033,26,3
27033,28,1
27034,33,3
27034,2,3
27034,27,1
27034,23,1
27035,30,2
27036,6,1
27036,10,1
27036,35,1
27037,1,3
27038,26,2
27039,35,2
27040,31,3
27040,27,2
27040,1,1
27040,36,3
27041,17,1
27041,29,2
27041,10,1
27041,24,2
27042,3,1
27043,1,3
27044,16,1
27044,20,3
27044,30,1
27044,9,3
27045,9,2
27045,4,2
27045,28,1
27045,37,2
27046,22,2
27047,24,3
27047,19,2
27047,6,1
27047,7,3
27048,21,2
27049,33,2
27049,31,3
27050,7,1
27050,21,2
27051,29,2
27051,11,1
27051,15,1
27051,19,2
27052,24,2
27052,38,1
27053,2,2
27053,30,3
27054,28,3
27054,10,1
27054,1,3
27054,36,1
27055,30,1
27055,2,3
27055,19,1
27055,13,1
27056,31,2
27057,20,3
27058,7,2
27058,9,1
27058,20,3
27059,28,3
27059,13,2
27059,17,2
27060,14,1
27060,13,1
27061,0,3
27061,6,2
27062,15,2
27063,26,2
27063,24,3
27063,0,3
27064,21,1
27064,18,3
27064,2,3
27065,22,3
27065,12,1
27065,27,1
27066,38,2
27066,10,2
27066,35,3
27066,21,3
27067,26,2
27067,28,3
27067,29,1
27067,20,3
27068,33,3
27068,0,2
27069,26,2
27070,14,3
27070,37,3
27071,21,3
27072,9,1
27072,36,1
27072,34,3
27073,30,3
27073,0,2
27074,31,3
27074,13,1
27074,3,3
27074,17,2
27075,38,2
27075,31,3
27076,13,2
27076,7,1
27077,23,2
27077,2,1
27077,11,3
27078,34,2
27078,13,3
27078,21,3
27078,6,2
27079,3,2
27079,37,2
27079,12,3
27080,2,2
27080,4,1
27080,11,3
27080,30,1
27081,20,1
27081,14,1
27082,16,2
27083,15,2
27083,22,3
27084,29,2
27084,36,3
27085,4,3
27085,38,3
27085,3,3
27085,10,2
27086,38,1
27086,14,2
27086,29,2
27086,31,3
27087,19,2
27087,37,3
27088,9,2
27088,6,3
27088,16,3
27088,36,2
27089,27,2
27089,10,2
27089,14,2
27089,31,3
27090,37,3
27090,4,1
27090,11,1
27090,3,2
27091,12,1
27091,15,2
27091,7,2
27092,36,3
27092,13,3
27093,35,3
27093,12,2
27093,5,2
27093,1,2
27094,25,1
27094,22,3
27094,28,2
27094,29,3
27095,26,1
27095,12,2
27096,15,1
27096,7,3
27096,34,3
27097,22,1
27098,24,2
27099,29,2
27100,16,2
27100,3,3
27100,0,2
27101,21,3
27101,23,1
27102,35,2
27102,29,2
27102,7,3
27103,16,3
27103,30,2
27103,5,2
27104,0,3
27104,32,1
27105,5,1
27105,3,2
27105,37,2
27105,15,2
27106,27,1
27106,37,1
27106,29,3
27107,5,2
27107,6,3
27107,12,1
27107,26,2
27108,11,3
27108,31,3
27109,37,3
27110,25,3
27111,18,2
27111,6,2
27112,1,3
27112,34,3
27112,32,1
27113,24,2
27113,31,3
27114,0,2
27114,1,1
27115,24,3
27115,29,1
27116,21,1
27116,22,3
27117,13,3
27118,2,3
27119,21,3
27119,12,1
27119,19,3
27119,36,1
27120,30,1
27121,32,3
27121,6,1
27121,19,1
27122,28,3
27122,21,1
27122,4,1
27122,18,2
27123,5,1
27123,12,1
27123,32,3
27123,16,3
27124,16,2
27125,28,1
27125,7,2
27125,26,1
27126,16,2
27126,34,2
27127,11,1
27127,35,3
27128,15,1
27128,23,3
27128,4,1
27129,28,1
27129,30,2
27129,24,2
27129,13,1
27130,18,3
27130,0,1
27131,10,2
27132,31,1
27132,1,2
27132,35,2
27132,34,1
27133,19,2
27133,23,3
27134,27,1
27134,22,3
27135,8,3
27136,14,2
27136,38,3
27137,16,3
27137,21,2
27138,33,1
27138,15,2
27138,5,2
27139,16,2
27139,26,1
27139,15,1
27140,7,2
27141,31,2
27141,27,2
27141,24,3
27141,2,2
27142,13,3
27142,23,2
27142,0,3
27142,33,3
27143,13,1
27143,6,1
27144,3,3
27144,14,2
27145,26,2
27146,25,3
27146,18,3
27147,12,1
27148,7,2
27148,14,2
27148,5,2
27148,19,2
27149,2,2
27149,4,1
27149,33,1
27150,11,2
27150,17,2
27150,13,2
27151,15,2
27151,17,2
27152,29,3
27152,35,1
27152,11,1
27152,24,1
27153,23,1
27154,25,2
27154,21,1
27154,31,3
27154,1,3
27155,25,2
27155,8,2
27155,26,2
27155,15,2
27156,31,1
27156,27,2
27156,25,2
27156,32,3
27157,21,2
27158,25,1
27158,29,2
27158,3,3
27158,37,2
27159,7,1
27159,18,3
27159,27,2
27159,15,3
27160,2,3
27160,20,3
27160,19,3
27161,25,1
27161,4,1
27162,0,1
27162,26,1
27162,8,3
27163,37,1
27163,34,1
27163,30,3
27164,14,3
27164,25,2
27164,3,2
27164,4,3
27165,13,1
27165,18,3
27166,18,3
27166,11,1
27167,17,1
27167,14,2
27167,16,1
27167,15,1
27168,19,1
27169,24,2
27169,26,1
27169,25,2
27170,21,3
27170,11,3
27171,13,2
27171,27,3
27171,15,1
27172,5,2
27172,28,1
27172,30,2
27172,23,2
27173,29,3
27174,22,1
27174,4,3
27175,4,1
27176,15,3
27176,27,1
27176,23,3
27177,11,1
27177,9,3
27177,15,1
27178,7,2
27178,9,3
27178,18,2
27178,22,2
27179,20,1
27179,6,1
27180,10,1
27181,18,2
27181,32,3
27182,0,2
27182,6,3
27183,27,3
27183,24,1
27183,1,3
27183,5,3
27184,26,3
27184,7,1
27185,9,1
27185,18,3
27185,8,3
27185,7,3
27186,4,2
27186,32,2
27186,8,1
27187,15,1
27188,5,1
27189,8,2
27189,6,1
27189,0,3
27189,30,2
27190,24,2
27190,29,2
27190,25,3
27191,18,1
27192,31,2
27192,10,1
27193,10,3
27193,25,3
27193,7,1
27193,24,2
27194,36,3
27194,3,2
27195,13,1
27195,30,2
27196,16,3
27197,15,2
27198,27,1
27199,33,3
27200,30,3
27201,23,1
27202,33,3
27203,29,1
27204,33,2
27205,34,3
27205,16,1
27205,3,3
27205,10,2
27206,6,3
27206,31,3
27207,3,1
27208,34,2
27208,38,3
27208,16,2
27209,22,1
27209,2,3
27210,3,3
27211,8,3
27211,17,1
27211,1,1
27211,31,1
27212,9,1
27212,24,1
27213,37,3
27213,18,1
27213,23,1
27214,8,2
27214,16,3
27214,15,1
27214,12,1
27215,12,3
27215,16,3
27216,25,1
27216,31,3
27216,37,3
27216,30,3
27217,13,2
27218,31,1
27218,9,2
27218,0,1
27218,11,3
27219,2,2
27220,33,1
27221,2,2
27221,11,3
27222,31,2
27223,38,1
27223,9,3
27223,19,3
27224,23,2
27224,9,3
27225,12,1
27225,26,3
27225,20,2
27225,14,1
27226,14,1
27226,3,1
27226,5,2
27226,23,2
27227,26,2
27227,12,2
27228,13,2
27228,30,2
27229,36,3
27229,10,2
27230,28,3
27230,16,2
27230,4,1
27231,5,3
27231,12,1
27232,35,2
27232,28,3
27232,26,2
27233,6,3
27233,12,2
27234,19,1
27235,32,3
27235,25,3
27235,37,3
27235,14,3
27236,31,1
27236,27,1
27236,16,3
27236,21,1
27237,28,1
27237,20,3
27237,19,3
27237,36,1
27238,24,2
27238,36,3
27238,6,3
27238,11,1
27239,4,2
27239,38,2
27239,6,3
27240,27,1
27241,10,2
27241,9,1
27241,11,3
27241,33,3
27242,3,2
27242,20,2
27242,7,3
27243,32,3
27243,36,2
27244,34,2
27244,23,2
27245,15,2
27245,22,3
27245,27,1
27245,7,2
27246,24,1
27246,17,3
27247,28,1
27247,38,1
27247,25,2
27248,19,2
27249,28,2
27249,11,3
27249,32,1
27249,18,2
27250,25,2
27250,37,1
27250,21,2
27250,8,2
27251,7,3
27251,37,1
27251,2,3
27252,38,3
27252,4,1
27253,1,3
27254,35,1
27255,26,3
27255,32,3
27255,1,3
27255,30,2
27256,20,2
27256,33,3
27256,14,2
27256,5,2
27257,18,3
27257,35,1
27258,14,2
27258,27,2
27258,21,2
27258,10,3
27259,35,2
27260,10,3
27260,4,1
27260,12,1
27260,9,2
27261,16,1
27261,20,1
27261,23,3
27261,36,3
27262,23,2
27262,33,1
27262,5,2
27262,11,1
27263,30,1
27263,8,2
27263,32,3
27264,29,1
27264,30,2
27264,25,1
27265,18,1
27265,13,1
27266,22,2
27266,19,2
27267,29,1
27268,29,3
27268,24,1
27268,26,2
27268,17,3
27269,1,2
27269,15,1
27270,16,2
27270,7,2
27270,14,3
27271,16,1
27271,15,2
27272,12,3
27272,16,2
27272,11,3
27273,19,2
27274,2,3
27274,33,3
27275,3,1
27276,31,3
27276,29,1
27277,31,1
27277,28,1
27278,13,1
27279,27,1
27279,6,3
27279,17,1
27280,9,1
27280,21,3
27281,15,3
27281,36,1
27281,2,2
27282,31,3
27283,29,2
27283,0,3
27283,19,2
27284,16,2
27284,22,1
27285,7,1
27285,13,2
27285,27,1
27285,11,3
27286,10,2
27287,25,1
27287,30,1
27287,5,2
27288,8,3
27288,11,2
27289,6,3
27289,13,2
27289,7,3
27289,32,3
27290,9,1
27290,32,2
27290,38,1
27291,7,1
27291,34,3
27291,25,1
27292,0,2
27292,9,1
27292,5,1
27292,3,1
27293,25,1
27294,1,3
27294,14,3
27294,28,3
27295,28,2
27295,16,2
27295,35,3
27296,31,2
27297,35,3
27297,19,3
27297,37,2
27297,27,3
27298,18,2
27298,37,3
27298,12,2
27299,22,1
27299,31,3
27300,36,1
27300,34,2
27300,4,2
27301,30,1
27301,27,2
27301,8,1
27302,12,1
27302,1,1
27303,13,1
27303,2,1
27303,3,2
27304,8,3
27304,30,3
27305,29,1
27305,9,3
27306,32,3
27306,1,2
27307,14,3
27307,37,3
27307,17,1
27308,2,1
27308,4,1
27309,18,2
27310,21,3
27310,32,2
27310,13,2
27311,7,1
27311,17,1
27311,14,3
27311,26,1
27312,10,3
27312,31,1
27313,38,1
27313,13,2
27313,11,2
27314,1,2
27314,28,2
27314,37,1
27315,13,2
27316,11,2
27316,29,1
27317,18,1
27317,29,1
27317,20,3
27318,14,1
27318,6,2
27319,20,2
27319,6,1
27319,15,3
27319,30,3
27320,19,2
27321,2,2
27322,28,3
27322,15,1
27322,4,1
27323,13,3
27323,10,2
27324,23,3
27324,36,1
27325,17,2
27325,11,1
27325,27,3
27326,19,3
27327,13,2
27327,10,3
27327,26,3
27328,5,3
27328,4,1
27328,35,2
27329,36,2
27329,10,2
27329,37,3
27330,11,3
27330,18,2
27331,6,3
27331,28,1
27332,27,3
27333,8,2
27334,30,2
27334,31,3
27335,26,2
27336,12,1
27337,33,1
27338,8,3
27339,3,1
27339,24,1
27339,15,2
27340,0,2
27341,21,1
27342,16,1
27342,6,1
27342,31,2
27342,10,1
27343,11,3
27343,32,2
27343,30,3
27343,9,1
27344,0,2
27344,38,2
27345,14,2
27345,37,2
27345,29,3
27345,35,2
27346,29,1
27346,7,1
27346,0,3
27347,13,1
27347,37,2
27347,33,1
27348,30,1
27348,29,2
27349,8,2
27349,13,3
27350,11,2
27350,34,3
27350,37,3
27350,13,2
27351,35,1
27351,24,2
27351,34,1
27352,18,2
27353,9,2
27353,5,2
27353,11,1
27353,27,3
27354,25,3
27354,18,3
27355,26,3
27355,16,2
27356,0,1
27356,24,1
27356,37,3
27356,5,3
27357,29,1
27357,18,3
27357,35,1
27357,24,2
27358,16,1
27358,13,2
27358,28,2
27359,7,2
27360,28,2
27360,11,1
27360,24,1
27361,3,2
27361,32,3
27361,37,1
27361,26,3
27362,23,2
27362,37,2
27362,2,2
27363,37,1
27364,32,1
27364,11,3
27364,26,2
27364,37,1
27365,17,1
27365,24,2
27366,6,1
27366,34,3
27366,32,2
27366,13,1
27367,34,3
27367,26,2
27367,30,1
27368,26,3
27368,3,2
27369,12,3
27369,24,1
27369,8,1
27369,35,3
27370,17,3
27371,30,1
27371,10,1
27371,12,3
27372,9,2
27372,20,3
27372,0,1
27373,18,1
27373,0,1
27373,31,2
27373,33,3
27374,22,1
27374,3,1
27374,13,2
27374,27,1
27375,5,3
27375,0,3
27375,21,1
27376,11,3
27376,3,2
27377,31,3
27377,34,1
27377,28,2
27378,12,2
27378,21,2
27379,19,2
27379,34,3
27379,26,1
27380,17,1
27381,2,1
27381,10,1
27382,13,3
27382,28,3
27382,1,2
27383,26,1
27384,18,1
27384,38,1
27384,17,1
27385,23,1
27386,25,1
27386,38,2
27386,28,2
27387,11,3
27387,13,2
27388,35,2
27388,36,3
27388,38,3
27388,0,2
27389,8,3
27390,5,1
27390,4,3
27390,13,2
27390,25,2
27391,17,3
27391,29,1
27392,13,3
27392,0,3
27393,24,2
27393,11,2
27393,9,1
27394,3,1
27394,24,3
27394,27,3
27395,16,1
27396,17,2
27396,36,3
27397,4,1
27397,36,2
27397,13,3
27397,11,2
27398,14,2
27399,7,1
27399,8,3
27399,33,1
27400,6,3
27400,33,1
27400,15,1
27401,13,2
27402,18,3
27402,30,3
27402,25,3
27403,4,1
27403,11,2
27403,21,1
27404,3,1
27404,4,2
27404,38,2
27404,29,3
27405,34,2
27405,14,1
27406,31,2
27406,7,3
27406,8,3
27406,21,2
27407,5,2
27407,14,2
27407,6,2
27408,29,3
27409,24,1
27409,25,1
27409,14,1
27409,0,3
27410,17,3
27411,33,1
27411,14,3
27411,27,3
27411,23,3
27412,8,1
27412,1,1
27412,29,1
27412,3,3
27413,6,2
27414,34,2
27415,33,2
27416,30,3
27416,20,1
27416,29,2
27417,12,1
27417,35,1
27417,3,3
27417,17,2
27418,38,1
27418,32,3
27418,29,1
27418,25,3
27419,27,3
27420,33,1
27420,10,1
27420,4,2
27420,32,1
27421,15,1
27421,23,3
27421,14,3
27422,12,2
27423,4,3
27423,27,3
27423,36,2
27423,6,2
27424,37,1
27424,13,2
27424,7,2
27424,33,2
27425,5,2
27425,7,1
27426,15,2
27426,23,1
27426,21,3
27426,16,1
27427,24,1
27427,10,1
27428,16,1
27429,34,2
27429,0,3
27430,15,1
27430,32,1
27430,35,1
27431,29,3
27431,9,3
27432,21,1
27433,28,1
27433,35,1
27433,37,3
27434,36,1
27434,13,2
27434,3,3
27434,5,2
27435,12,2
27435,19,3
27435,32,3
27436,1,1
27436,32,3
27436,20,3
27436,30,3
27437,34,1
27437,12,1
27438,4,3
27438,20,3
27438,5,2
27438,17,2
27439,36,1
27439,2,1
27440,0,3
27440,31,2
27441,15,1
27441,11,2
27442,8,3
27442,26,1
27442,17,2
27442,37,1
27443,26,3
27443,20,3
27444,4,3
27444,25,3
27444,14,3
27445,34,2
27445,3,2
27445,8,1
27445,26,2
27446,11,2
27446,15,3
27446,38,2
27446,37,2
27447,6,2
27447,10,3
27447,5,3
27447,21,1
27448,0,1
27448,18,3
27448,33,2
27449,16,1
27449,20,1
27449,8,2
27449,14,1
27450,20,2
27450,29,3
27450,25,2
27451,15,1
27451,24,2
27451,6,1
27452,4,3
27452,14,3
27452,36,3
27453,34,1
27453,23,2
27453,12,3
27454,25,1
27454,15,3
27454,19,2
27455,23,3
27455,33,3
27456,22,1
27456,4,3
27457,33,1
27457,11,3
27457,30,3
27458,29,2
27458,36,1
27458,35,1
27459,10,1
27460,0,2
27460,38,1
27460,24,2
27461,16,3
27461,0,1
27461,18,2
27462,10,2
27462,20,2
27463,30,3
27463,6,1
27464,21,3
27464,16,3
27465,4,2
27466,12,1
27466,30,3
27466,35,3
27467,1,1
27467,16,3
27467,32,3
27468,0,3
27469,13,2
27469,4,2
27470,13,2
27470,36,3
27471,28,1
27471,21,3
27471,19,2
27472,6,1
27473,34,2
27474,4,2
27475,8,1
27475,14,1
27475,27,2
27475,1,1
27476,10,2
27477,8,3
27477,22,1
27477,5,2
27477,20,3
27478,17,3
27478,8,3
27478,28,2
27478,16,3
27479,2,1
27480,24,3
27480,5,2
27480,19,1
27481,21,2
27481,22,3
27481,34,1
27482,5,1
27482,30,3
27483,34,2
27483,23,3
27483,30,3
27483,17,1
27484,0,1
27484,9,3
27484,23,1
27485,18,1
27485,20,3
27486,26,1
27486,32,3
27486,13,3
27487,26,1
27487,16,3
27487,24,2
27488,17,2
27489,21,3
27489,29,1
27490,19,3
27490,3,3
27490,37,2
27490,38,1
27491,33,3
27492,12,3
27492,6,1
27493,8,2
27493,13,3
27493,2,2
27494,8,3
27494,24,3
27494,16,3
27495,4,2
27495,36,1
27496,30,1
27497,36,3
27498,27,3
27499,12,2
27500,34,1
27500,0,1
27500,19,2
27501,4,1
27501,38,1
27501,2,1
27501,9,1
27502,26,1
27502,9,2
27503,5,3
27504,13,1
27504,34,1
27504,22,3
27504,19,3
27505,8,3
27506,2,1
27507,30,3
27507,22,1
27508,38,3
27508,36,2
27508,19,1
27508,34,2
27509,36,3
27509,24,3
27509,28,1
27509,31,2
27510,0,1
27510,13,2
27510,26,1
27510,38,2
27511,1,1
27511,17,1
27511,13,3
27512,11,2
27512,6,1
27512,10,2
27513,36,2
27513,20,3
27514,0,2
27514,24,2
27514,19,1
27515,30,3
27515,31,2
27515,18,3
27515,13,1
27516,1,3
27516,4,2
27516,35,1
27517,20,2
27517,38,3
27518,15,2
27518,26,3
27518,4,2
27518,20,2
27519,24,1
27519,34,1
27519,36,3
27519,6,2
27520,4,3
27520,5,2
27521,8,2
27521,35,1
27521,24,2
27522,3,2
27522,4,1
27522,34,1
27523,15,3
27523,10,3
27523,25,2
27524,21,3
27524,16,3
27524,19,3
27525,26,1
27525,30,2
27526,4,1
27527,5,1
27527,31,3
27527,3,3
27527,1,1
27528,16,3
27528,17,1
27528,23,1
27528,30,2
27529,26,3
27529,30,3
27530,14,1
27530,31,3
27530,2,1
27530,19,1
27531,14,3
27532,19,3
27533,16,2
27533,15,2
27533,34,2
27533,37,3
27534,6,3
27535,1,2
27535,20,1
27535,32,1
27536,26,1
27536,12,3
27536,27,3
27536,33,2
27537,7,3
27537,27,1
27537,29,2
27538,7,1
27538,8,2
27539,11,1
27539,2,3
27539,12,3
27539,37,3
27540,38,3
27541,30,3
27541,18,1
27542,7,3
27543,7,3
27543,28,3
27543,18,3
27543,26,1
27544,32,1
27544,18,3
27544,26,3
27545,14,2
27546,32,2
27547,15,1
27547,5,1
27547,4,1
27548,35,2
27548,17,1
27548,9,2
27549,25,3
27549,16,1
27550,35,2
27550,7,1
27550,20,2
27550,25,2
27551,9,3
27551,30,1
27551,31,2
27552,15,2
27553,8,2
27553,36,3
27553,34,2
27554,30,2
27554,3,2
27554,4,2
27554,37,2
27555,34,3
27555,27,1
27555,28,3
27555,31,3
27556,10,2
27557,20,2
27557,25,2
27558,14,2
27558,17,3
27559,24,2
27559,2,2
27560,28,1
27561,7,1
27562,15,1
27562,9,3
27562,7,2
27562,11,3
27563,31,3
27563,27,3
27563,14,3
27564,10,3
27564,8,3
27564,11,2
27565,6,2
27565,0,3
27565,7,1
27566,29,2
27566,17,1
27566,5,2
27567,11,1
27567,21,3
27568,34,3
27568,5,1
27569,34,3
27570,15,1
27570,18,3
27571,21,2
27571,2,3
27571,36,1
27571,11,1
27572,14,2
27573,2,1
27573,36,3
27573,21,1
27574,21,1
27574,37,1
27574,8,1
27575,23,3
27575,13,1
27575,33,3
27575,1,1
27576,2,2
27576,27,2
27577,24,3
27577,32,1
27577,15,3
27577,2,3
27578,0,1
27579,10,3
27579,2,2
27579,26,1
27580,30,3
27581,30,1
27582,16,3
27583,24,2
27583,2,3
27584,6,2
27585,9,3
27585,13,2
27585,37,3
27586,22,2
27586,16,3
27586,14,3
27587,25,2
27587,13,3
27587,29,2
27588,25,1
27588,3,1
27588,5,1
27588,16,1
27589,29,3
27589,31,2
27590,6,3
27590,19,3
27590,7,3
27590,33,3
27591,22,3
27591,25,2
27591,37,3
27591,21,2
27592,13,3
27592,24,2
27592,21,3
27592,27,3
27593,7,2
27594,23,1
27594,31,3
27595,29,3
27596,9,1
27596,32,1
27596,11,1
27596,5,1
27597,38,2
27598,4,1
27599,30,3
27599,19,1
27599,28,3
27599,3,2
27600,27,1
27601,34,1
27601,30,1
27601,22,3
27602,35,2
27603,29,2
27603,4,3
27604,20,1
27605,3,3
27605,15,2
27605,9,3
27606,38,2
27606,3,3
27606,21,3
27606,30,2
27607,17,1
27607,19,1
27608,21,1
27608,14,2
27608,0,3
27609,18,2
27609,11,1
27610,1,3
27610,24,1
27611,32,2
27611,4,3
27611,27,1
27612,32,3
27612,8,1
27613,8,3
27613,10,3
27613,3,1
27613,26,3
27614,29,3
27615,36,1
27615,16,1
27616,25,3
27617,24,1
27617,22,3
27617,37,3
27617,19,3
27618,31,2
27618,14,2
27618,30,2
27618,36,2
27619,24,2
27619,28,2
27620,5,1
27620,37,3
27620,11,1
27620,3,3
27621,30,2
27621,18,2
27621,20,2
27621,23,2
27622,2,2
27623,9,1
27623,33,2
27623,15,1
27624,22,2
27624,9,1
27625,3,3
27626,0,1
27626,18,2
27627,0,1
27627,14,1
27628,24,2
27629,3,1
27629,37,3
27629,4,1
27630,20,2
27630,30,3
27630,16,3
27631,2,3
27631,13,3
27631,35,1
27631,36,2
27632,34,2
27633,16,2
27634,30,2
27635,31,1
27635,5,1
27635,38,2
27635,10,2
27636,7,3
27636,37,2
27636,14,3
27637,2,2
27637,34,2
27637,29,2
27638,6,3
27638,5,2
27638,37,1
27638,21,3
27639,1,1
27639,28,2
27639,26,3
27640,24,3
27640,27,1
27640,32,3
27640,3,1
27641,21,2
27641,1,3
27642,37,1
27642,21,2
27642,10,2
27643,19,1
27643,3,1
27643,27,3
27643,35,1
27644,27,1
27645,8,2
27645,25,2
27646,38,3
27646,18,3
27647,10,2
27647,21,1
27647,34,3
27647,12,1
27648,20,3
27648,3,2
27649,23,1
27650,33,3
27651,29,2
27651,5,1
27652,25,2
27653,15,2
27654,34,3
27654,4,3
27654,37,2
27655,25,3
27656,17,3
27656,30,1
27657,38,3
27658,20,1
27658,8,2
27658,21,2
27658,32,3
27659,14,2
27659,32,3
27659,13,1
27660,8,3
27661,16,3
27662,8,3
27662,22,2
27663,25,3
27664,12,1
27664,4,2
27664,33,3
27665,0,3
27666,13,2
27666,3,1
27667,35,1
27667,11,3
27667,10,3
27668,33,3
27668,24,1
27668,9,2
27669,26,3
27669,36,2
27670,17,2
27670,7,1
27671,20,2
27671,26,3
27671,2,2
27672,30,2
27672,27,3
27672,11,2
27673,7,3
27673,8,1
27674,21,1
27674,37,3
27674,16,3
27675,4,2
27675,5,2
27675,1,2
27675,35,2
27676,15,3
27677,32,2
27677,19,1
27677,8,1
27677,30,2
27678,27,3
27679,17,1
27680,11,2
27680,2,2
27680,31,1
27681,36,3
27682,18,2
27682,28,3
27682,27,1
27683,38,1
27683,26,2
27683,1,3
27683,0,1
27684,7,1
27684,16,2
27684,22,3
27684,5,3
27685,31,2
27685,10,1
27686,8,1
27687,13,3
27687,29,1
27687,34,3
27687,33,1
27688,34,3
27689,25,3
27690,4,2
27690,10,1
27690,3,2
27691,10,1
27692,27,2
27692,7,1
27693,36,3
27693,20,3
27694,4,3
27694,25,3
27694,22,1
27694,27,1
27695,28,2
27695,12,1
27695,8,1
27696,19,3
27696,23,1
27697,24,3
27697,14,3
27697,22,3
27698,0,1
27698,32,1
27699,18,2
27699,15,3
27699,28,2
27699,20,3
27700,31,2
27700,16,1
27701,37,1
27701,13,2
27701,11,3
27701,31,2
27702,28,3
27702,33,1
27702,8,2
27703,18,3
27703,1,1
27703,28,1
27703,2,1
27704,28,2
27704,22,3
27704,4,3
27704,21,2
27705,26,2
27706,31,2
27706,0,3
27706,15,1
27707,0,2
27707,19,2
27708,24,3
27708,38,2
27708,7,3
27709,4,3
27710,23,2
27710,21,2
27710,31,1
27711,33,1
27711,35,3
27711,26,3
27712,9,3
27713,11,1
27714,35,2
27714,0,3
27714,3,1
27715,32,1
27715,35,1
27715,3,1
27715,38,1
27716,17,1
27716,5,3
27717,36,2
27718,12,3
27719,3,3
27720,36,2
27720,8,1
27720,14,1
27721,29,1
27721,12,3
27721,14,3
27722,27,2
27723,29,1
27723,20,3
27723,4,2
27724,19,3
27725,1,1
27726,10,1
27726,35,3
27726,21,2
27726,19,1
27727,36,1
27727,17,2
27727,31,3
27728,37,3
27729,3,2
27729,22,2
27729,16,3
27730,29,1
27730,31,3
27731,30,2
27731,36,3
27731,2,3
27731,31,2
27732,33,3
27732,28,3
27732,16,1
27733,1,1
27733,19,2
27733,13,2
27733,0,3
27734,15,1
27734,31,3
27734,26,1
27735,0,2
27735,13,2
27735,38,1
27736,1,1
27737,8,1
27737,35,3
27737,30,1
27737,18,3
27738,30,3
27738,37,2
27739,3,2
27739,19,3
27739,7,3
27739,11,2
27740,25,3
27740,24,3
27740,19,2
27741,6,3
27741,38,2
27742,31,3
27742,19,2
27743,2,2
27743,20,2
27743,5,1
27743,9,1
27744,15,1
27745,36,3
27745,20,3
27745,21,3
27745,34,1
27746,32,1
27746,10,3
27746,11,3
27746,19,1
27747,0,3
27747,5,3
27748,20,2
27749,16,2
27749,3,2
27749,33,2
27749,13,2
27750,33,2
27750,14,1
27751,27,1
27751,36,1
27752,29,2
27752,9,1
27752,0,1
27752,10,1
27753,13,2
27754,19,3
27754,29,3
27754,17,1
27754,24,2
27755,23,1
27755,2,1
27755,11,3
27755,38,1
27756,6,3
27757,23,2
27758,38,3
27759,33,2
27759,11,3
27759,27,2
27760,20,3
27761,1,2
27761,19,2
27761,10,2
27762,4,3
27762,18,3
27762,11,1
27762,13,1
27763,17,3
27763,10,3
27764,21,2
27764,29,1
27764,10,3
27764,22,2
27765,0,3
27766,8,2
27766,27,2
27766,38,3
27766,23,3
27767,31,2
27767,15,1
27767,1,2
27767,34,2
27768,29,1
27768,28,2
27768,24,2
27768,0,3
27769,34,1
27769,20,1
27769,19,3
27770,28,3
27770,17,1
27770,23,3
27771,38,1
27772,36,1
27772,17,2
27773,35,2
27773,7,2
27774,5,3
27774,11,2
27774,17,3
27775,2,3
27775,34,3
27775,21,3
27775,1,3
27776,10,1
27776,24,1
27776,25,2
27777,38,2
27777,0,3
27777,4,1
27778,11,3
27778,24,3
27778,31,3
27779,19,2
27780,31,1
27780,34,1
27781,26,3
27781,12,2
27781,1,3
27782,26,1
27782,27,1
27782,14,1
27782,34,3
27783,19,3
27783,12,3
27783,34,3
27783,29,1
27784,4,1
27784,31,1
27784,33,2
27784,32,1
27785,3,3
27785,22,2
27785,30,3
27786,14,3
27786,5,1
27787,16,3
27787,30,3
27787,33,3
27787,17,3
27788,37,1
27788,13,3
27788,8,2
27789,14,1
27790,22,1
27791,35,3
27792,36,3
27792,25,2
27792,0,2
27792,27,1
27793,19,1
27793,29,2
27793,6,2
27794,17,1
27794,25,2
27795,28,2
27796,17,3
27797,24,1
27797,38,2
27797,22,2
27798,29,2
27798,21,3
27798,26,2
27799,10,1
27799,35,3
27800,22,1
27800,30,2
27800,15,2
27801,35,2
27802,22,2
27802,15,3
27803,27,2
27803,10,3
27803,20,2
27804,5,3
27804,6,2
27804,31,3
27804,27,1
27805,12,1
27806,21,2
27807,27,1
27807,38,1
27807,20,2
27808,28,2
27808,24,3
27809,11,1
27809,32,1
27810,36,1
27810,33,2
27811,30,1
27811,10,2
27811,27,2
27811,12,2
27812,5,3
27812,36,3
27812,20,1
27812,35,2
27813,36,1
27813,37,1
27813,5,3
27813,33,3
27814,22,1
27814,19,3
27814,27,3
27814,12,1
27815,24,2
27815,38,1
27815,14,3
27815,26,2
27816,30,3
27816,0,3
27816,37,2
27817,17,3
27818,3,3
27818,4,1
27818,11,2
27818,27,1
27819,2,1
27819,15,1
27820,8,3
27820,9,2
27820,18,2
27821,26,1
27821,37,3
27821,22,3
27821,32,3
27822,14,2
27822,0,3
27823,28,3
27823,36,1
27823,20,3
27823,38,1
27824,5,2
27824,29,1
27824,22,3
27825,18,1
27825,9,1
27825,33,1
27826,11,2
27826,24,3
27827,10,1
27827,20,3
27827,32,2
27827,4,1
27828,25,3
27829,25,2
27829,29,1
27829,2,2
27829,7,2
27830,21,2
27830,17,3
27831,19,3
27831,11,2
27831,1,1
27831,8,1
27832,21,2
27832,14,3
27832,1,3
27833,13,1
27833,19,3
27833,24,3
27834,26,2
27835,34,1
27835,1,1
27835,9,1
27835,30,3
27836,4,3
27836,13,2
27836,24,2
27836,33,1
27837,24,2
27837,37,1
27837,10,1
27838,11,1
27839,27,1
27839,5,2
27840,4,2
27840,34,2
27840,9,1
27841,38,2
27841,35,2
27842,1,1
27843,6,2
27843,15,3
27843,31,2
27844,21,2
27845,27,3
27845,6,1
27845,16,1
27845,30,1
27846,21,1
27846,5,2
27846,8,1
27846,14,3
27847,1,2
27847,34,3
27847,30,1
27847,2,1
27848,37,1
27848,22,3
27848,28,2
27848,2,1
27849,23,3
27849,2,1
27849,34,2
27850,14,1
27851,38,3
27852,15,2
27853,27,3
27853,38,1
27853,35,3
27853,10,1
27854,14,1
27855,10,2
27855,35,3
27855,30,2
27855,22,3
27856,11,3
27856,24,2
27857,26,2
27857,19,2
27858,14,2
27858,32,3
27858,36,2
27859,4,3
27859,19,2
27859,34,1
27860,5,3
27860,3,1
27860,18,1
27860,2,1
27861,25,3
27861,28,1
27861,24,2
27861,20,2
27862,20,2
27863,10,1
27864,21,3
27864,12,3
27865,12,1
27865,38,2
27865,14,2
27866,38,1
27866,1,2
27867,24,3
27868,13,2
27868,14,3
27868,35,1
27868,18,1
27869,12,1
27870,18,3
27870,36,1
27871,20,3
27871,12,1
27871,17,2
27871,13,3
27872,34,3
27873,6,2
27873,2,2
27873,22,3
27873,17,2
27874,24,1
27874,11,3
27874,36,1
27875,17,3
27875,23,2
27875,26,3
27875,22,1
27876,6,1
27876,14,1
27877,34,3
27877,8,2
27877,18,2
27878,9,3
27879,36,3
27879,35,3
27879,20,3
27880,11,1
27880,37,3
27880,15,3
27880,20,1
27881,16,1
27882,9,2
27882,2,2
27883,6,3
27883,27,1
27883,22,2
27884,27,3
27885,22,3
27885,29,1
27885,38,3
27885,26,1
27886,17,1
27886,29,1
27887,32,1
27887,3,3
27888,30,3
27889,26,3
27889,27,2
27889,13,2
27890,23,1
27891,31,2
27891,36,1
27891,0,3
27892,30,3
27892,15,3
27892,8,2
27893,24,3
27893,3,3
27893,20,3
27893,0,3
27894,24,3
27895,13,2
27895,22,1
27895,18,3
27896,35,1
27896,12,3
27897,11,3
27897,35,2
27898,8,2
27898,28,3
27899,23,2
27899,25,3
27899,37,1
27899,3,3
27900,14,2
27900,4,3
27900,35,1
27901,25,2
27901,38,2
27902,22,1
27902,29,1
27902,33,1
27903,10,3
27904,24,1
27904,25,1
27904,11,1
27904,7,3
27905,33,1
27905,12,1
27905,17,3
27905,19,2
27906,29,3
27906,11,2
27907,36,3
27907,1,1
27908,23,2
27909,38,1
27909,37,1
27909,11,1
27909,23,2
27910,31,2
27910,2,1
27911,8,3
27911,19,1
27912,6,1
27912,38,2
27912,37,2
27913,25,2
27914,18,2
27915,1,1
27915,22,1
27915,15,1
27915,21,3
27916,32,1
27916,28,3
27916,38,2
27917,38,2
27917,7,3
27918,12,3
27918,30,3
27918,25,2
27918,36,1
27919,32,2
27920,11,2
27921,5,1
27921,9,3
27921,30,1
27922,37,3
27923,30,3
27923,23,2
27924,14,1
27925,27,2
27925,12,2
27925,6,2
27925,32,3
27926,28,3
27926,17,1
27927,20,2
27927,3,2
27927,14,3
27928,16,1
27928,18,3
27929,19,1
27929,34,1
27929,3,3
27929,18,3
27930,11,3
27930,0,1
27931,18,1
27932,31,3
27932,1,1
27932,38,1
27933,29,3
27933,12,3
27934,18,3
27935,13,2
27935,4,1
27936,8,1
27936,1,3
27936,0,3
27936,14,1
27937,31,1
27938,19,1
27938,4,3
27938,26,2
27939,32,3
27939,3,2
27940,36,1
27940,38,2
27941,34,1
27941,11,2
27942,17,1
27942,37,3
27943,20,2
27943,12,2
27943,34,1
27944,6,3
27945,1,2
27945,22,2
27945,13,1
27946,24,1
27946,16,3
27947,26,3
27947,29,1
27947,2,3
27948,13,1
27948,28,3
27948,27,3
27949,32,1
27950,9,1
27950,24,3
27950,12,1
27951,22,2
27951,29,1
27952,2,1
27952,15,3
27953,31,1
27953,21,3
27953,17,3
27954,18,3
27954,38,2
27954,16,1
27954,30,3
27955,19,1
27955,21,1
27955,26,2
27956,7,2
27956,26,2
27956,21,1
27957,29,2
27957,31,3
27958,35,3
27958,26,3
27959,15,3
27960,2,2
27960,15,2
27961,25,1
27961,30,3
27961,16,3
27961,8,3
27962,1,2
27962,9,2
27963,10,2
27963,30,1
27963,35,3
27963,17,1
27964,28,2
27964,30,3
27965,1,2
27965,15,3
27965,5,2
27965,17,1
27966,31,1
27967,34,2
27968,24,1
27969,35,3
27969,2,3
27969,9,1
27969,38,3
27970,6,3
27970,8,3
27970,12,2
27971,35,1
27971,7,3
27971,8,3
27972,6,1
27973,36,1
27973,26,3
27974,10,3
27974,25,2
27974,38,2
27975,31,1
27975,16,1
27975,35,2
27975,4,1
27976,34,3
27976,17,2
27976,19,3
27977,5,3
27977,38,1
27978,7,2
27978,3,3
27978,22,1
27979,33,3
27979,19,2
27979,31,2
27979,5,3
27980,12,1
27980,21,3
27980,32,2
27980,35,1
27981,25,3
27981,13,1
27981,23,1
27981,8,2
27982,29,1
27983,6,1
27983,10,1
27983,5,2
27983,19,2
27984,19,2
27984,33,2
27985,37,2
27986,37,1
27986,26,3
27986,4,1
27986,19,3
27987,0,2
27987,2,3
27987,26,1
27988,37,1
27988,24,3
27988,20,3
27988,10,1
27989,37,1
27990,23,1
27990,1,2
27990,30,2
27991,5,3
27991,36,1
27991,6,2
27991,24,3
27992,2,3
27992,31,3
27992,15,3
27993,17,3
27993,8,1
27993,27,1
27994,24,3
27994,0,2
27994,10,1
27995,31,1
27995,14,2
27995,18,2
27996,16,3
27996,26,1
27996,4,1
27997,32,1
27997,20,2
27997,9,1
27997,13,2
27998,10,1
27998,34,2
27998,26,2
27999,17,3
27999,19,2
28000,12,1
28000,5,3
28001,4,1
28001,37,2
28002,2,2
28002,27,2
28002,11,3
28002,21,2
28003,22,2
28003,37,2
28003,9,1
28004,31,1
28005,12,2
28005,16,1
28005,17,1
28005,29,1
28006,32,2
28006,23,3
28006,31,2
28007,4,1
28007,5,3
28007,20,2
28007,19,2
28008,38,2
28008,3,3
28008,6,3
28008,15,1
28009,37,2
28009,5,3
28010,10,3
28010,14,2
28010,25,3
28011,29,1
28011,27,2
28011,11,1
28012,37,2
28012,22,1
28013,8,1
28014,12,1
28014,17,2
28015,20,2
28015,26,1
28015,11,1
28015,24,2
28016,37,2
28016,38,3
28016,28,1
28017,35,2
28018,20,3
28018,30,3
28018,34,3
28018,26,3
28019,17,2
28019,0,3
28019,6,1
28019,24,2
28020,4,1
28020,33,1
28020,34,1
28021,7,1
28021,17,3
28021,3,3
28022,14,1
28023,28,2
28023,19,1
28023,32,2
28023,31,1
28024,29,2
28025,11,1
28025,14,2
28026,15,1
28027,36,3
28027,21,3
28028,6,1
28028,20,3
28029,12,1
28029,21,3
28029,15,2
28030,22,1
28031,1,1
28031,31,1
28031,0,1
28032,14,2
28032,30,2
28032,12,3
28032,17,2
28033,36,1
28033,9,1
28033,20,3
28034,1,3
28034,25,2
28034,16,1
28034,26,3
28035,8,1
28035,7,2
28035,32,1
28036,9,2
28036,22,2
28036,38,1
28036,25,3
28037,16,3
28038,32,1
28038,5,2
28038,11,3
28039,27,1
28039,1,3
28039,14,3
28040,5,3
28040,34,1
28041,24,1
28041,12,3
28041,0,1
28041,29,2
28042,28,1
28042,36,3
28043,32,3
28043,25,1
28044,20,1
28045,15,2
28046,6,3
28047,4,3
28048,19,3
28048,26,3
28048,3,2
28049,37,1
28049,18,3
28049,22,2
28049,26,2
28050,0,1
28050,29,1
28050,18,1
28051,14,2
28051,22,3
28052,16,2
28053,29,2
28053,17,2
28053,8,1
28054,4,2
28054,16,1
28054,33,2
28054,36,1
28055,18,1
28055,6,1
28056,31,3
28056,2,2
28057,18,1
28057,24,3
28058,32,3
28058,36,2
28059,17,3
28059,15,3
28060,16,2
28060,2,1
28061,20,3
28061,30,3
28062,18,1
28062,35,1
28062,13,2
28062,17,3
28063,21,3
28063,7,2
28063,10,3
28063,13,2
28064,18,3
28064,27,3
28065,7,3
28066,20,1
28066,13,2
28067,10,1
28067,3,2
28067,24,3
28068,12,1
28068,31,3
28068,9,3
28068,13,3
28069,15,2
28069,24,3
28070,20,2
28070,9,1
28070,16,1
28070,22,3
28071,23,2
28072,15,3
28072,14,1
28072,6,1
28073,2,1
28073,17,2
28074,38,1
28074,32,1
28075,11,3
28075,15,3
28075,36,3
28075,13,3
28076,22,2
28077,24,3
28077,3,1
28077,27,3
28077,10,3
28078,16,2
28079,19,2
28080,6,2
28080,13,2
28080,27,3
28081,23,2
28081,24,3
28082,36,1
28082,17,1
28082,32,1
28082,9,3
28083,3,2
28084,21,3
28085,31,1
28085,0,3
28085,8,3
28086,5,3
28086,17,1
28086,7,1
28086,33,1
28087,11,2
28088,10,3
28088,24,3
28088,13,3
28088,21,3
28089,38,3
28089,30,1
28089,0,2
28090,12,1
28090,0,1
28090,38,2
28090,16,2
28091,36,2
28092,30,2
28092,12,3
28092,15,1
28092,38,3
28093,34,1
28094,33,1
28094,8,1
28095,33,2
28095,35,1
28095,6,3
28095,27,3
28096,4,3
28096,21,3
28097,34,2
28097,37,2
28097,36,2
28098,12,1
28098,36,1
28098,10,3
28099,29,3
28099,8,2
28099,3,2
28100,32,1
28101,9,2
28101,24,3
28102,28,1
28102,22,1
28102,12,2
28103,23,1
28103,30,1
28104,24,1
28104,16,1
28104,19,1
28104,5,1
28105,33,2
28105,10,2
28105,34,3
28106,25,1
28106,24,1
28106,37,3
28106,38,3
28107,31,2
28107,24,2
28108,25,1
28109,3,3
28109,10,3
28109,19,1
28109,30,3
28110,32,2
28111,12,1
28112,38,1
28112,24,3
28113,18,1
28113,9,2
28113,15,3
28113,29,1
28114,18,3
28114,19,3
28115,30,2
28115,23,2
28116,11,3
28116,25,3
28116,26,3
28116,4,2
28117,26,2
28118,38,2
28118,23,3
28118,13,3
28119,28,3
28119,18,1
28120,23,2
28120,18,2
28120,17,1
28120,8,2
28121,8,1
28121,24,2
28121,13,3
28121,26,2
28122,25,2
28123,37,3
28123,30,3
28123,15,2
28124,11,1
28124,38,1
28124,24,1
28124,33,3
28125,22,1
28125,27,1
28126,31,1
28126,32,1
28126,17,3
28126,9,3
28127,14,3
28127,34,2
28127,12,3
28127,24,1
28128,28,1
28128,11,2
28128,5,2
28128,35,2
28129,28,1
28129,17,3
28130,32,3
28130,28,2
28130,3,1
28130,23,3
28131,19,2
28131,33,1
28131,21,2
28131,32,2
28132,24,3
28132,13,3
28132,26,2
28133,10,1
28134,26,2
28134,19,1
28134,22,1
28134,38,2
28135,15,3
28135,21,2
28136,34,2
28137,26,1
28137,24,1
28137,28,3
28137,1,3
28138,8,2
28138,0,2
28138,6,2
28138,4,1
28139,3,3
28139,28,2
28139,9,2
28140,1,3
28141,10,1
28141,35,3
28141,7,2
28142,16,2
28142,10,3
28142,25,2
28143,32,3
28143,27,1
28143,26,1
28143,2,1
28144,34,2
28144,7,1
28144,24,2
28145,13,3
28145,14,3
28145,29,2
28146,21,1
28146,12,2
28146,31,3
28146,27,2
28147,2,2
28148,12,1
28148,18,1
28148,8,1
28148,0,3
28149,5,1
28149,1,2
28149,19,3
28150,17,1
28150,31,2
28150,10,3
28151,25,3
28151,23,2
28151,33,3
28151,9,2
28152,30,3
28152,20,1
28152,34,3
28152,22,2
28153,26,2
28154,36,3
28154,24,2
28154,19,3
28154,23,3
28155,16,1
28155,21,3
28155,12,2
28155,38,2
28156,5,2
28157,14,3
28157,8,2
28158,21,2
28159,25,1
28160,31,2
28160,7,2
28160,10,2
28160,9,3
28161,8,2
28162,9,2
28162,17,3
28163,15,1
28164,5,2
28164,31,1
28165,26,3
28165,16,3
28165,35,3
28166,36,1
28166,29,3
28166,37,3
28166,9,1
28167,36,2
28168,17,2
28168,35,2
28168,14,1
28169,0,1
28169,28,3
28169,9,1
28170,36,2
28170,13,1
28170,12,3
28171,1,2
28171,37,3
28171,33,1
28172,33,3
28173,24,1
28173,32,3
28173,8,2
28173,21,2
28174,16,2
28174,34,3
28174,21,3
28174,1,3
28175,16,1
28175,25,1
28176,31,1
28177,23,1
28178,15,2
28178,17,2
28178,18,2
28178,24,1
28179,14,2
28179,28,3
28179,21,2
28180,5,2
28180,24,2
28181,9,1
28181,37,1
28181,12,3
28181,22,1
28182,28,1
28183,34,2
28183,26,1
28183,5,2
28183,0,1
28184,21,2
28185,20,1
28186,25,1
28186,18,2
28186,10,3
28187,28,3
28188,15,3
28188,19,1
28188,12,2
28189,9,3
28190,9,1
28190,7,1
28191,7,3
28192,22,3
28192,32,1
28192,13,3
28192,33,1
28193,17,2
28193,26,1
28194,37,2
28194,24,3
28194,20,1
28194,27,2
28195,23,3
28195,15,1
28195,17,1
28196,19,2
28197,0,1
28198,28,3
28198,0,3
28198,4,3
28199,11,2
28199,17,3
28200,19,1
28200,35,3
28201,10,1
28202,6,2
28203,27,2
28203,19,1
28204,20,1
28204,31,2
28204,15,2
28205,0,2
28205,37,3
28205,18,2
28205,33,3
28206,17,1
28206,26,1
28206,31,1
28207,32,2
28207,21,2
28208,5,1
28208,8,3
28208,28,2
28209,5,1
28209,30,3
28210,22,3
28211,1,3
28211,23,1
28211,8,3
28211,24,1
28212,23,3
28212,12,3
28213,25,1
28214,9,2
28214,35,2
28214,8,2
28215,14,1
28215,5,1
28216,36,3
28216,1,2
28216,26,1
28217,12,3
28218,29,1
28218,3,3
28218,32,3
28219,14,3
28219,12,2
28220,2,1
28220,14,3
28221,29,3
28221,12,2
28221,28,3
28222,36,3
28222,28,3
28222,16,3
28223,33,1
28223,6,3
28223,34,1
28223,8,2
28224,3,2
28224,19,2
28225,28,2
28225,18,3
28226,26,3
28226,14,1
28227,27,1
28228,7,1
28228,19,1
28229,37,2
28229,36,1
28230,9,2
28230,36,1
28231,24,3
28231,30,2
28232,16,3
28232,37,2
28232,25,3
28233,27,1
28233,13,3
28233,17,3
28234,33,1
28234,8,3
28234,37,3
28234,7,1
28235,8,2
28236,20,3
28236,37,3
28237,35,1
28237,6,3
28237,21,3
28238,5,3
28238,28,2
28238,22,2
28239,22,1
28239,11,1
28239,4,3
28239,23,3
28240,28,2
28241,30,1
28241,10,3
28241,28,3
28241,7,3
28242,0,3
28242,13,2
28242,31,3
28242,20,1
28243,23,3
28243,1,3
28243,22,3
28244,2,3
28245,26,1
28245,28,2
28245,24,3
28246,36,3
28247,16,3
28247,26,2
28247,29,2
28247,25,2
28248,11,1
28248,27,3
28249,0,3
28249,20,1
28249,32,1
28249,12,2
28250,32,2
28250,21,1
28250,6,2
28251,25,2
28251,19,3
28251,21,2
28251,1,1
28252,16,3
28253,12,1
28253,10,2
28253,1,2
28254,10,2
28254,14,2
28255,5,1
28255,23,2
28255,22,1
28256,2,1
28256,17,1
28257,4,1
28257,13,3
28258,1,1
28258,26,1
28258,8,2
28258,5,2
28259,37,2
28259,36,3
28259,12,1
28260,29,3
28260,38,3
28260,31,1
28261,27,1
28262,32,1
28263,12,3
28263,5,3
28263,15,3
28263,2,1
28264,8,1
28264,15,2
28265,8,1
28265,27,1
28265,23,1
28265,15,1
28266,1,2
28266,4,1
28267,35,3
28268,6,3
28268,38,2
28268,25,1
28269,5,2
28269,32,3
28269,33,1
28270,16,1
28270,8,3
28271,26,2
28271,30,3
28271,5,3
28272,5,3
28272,32,1
28272,7,3
28273,26,1
28273,37,3
28273,6,1
28273,21,2
28274,9,3
28274,18,1
28274,24,2
28274,11,1
28275,12,2
28275,6,2
28276,23,3
28276,24,3
28277,28,3
28277,25,3
28277,38,1
28277,32,1
28278,36,3
28279,17,3
28280,27,1
28281,14,3
28281,30,1
28281,16,2
28281,20,3
28282,21,1
28282,20,3
28283,0,2
28283,4,2
28283,37,1
28283,18,1
28284,8,3
28284,7,3
28284,29,3
28285,12,2
28285,29,2
28285,37,1
28286,10,1
28287,32,1
28288,9,2
28288,25,2
28289,27,1
28289,35,1
28290,12,3
28290,14,1
28290,6,3
28291,18,1
28291,13,1
28291,31,1
28292,11,1
28292,15,1
28293,29,2
28293,5,2
28293,16,1
28293,37,1
28294,9,3
28295,31,3
28296,3,2
28296,17,2
28297,1,3
28298,15,3
28298,16,3
28299,0,2
28300,15,1
28300,29,2
28301,16,2
28301,20,1
28301,37,2
28302,2,3
28303,7,1
28303,17,1
28303,31,1
28303,20,1
28304,15,3
28304,19,1
28304,20,1
28304,35,1
28305,23,1
28305,6,1
28305,33,3
28305,13,2
28306,25,2
28306,23,3
28306,2,1
28306,8,3
28307,37,1
28307,20,2
28307,38,1
28308,16,1
28308,21,3
28308,10,3
28308,29,1
28309,36,2
28309,13,2
28310,25,3
28310,19,1
28311,29,3
28312,21,2
28312,22,1
28312,10,2
28313,9,2
28313,11,1
28314,8,3
28314,30,3
28315,1,1
28315,36,2
28315,33,1
28315,27,2
28316,35,3
28317,19,3
28318,19,2
28318,25,2
28319,6,3
28319,38,1
28320,21,3
28321,25,3
28321,10,3
28321,5,3
28321,38,1
28322,32,1
28323,18,1
28323,6,1
28323,32,1
28323,37,2
28324,27,3
28324,19,1
28324,38,1
28325,37,3
28325,3,3
28325,8,2
28325,11,1
28326,14,3
28327,21,1
28327,10,1
28328,0,1
28329,14,3
28329,1,1
28329,30,1
28330,24,2
28330,0,3
28330,20,3
28331,28,1
28331,9,1
28331,36,3
28331,1,2
28332,11,2
28332,14,3
28332,30,2
28333,26,2
28333,25,3
28333,4,2
28334,34,1
28335,2,3
28335,36,2
28336,25,2
28336,38,3
28337,36,2
28337,25,3
28338,7,3
28338,35,3
28339,28,2
28339,4,3
28339,16,2
28339,3,2
28340,14,1
28340,32,1
28341,9,2
28341,26,2
28342,5,2
28342,4,1
28343,26,2
28344,27,3
28344,14,3
28344,38,1
28345,6,3
28345,4,3
28345,21,3
28345,31,3
28346,0,3
28346,18,3
28346,35,2
28347,34,1
28347,3,3
28347,27,1
28347,29,1
28348,24,3
28349,36,2
28349,21,1
28350,19,1
28350,20,3
28351,18,3
28351,17,1
28352,33,1
28352,19,3
28353,20,3
28354,26,2
28354,19,3
28354,36,2
28355,4,3
28355,29,3
28356,15,3
28356,24,2
28357,28,2
28357,6,1
28358,28,1
28358,17,3
28358,35,2
28359,12,3
28359,21,3
28359,5,3
28360,25,2
28360,28,2
28361,37,1
28362,24,1
28362,19,1
28363,14,3
28364,13,3
28364,2,1
28364,27,3
28364,15,1
28365,15,1
28366,34,1
28366,30,2
28366,14,3
28366,17,3
28367,30,1
28367,10,2
28367,4,3
28368,28,1
28369,11,2
28369,36,1
28369,22,2
28370,14,1
28370,1,2
28370,30,3
28371,23,2
28371,6,2
28371,4,3
28372,38,2
28372,12,1
28372,0,3
28372,20,2
28373,35,3
28373,16,1
28373,7,2
28373,18,3
28374,33,3
28374,26,2
28374,24,1
28374,10,2
28375,34,3
28375,5,3
28376,3,2
28376,13,2
28377,7,1
28377,11,2
28378,8,2
28378,36,3
28379,21,1
28379,28,2
28379,31,2
28380,21,2
28381,32,1
28381,2,3
28382,23,3
28382,6,1
28382,24,1
28383,38,3
28383,14,2
28384,34,3
28385,6,3
28386,24,3
28386,7,3
28387,25,3
28388,0,3
28388,18,3
28389,35,3
28389,15,2
28389,9,1
28389,0,1
28390,18,3
28390,33,2
28390,9,3
28391,12,3
28391,13,2
28391,0,2
28392,15,1
28392,38,1
28393,30,3
28393,5,3
28393,12,1
28394,9,2
28394,32,1
28395,20,3
28396,19,1
28396,28,2
28396,11,3
28396,33,2
28397,6,2
28397,17,2
28397,14,1
28398,28,2
28398,7,2
28398,25,1
28399,38,2
28399,22,2
28399,20,2
28400,5,2
28400,17,3
28400,19,3
28401,17,1
28402,21,1
28402,19,1
28403,0,2
28404,24,1
28404,21,3
28404,13,2
28404,38,3
28405,4,3
28405,19,1
28405,10,1
28405,15,3
28406,0,3
28406,28,2
28406,2,1
28406,31,2
28407,0,2
28408,20,1
28408,7,3
28409,2,1
28409,38,3
28409,21,2
28410,12,2
28410,28,2
28410,37,1
28410,19,3
28411,38,3
28411,35,2
28411,30,2
28412,21,2
28412,37,3
28412,10,3
28412,5,3
28413,9,3
28413,4,3
28413,36,2
28413,35,1
28414,32,1
28414,9,1
28414,26,2
28414,13,3
28415,32,3
28415,18,3
28416,36,2
28416,3,3
28416,23,1
28417,29,1
28417,14,2
28417,37,1
28417,30,2
28418,14,2
28418,11,1
28419,30,3
28420,32,1
28421,29,2
28421,13,1
28421,20,3
28421,6,2
28422,8,2
28422,24,3
28423,3,2
28423,0,3
28423,4,3
28423,23,3
28424,23,2
28424,36,3
28425,12,2
28425,2,1
28425,3,2
28425,23,1
28426,37,1
28426,18,1
28426,30,3
28426,14,3
28427,1,1
28427,37,1
28427,31,3
28428,38,2
28428,32,1
28428,12,1
28429,16,1
28429,36,2
28429,0,1
28429,11,1
28430,35,1
28431,3,3
28432,9,3
28432,13,1
28432,34,2
28433,37,1
28433,7,2
28434,28,1
28434,38,1
28434,27,2
28435,14,2
28435,31,1
28435,29,2
28435,36,3
28436,37,2
28436,11,1
28436,8,1
28437,6,3
28437,0,3
28438,24,3
28439,18,2
28440,25,3
28441,29,1
28442,36,1
28442,0,1
28442,33,3
28443,4,1
28443,18,1
28444,19,2
28444,11,3
28444,34,1
28444,2,3
28445,21,3
28445,17,1
28445,7,1
28445,3,3
28446,13,3
28446,8,2
28446,1,3
28446,2,1
28447,38,3
28447,21,1
28447,30,3
28448,38,3
28448,34,2
28448,26,3
28449,18,3
28449,10,3
28450,26,3
28450,4,3
28450,13,3
28451,33,2
28451,5,1
28452,6,2
28453,27,3
28453,9,3
28453,5,2
28453,17,1
28454,20,1
28454,8,1
28454,5,3
28454,32,2
28455,7,3
28455,16,3
28456,10,1
28456,37,1
28457,1,2
28458,25,1
28459,25,1
28460,37,3
28461,26,2
28461,19,3
28461,4,3
28461,35,1
28462,24,1
28462,26,3
28462,15,1
28463,13,3
28464,30,1
28464,31,1
28465,20,1
28466,27,2
28467,10,2
28467,8,3
28468,3,2
28468,16,3
28469,17,2
28469,30,3
28469,8,3
28470,9,1
28470,21,2
28470,34,3
28471,14,2
28472,37,3
28473,37,1
28474,24,1
28474,32,3
28474,4,2
28474,26,1
28475,15,2
28475,7,2
28475,28,2
28476,18,2
28476,19,1
28476,13,1
28476,0,3
28477,32,2
28477,10,3
28478,37,3
28478,26,2
28478,31,1
28478,11,3
28479,0,3
28480,8,1
28480,9,1
28481,13,1
28482,25,3
28482,16,2
28482,2,1
28482,26,3
28483,7,3
28484,4,3
28484,23,1
28484,33,1
28484,36,1
28485,9,2
28485,22,1
28485,32,3
28486,25,3
28487,11,3
28487,7,3
28487,22,2
28488,9,3
28488,19,3
28489,32,3
28489,28,2
28489,21,3
28490,14,2
28490,28,3
28490,24,2
28490,18,2
28491,32,1
28491,2,3
28492,12,1
28492,0,2
28492,15,3
28493,16,2
28493,12,2
28493,36,1
28494,15,2
28495,8,1
28495,38,1
28495,5,3
28496,36,2
28497,32,1
28497,4,1
28497,11,1
28497,20,2
28498,25,2
28498,36,1
28499,6,1
28499,1,2
28499,24,1
28499,4,1
28500,23,1
28500,33,3
28501,2,2
28501,0,1
28501,17,2
28501,31,2
28502,34,2
28503,10,1
28503,38,2
28503,3,2
28503,22,2
28504,6,2
28505,33,1
28505,19,2
28506,23,3
28507,5,1
28508,7,1
28508,23,2
28508,8,2
28508,15,1
28509,22,2
28509,7,3
28509,31,3
28509,28,3
28510,27,3
28510,1,3
28510,25,1
28510,4,2
28511,18,3
28511,4,2
28511,21,3
28512,11,1
28513,27,3
28513,29,3
28513,25,3
28514,35,3
28515,20,3
28515,3,1
28515,34,2
28516,2,2
28516,30,3
28516,36,1
28516,16,2
28517,24,3
28517,18,1
28517,29,3
28518,35,1
28518,2,3
28518,9,2
28518,34,2
28519,22,1
28519,38,1
28519,15,1
28519,35,2
28520,25,1
28521,33,1
28522,1,2
28522,20,1
28522,8,2
28523,19,2
28523,0,2
28523,11,3
28524,5,3
28524,19,2
28524,4,2
28524,28,2
28525,35,1
28526,28,1
28526,12,2
28526,31,2
28526,17,1
28527,23,2
28527,10,1
28528,13,2
28529,16,1
28530,15,3
28531,8,1
28532,11,3
28533,10,2
28533,26,3
28533,17,1
28533,6,2
28534,29,1
28535,24,1
28535,10,1
28535,6,2
28535,29,3
28536,22,3
28536,5,1
28537,32,3
28537,36,2
28538,0,3
28538,7,3
28538,38,3
28539,1,1
28539,28,3
28539,37,1
28539,5,3
28540,1,2
28540,35,2
28541,22,2
28542,16,3
28542,6,3
28542,17,1
28543,0,2
28543,31,3
28543,23,3
28544,10,3
28544,4,1
28544,2,1
28544,28,3
28545,4,2
28546,4,2
28546,31,2
28546,13,3
28547,0,1
28548,23,2
28548,27,1
28548,0,1
28549,10,3
28549,31,1
28549,12,3
28549,7,1
28550,4,2
28550,31,2
28550,0,1
28551,18,3
28551,12,1
28551,31,1
28551,33,2
28552,27,1
28553,38,1
28553,18,1
28553,22,2
28554,33,3
28554,15,2
28555,16,3
28555,11,1
28555,13,3
28556,23,2
28556,6,3
28556,4,1
28557,38,2
28557,28,2
28557,7,3
28557,26,1
28558,36,1
28558,6,3
28558,4,3
28558,28,3
28559,16,1
28559,17,3
28559,35,1
28559,34,3
28560,1,1
28560,21,2
28561,25,3
28561,18,2
28561,34,1
28561,13,2
28562,8,3
28562,25,2
28562,0,3
28563,23,2
28564,6,3
28564,0,1
28564,3,1
28565,35,1
28565,16,1
28566,31,1
28566,8,2
28566,33,2
28567,13,3
28567,9,1
28567,18,1
28568,35,2
28568,38,1
28568,21,2
28568,8,3
28569,3,2
28570,7,1
28570,15,2
28571,34,1
28571,20,1
28572,14,1
28572,25,2
28572,19,2
28572,29,1
28573,6,1
28574,37,3
28574,16,1
28575,13,1
28576,35,3
28576,17,3
28576,3,2
28576,13,3
28577,11,3
28578,24,2
28578,38,3
28578,14,1
28579,12,1
28579,14,2
28580,17,1
28581,2,1
28581,30,2
28581,16,2
28582,38,3
28582,6,1
28582,8,2
28582,3,1
28583,36,3
28583,5,1
28583,26,3
28583,13,2
28584,24,1
28585,38,1
28586,29,3
28586,16,3
28587,25,3
28587,29,2
28587,17,1
28587,34,2
28588,27,1
28588,6,3
28588,12,3
28589,4,2
28589,33,2
28589,14,1
28589,13,3
28590,10,3
28590,13,2
28590,28,2
28590,23,1
28591,7,2
28591,30,1
28591,16,2
28591,8,2
28592,17,3
28592,38,1
28593,28,2
28593,3,1
28593,11,2
28593,29,3
28594,9,2
28594,34,2
28595,33,3
28595,11,3
28595,29,1
28596,31,1
28596,37,3
28596,8,2
28596,14,2
28597,23,3
28597,7,1
28598,29,3
28599,25,1
28599,11,1
28599,10,2
28600,6,1
28600,34,3
28600,0,2
28600,20,2
28601,4,3
28601,17,1
28601,0,2
28602,33,1
28602,27,3
28602,13,2
28603,27,1
28604,26,3
28604,3,1
28604,15,2
28605,12,2
28605,37,2
28605,26,3
28605,11,1
28606,23,1
28606,4,2
28606,19,3
28606,17,3
28607,10,3
28607,34,2
28607,8,2
28607,3,2
28608,38,3
28608,37,3
28608,14,2
28609,25,1
28609,7,2
28610,34,1
28611,31,3
28611,3,3
28612,9,2
28612,23,2
28612,15,1
28612,16,1
28613,20,3
28613,13,3
28613,2,2
28614,28,3
28614,5,2
28614,24,2
28614,1,2
28615,7,1
28615,26,2
28616,25,3
28617,9,3
28617,36,1
28618,18,3
28619,21,1
28619,36,3
28619,18,2
28620,38,2
28620,28,1
28620,12,3
28621,11,1
28622,12,1
28623,24,3
28623,7,2
28623,18,3
28624,30,1
28624,0,1
28624,6,1
28624,16,1
28625,7,1
28625,11,1
28625,37,1
28625,4,3
28626,1,2
28626,8,2
28627,0,2
28627,1,1
28628,16,3
28628,38,3
28629,21,1
28629,35,2
28629,31,3
28630,19,2
28631,31,3
28631,37,3
28631,35,2
28631,13,2
28632,17,2
28632,6,2
28632,2,3
28633,3,3
28633,37,2
28633,22,2
28634,3,1
28634,0,3
28634,31,1
28635,18,1
28636,28,2
28636,3,3
28636,34,3
28637,20,2
28637,33,1
28637,22,1
28638,32,1
28639,26,2
28640,28,1
28640,14,3
28641,16,2
28641,30,3
28641,12,2
28642,28,2
28643,6,2
28644,21,1
28644,9,2
28644,17,1
28645,21,3
28646,38,1
28646,19,3
28647,9,1
28648,8,1
28648,22,2
28648,17,3
28649,37,3
28649,32,2
28650,3,2
28650,31,2
28650,0,1
28650,2,1
28651,8,3
28651,4,3
28652,25,2
28653,24,2
28653,25,3
28653,9,3
28653,11,1
28654,16,3
28654,6,3
28655,29,2
28655,34,3
28655,11,3
28655,3,1
28656,18,3
28656,24,2
28657,12,2
28657,4,2
28657,34,2
28658,33,2
28658,8,3
28659,28,1
28659,20,1
28660,34,3
28660,30,3
28661,3,2
28661,0,2
28662,21,2
28662,24,2
28662,3,3
28663,27,1
28663,0,3
28664,18,2
28664,15,3
28664,26,1
28665,3,2
28665,24,2
28666,6,2
28666,26,2
28667,32,2
28667,11,3
28667,37,1
28668,23,2
28668,21,3
28668,3,2
28668,15,3
28669,37,2
28669,25,3
28670,27,3
28670,25,3
28670,7,1
28670,20,3
28671,16,2
28671,3,1
28672,18,3
28672,7,1
28673,8,1
28673,12,2
28674,26,1
28674,30,3
28674,15,3
28674,9,2
28675,13,2
28676,26,3
28677,9,3
28677,25,1
28677,19,1
28677,2,2
28678,37,1
28678,23,3
28678,24,3
28679,15,2
28679,8,1
28679,24,2
28679,19,3
28680,15,3
28680,38,3
28680,37,1
28681,8,3
28681,3,3
28682,31,3
28683,38,3
28683,10,1
28683,3,3
28683,24,3
28684,24,3
28684,26,3
28684,6,3
28685,36,2
28685,19,1
28686,3,2
28687,23,3
28687,17,2
28687,9,2
28688,19,2
28688,1,2
28688,27,3
28689,15,2
28689,19,1
28689,25,3
28690,29,2
28690,9,1
28690,32,2
28690,20,3
28691,6,2
28691,5,3
28691,8,2
28692,30,1
28692,3,1
28692,36,1
28693,8,3
28693,9,2
28693,38,3
28694,19,3
28695,34,3
28695,21,3
28696,15,1
28696,26,3
28696,33,3
28696,37,3
28697,23,3
28698,8,3
28698,38,2
28699,9,2
28699,25,1
28699,8,3
28700,26,1
28700,37,1
28700,19,2
28700,2,1
28701,34,3
28701,3,2
28701,16,3
28702,26,3
28702,33,3
28703,31,2
28703,27,2
28703,24,2
28704,26,3
28705,38,2
28705,19,2
28705,1,1
28706,32,3
28706,34,2
28706,15,2
28707,11,3
28707,5,2
28708,20,3
28709,8,1
28710,26,3
28711,28,1
28711,19,1
28712,35,2
28712,23,2
28712,11,1
28713,6,2
28713,8,1
28713,23,1
28714,9,3
28714,26,3
28714,5,1
28715,14,2
28716,21,3
28716,18,1
28716,11,2
28716,24,1
28717,17,1
28718,13,1
28718,26,1
28718,16,1
28719,9,2
28720,7,2
28720,29,1
28720,9,2
28720,13,3
28721,14,1
28722,7,3
28722,18,2
28722,30,1
28723,8,3
28723,32,1
28724,19,3
28724,1,2
28724,25,3
28725,35,1
28725,24,3
28726,7,2
28726,34,3
28726,15,1
28727,36,2
28727,7,1
28728,31,2
28728,19,3
28729,16,2
28729,5,3
28729,25,3
28729,28,3
28730,29,2
28730,14,3
28730,4,3
28731,32,1
28731,21,1
28731,8,1
28731,33,3
28732,3,1
28733,15,2
28733,2,3
28733,22,1
28733,7,1
28734,36,2
28734,7,2
28734,3,2
28735,16,2
28736,20,2
28737,18,3
28737,19,1
28737,10,3
28738,38,1
28739,3,1
28739,31,1
28739,28,2
28740,34,1
28740,36,3
28740,7,2
28741,2,1
28741,29,1
28741,1,3
28741,35,3
28742,20,3
28742,29,2
28742,15,2
28743,13,3
28744,0,3
28745,31,2
28745,34,1
28745,4,3
28745,16,3
28746,13,3
28746,17,2
28746,9,3
28747,32,1
28747,9,2
28747,20,1
28747,2,1
28748,14,2
28748,10,3
28748,23,1
28748,25,1
28749,35,1
28749,0,1
28750,16,2
28750,28,1
28750,12,3
28751,32,2
28751,27,2
28751,33,1
28751,29,3
28752,20,3
28753,31,1
28753,29,3
28753,17,2
28754,24,1
28754,17,2
28754,31,2
28754,12,3
28755,8,2
28755,36,1
28755,1,2
28756,35,2
28756,15,1
28756,33,3
28757,2,3
28757,16,1
28757,35,3
28757,22,2
28758,3,3
28758,32,3
28759,1,3
28759,33,1
28760,21,1
28761,5,2
28762,1,2
28762,2,3
28762,33,3
28762,28,1
28763,0,2
28764,17,1
28764,20,1
28765,36,2
28766,38,2
28766,20,3
28766,6,2
28767,34,3
28767,24,3
28767,22,1
28768,34,3
28768,27,2
28768,28,3
28768,16,1
28769,14,3
28769,15,3
28769,32,1
28769,24,3
28770,29,1
28770,37,1
28770,14,1
28770,13,1
28771,11,2
28772,11,2
28772,6,1
28772,8,2
28772,32,3
28773,20,1
28773,31,3
28774,1,1
28774,18,2
28774,24,2
28774,6,3
28775,36,1
28776,21,3
28776,37,3
28776,10,2
28776,32,3
28777,21,3
28778,10,2
28778,31,1
28778,14,1
28778,5,1
28779,16,2
28779,10,1
28780,2,3
28781,3,3
28782,17,2
28782,26,1
28782,24,3
28783,17,1
28783,15,1
28783,32,3
28784,34,1
28784,5,3
28784,21,3
28784,7,3
28785,9,3
28786,32,3
28786,16,1
28787,19,3
28787,8,3
28787,36,2
28788,0,2
28789,31,1
28789,5,2
28790,28,1
28790,27,3
28790,2,3
28791,10,2
28791,27,2
28792,20,3
28792,19,2
28792,17,1
28793,32,3
28794,13,1
28794,37,1
28795,14,3
28796,16,1
28797,30,3
28797,14,1
28797,34,1
28797,7,1
28798,4,1
28798,34,1
28798,31,2
28799,5,1
28799,32,3
28799,15,2
28799,11,3
28800,37,2
28800,6,2
28801,33,1
28801,5,3
28802,21,1
28802,10,3
28802,37,2
28802,25,2
28803,18,2
28804,22,3
28804,2,2
28804,26,2
28804,28,2
28805,29,3
28805,0,3
28806,6,1
28806,22,2
28807,26,2
28807,2,1
28807,5,2
28808,36,3
28808,9,3
28808,32,3
28809,19,2
28809,30,1
28809,31,2
28810,11,1
28810,3,3
28810,26,1
28810,19,1
28811,18,3
28811,35,3
28811,30,2
28812,19,3
28812,35,2
28812,36,1
28813,27,1
28813,11,1
28814,31,2
28814,24,3
28814,29,1
28815,16,1
28815,29,3
28815,33,3
28816,34,2
28816,9,2
28816,4,3
28816,17,3
28817,0,2
28817,5,3
28818,24,2
28818,28,3
28818,3,2
28819,11,2
28820,19,1
28820,0,3
28820,16,3
28821,10,2
28821,34,1
28822,10,2
28822,31,1
28822,23,3
28822,0,1
28823,18,3
28823,5,3
28823,24,1
28823,32,3
28824,35,1
28824,36,1
28824,22,3
28825,9,1
28825,34,2
28825,28,3
28825,8,3
28826,36,2
28826,28,2
28827,36,1
28827,34,2
28828,10,2
28828,27,3
28828,38,1
28828,36,3
28829,3,1
28830,23,3
28831,15,2
28832,7,1
28832,24,2
28833,29,1
28833,12,2
28833,31,1
28834,9,1
28834,17,2
28834,25,2
28835,1,3
28836,14,1
28836,38,1
28836,26,3
28836,10,1
28837,4,3
28837,10,1
28838,38,1
28838,33,1
28838,0,1
28838,16,3
28839,30,2
28839,36,1
28840,28,1
28841,13,3
28841,0,1
28841,33,2
28841,34,2
28842,10,3
28842,21,2
28842,22,3
28842,19,2
28843,15,3
28843,21,2
28843,20,1
28843,4,2
28844,2,1
28844,25,2
28845,7,3
28845,20,1
28845,4,3
28845,15,3
28846,15,3
28846,6,3
28846,37,3
28846,19,1
28847,33,1
28847,28,2
28848,20,3
28848,18,3
28849,9,3
28849,37,3
28850,8,3
28850,23,1
28850,32,2
28850,22,3
28851,10,3
28851,23,3
28852,11,3
28852,30,3
28853,35,2
28853,24,3
28853,27,2
28853,37,2
28854,24,1
28855,16,3
28856,2,3
28857,19,2
28857,6,1
28857,15,2
28857,27,2
28858,35,3
28858,36,3
28859,16,1
28859,4,3
28860,3,1
28860,4,1
28860,18,3
28861,12,1
28861,28,2
28862,23,1
28862,28,1
28862,6,1
28863,31,1
28863,37,3
28864,11,2
28865,22,2
28865,0,3
28866,7,3
28866,3,3
28867,3,1
28867,24,2
28868,31,2
28869,6,2
28869,1,3
28869,38,3
28870,25,3
28870,0,1
28871,23,3
28872,22,1
28873,21,3
28873,37,3
28873,6,1
28873,16,3
28874,36,1
28874,26,2
28875,22,1
28875,4,1
28875,33,2
28875,34,1
28876,34,1
28876,19,3
28876,38,2
28876,4,3
28877,10,3
28878,38,3
28878,0,1
28879,5,2
28880,21,2
28880,28,2
28880,18,1
28881,0,1
28882,25,3
28882,26,2
28883,2,2
28883,11,1
28884,31,1
28884,20,2
28884,3,1
28885,27,3
28885,2,3
28885,18,3
28885,35,2
28886,20,3
28886,7,1
28886,14,2
28887,18,1
28887,20,2
28887,37,2
28888,37,2
28888,6,2
28889,34,3
28889,17,2
28890,35,2
28891,29,1
28891,2,2
28891,21,3
28891,7,2
28892,34,3
28892,37,3
28893,31,3
28894,25,1
28894,22,3
28894,7,3
28895,20,2
28895,0,3
28896,7,1
28896,18,3
28896,24,2
28897,1,2
28897,27,3
28898,18,2
28898,34,2
28898,3,3
28899,38,1
28899,29,2
28899,17,2
28899,10,2
28900,1,1
28900,22,3
28900,18,3
28900,14,2
28901,25,1
28902,1,1
28903,19,1
28904,38,1
28904,21,2
28905,19,2
28905,18,3
28906,35,2
28906,9,3
28906,10,2
28907,16,3
28907,18,1
28908,10,3
28909,15,3
28909,29,1
28909,31,3
28910,12,3
28910,20,1
28910,28,1
28911,6,3
28912,26,2
28912,8,1
28913,13,2
28914,26,3
28914,28,3
28915,12,2
28915,37,2
28915,11,1
28915,31,1
28916,16,3
28917,31,1
28917,29,2
28917,9,1
28917,17,1
28918,9,3
28918,13,1
28918,32,2
28918,34,1
28919,17,1
28920,21,1
28920,9,1
28920,4,2
28921,34,3
28921,6,3
28922,36,1
28923,4,1
28923,8,3
28923,35,3
28923,37,3
28924,0,2
28924,17,1
28924,31,1
28925,30,1
28926,36,2
28926,13,1
28927,38,2
28928,20,1
28929,3,3
28929,25,1
28929,9,3
28930,28,1
28930,7,3
28931,8,1
28932,7,3
28932,10,1
28932,29,3
28933,14,1
28934,30,1
28934,19,3
28934,4,3
28934,17,3
28935,22,1
28935,21,3
28935,26,3
28935,14,2
28936,21,3
28936,32,1
28937,2,2
28937,3,3
28938,13,1
28938,5,2
28938,33,2
28938,19,1
28939,22,1
28939,6,3
28940,29,3
28940,37,3
28940,24,1
28940,26,1
28941,35,3
28941,3,1
28941,22,2
28941,15,3
28942,5,2
28942,23,1
28942,6,3
28942,27,3
28943,19,2
28943,26,2
28944,31,1
28944,38,2
28945,5,2
28946,18,2
28946,8,1
28946,11,3
28947,17,2
28948,23,2
28948,38,1
28948,17,1
28948,19,1
28949,19,1
28949,14,3
28949,18,2
28949,26,2
28950,30,2
28951,34,3
28951,9,2
28951,17,3
28951,26,3
28952,26,2
28952,29,3
28952,1,3
28952,33,2
28953,3,2
28953,27,3
28953,2,3
28953,9,3
28954,24,1
28954,32,3
28954,38,1
28954,5,1
28955,8,3
28956,19,2
28957,22,2
28957,24,2
28957,0,1
28958,19,3
28958,36,1
28958,26,2
28958,30,2
28959,13,3
28959,29,1
28959,20,3
28959,16,3
28960,34,3
28960,19,2
28961,8,2
28961,7,1
28962,26,1
28963,3,1
28963,8,2
28963,9,2
28964,12,3
28964,25,2
28964,2,2
28964,31,2
28965,4,3
28965,26,3
28965,31,1
28965,0,2
28966,33,2
28966,37,2
28966,25,1
28967,17,2
28967,20,1
28968,8,1
28969,5,1
28970,3,2
28971,26,2
28971,3,1
28972,23,3
28972,35,2
28972,32,1
28972,33,1
28973,12,3
28973,35,2
28973,27,1
28974,3,2
28974,0,3
28974,28,2
28975,22,1
28975,35,1
28976,21,3
28976,32,3
28977,1,3
28978,12,3
28978,6,2
28978,5,1
28978,15,3
28979,19,1
28980,38,2
28980,1,2
28980,9,1
28981,18,1
28981,16,2
28982,28,2
28982,21,3
28983,24,2
28983,14,3
28983,23,1
28983,22,1
28984,25,3
28984,10,1
28984,3,3
28985,28,3
28986,7,2
28987,25,3
28987,22,3
28988,16,3
28988,9,3
28989,4,1
28989,15,1
28989,32,2
28990,34,3
28990,2,2
28990,32,1
28991,15,3
28991,4,2
28991,30,3
28992,34,3
28992,4,1
28993,20,1
28993,31,3
28994,35,2
28994,23,2
28994,27,1
28994,3,3
28995,36,2
28996,28,1
28996,18,3
28996,19,2
28997,7,3
28997,38,3
28998,23,1
28998,25,1
28998,15,1
28998,17,3
28999,9,3
28999,36,3
28999,21,3
29000,16,3
29000,29,2
29001,14,3
29002,24,3
29003,37,3
29003,14,1
29003,6,1
29004,8,2
29004,36,2
29004,23,3
29004,9,3
29005,18,3
29005,2,1
29005,11,1
29005,0,3
29006,11,1
29006,16,1
29006,31,1
29007,21,3
29008,12,2
29008,13,1
29008,10,1
29008,27,3
29009,16,1
29009,11,2
29009,15,1
29010,17,1
29010,1,2
29010,0,3
29010,35,1
29011,1,3
29011,38,2
29011,17,1
29012,14,2
29013,36,2
29013,22,2
29014,18,1
29014,0,3
29015,4,3
29015,30,2
29016,37,2
29016,32,2
29017,30,1
29017,1,3
29018,11,2
29018,22,2
29018,23,1
29018,32,2
29019,1,3
29019,21,1
29019,33,1
29020,12,3
29021,23,1
29021,2,1
29021,25,1
29022,25,3
29022,29,3
29022,14,1
29023,37,1
29023,4,2
29023,9,2
29023,27,1
29024,6,1
29025,37,2
29025,23,1
29025,34,1
29025,28,3
29026,0,3
29026,2,3
29027,33,2
29027,29,2
29028,37,3
29028,29,2
29028,35,2
29029,37,2
29029,29,3
29030,5,1
29030,13,3
29031,27,1
29031,4,3
29031,18,1
29032,28,2
29032,12,3
29032,29,3
29033,7,3
29034,17,2
29034,24,2
29035,8,1
29036,26,1
29036,29,3
29037,1,3
29037,12,1
29037,18,1
29037,16,3
29038,3,1
29039,34,2
29039,7,2
29040,27,2
29040,5,1
29040,1,1
29041,26,1
29042,12,2
29042,37,1
29042,19,1
29042,23,2
29043,5,3
29043,37,1
29043,13,1
29043,38,1
29044,21,2
29044,26,1
29045,32,1
29046,7,3
29046,11,1
29046,10,1
29046,36,1
29047,4,1
29048,37,1
29048,33,3
29049,7,3
29050,5,3
29051,25,2
29052,4,3
29052,38,1
29052,2,1
29053,14,2
29054,24,2
29054,20,3
29054,19,1
29054,32,1
29055,7,2
29056,5,3
29056,31,2
29056,18,1
29057,4,3
29057,12,1
29057,18,2
29057,32,1
29058,13,3
29058,17,3
29058,26,3
29058,27,1
29059,5,3
29059,28,1
29060,0,1
29060,5,2
29061,38,1
29061,25,1
29061,5,1
29061,29,3
29062,23,2
29062,2,2
29062,4,2
29063,3,2
29063,35,2
29064,25,1
29064,29,1
29064,4,1
29065,26,1
29065,6,1
29065,11,1
29065,18,1
29066,9,1
29066,16,3
29066,25,1
29066,20,3
29067,18,2
29067,37,1
29068,2,1
29068,28,1
29069,15,3
29070,38,3
29070,37,1
29070,32,1
29070,1,2
29071,16,1
29071,36,3
29071,28,1
29072,27,2
29072,12,1
29072,7,1
29073,16,2
29074,31,2
29074,11,1
29074,38,1
29074,4,2
29075,2,1
29075,37,1
29075,36,1
29075,14,1
29076,34,1
29077,5,3
29077,34,1
29077,30,3
29078,14,2
29079,9,1
29080,4,3
29080,9,1
29081,35,3
29081,11,1
29081,15,1
29081,32,1
29082,20,2
29082,14,1
29083,18,3
29083,4,1
29083,10,1
29084,13,3
29085,3,1
29085,32,1
29085,38,3
29086,29,1
29086,7,3
29086,4,2
29086,28,2
29087,32,1
29087,16,1
29087,31,1
29087,35,1
29088,18,2
29088,30,2
29088,31,2
29089,28,1
29090,28,2
29090,38,2
29090,35,2
29091,17,1
29091,32,3
29091,36,2
29092,20,1
29092,9,1
29092,5,1
29093,19,3
29094,2,2
29094,30,2
29094,32,1
29095,26,3
29095,18,1
29095,38,2
29096,25,3
29096,23,1
29096,32,3
29096,37,1
29097,34,3
29097,22,2
29098,20,2
29099,23,1
29099,5,2
29099,24,1
29099,7,1
29100,29,2
29101,4,1
29101,29,3
29102,36,1
29102,38,1
29102,0,1
29102,22,3
29103,23,3
29103,27,2
29104,17,1
29104,37,2
29104,35,1
29104,18,2
29105,12,3
29105,34,2
29105,18,2
29105,16,1
29106,1,2
29106,19,2
29107,33,3
29108,2,2
29108,20,1
29108,14,3
29108,15,2
29109,38,1
29109,21,2
29110,11,2
29111,25,3
29111,15,3
29111,19,2
29112,26,1
29113,4,3
29113,15,1
29114,5,2
29114,33,1
29114,29,1
29114,1,2
29115,31,2
29115,19,2
29116,12,3
29116,33,1
29117,30,1
29117,11,2
29117,32,2
29117,29,3
29118,20,2
29118,27,3
29118,12,3
29119,35,3
29120,6,1
29120,36,1
29120,30,1
29121,29,2
29121,1,2
29121,36,3
29122,6,1
29122,36,2
29122,18,3
29122,0,3
29123,37,2
29124,37,1
29125,13,2
29126,32,3
29126,11,3
29126,26,3
29127,28,3
29127,7,1
29127,35,2
29128,27,1
29128,28,3
29129,13,1
29129,38,1
29129,33,1
29129,22,3
29130,6,1
29130,29,3
29130,33,3
29131,10,3
29131,0,3
29131,1,1
29131,21,1
29132,10,3
29132,37,3
29132,36,1
29132,28,1
29133,25,1
29133,3,3
29133,23,3
29133,28,3
29134,22,2
29134,32,2
29134,5,1
29134,11,1
29135,6,2
29135,0,3
29136,37,3
29136,14,3
29136,22,1
29137,8,1
29137,29,1
29138,16,2
29139,37,1
29139,13,3
29139,8,1
29139,25,3
29140,18,2
29140,37,2
29140,19,1
29141,11,1
29142,29,1
29143,15,1
29143,20,3
29143,33,1
29144,13,3
29144,1,3
29144,35,1
29145,10,1
29146,29,2
29146,21,1
29146,38,1
29147,26,3
29148,32,1
29148,16,1
29148,27,2
29148,38,2
29149,4,3
29149,11,1
29149,19,3
29149,27,1
29150,31,3
29150,15,3
29151,36,1
29151,33,3
29152,2,3
29152,37,3
29153,0,2
29154,31,1
29154,2,1
29154,16,2
29155,16,2
29156,10,3
29156,26,2
29156,29,2
29157,29,2
29157,11,1
29157,1,2
29158,23,1
29159,23,1
29159,34,1
29159,4,3
29159,5,1
29160,11,3
29160,21,1
29160,13,1
29161,35,1
29161,7,1
29161,15,1
29161,28,3
29162,37,2
29162,33,1
29162,29,1
29163,38,1
29163,26,1
29163,10,1
29164,12,2
29164,34,2
29164,6,1
29164,35,2
29165,0,3
29165,33,1
29165,32,3
29166,33,3
29166,37,1
29166,21,1
29166,8,3
29167,31,3
29167,11,2
29167,10,1
29168,17,3
29168,31,2
29168,16,1
29168,20,1
29169,2,2
29170,23,2
29170,17,1
29171,0,2
29172,33,2
29172,6,3
29173,3,3
29173,5,1
29174,23,3
29175,35,2
29175,5,1
29175,23,1
29176,3,1
29177,21,1
29177,35,1
29178,3,2
29179,2,1
29179,31,1
29180,37,1
29180,18,1
29180,7,3
29180,11,3
29181,37,1
29181,8,1
29181,4,1
29181,27,1
29182,31,2
29182,15,3
29182,7,3
29182,16,1
29183,27,2
29183,21,1
29184,17,2
29185,3,2
29185,16,2
29185,26,1
29185,8,1
29186,34,3
29187,10,3
29188,13,3
29188,18,1
29188,37,1
29189,2,3
29189,4,1
29190,9,1
29190,2,1
29190,1,3
29190,27,3
29191,23,1
29192,12,2
29192,9,1
29193,35,1
29193,21,2
29194,2,2
29195,0,3
29196,16,1
29196,3,1
29197,34,3
29197,6,3
29197,27,1
29197,19,3
29198,26,3
29198,10,3
29198,28,3
29198,1,1
29199,30,2
29199,10,2
29200,5,1
29201,20,1
29202,2,1
29203,7,1
29204,0,3
29204,21,2
29205,38,2
29205,24,1
29206,11,2
29207,32,3
29207,18,2
29207,19,2
29207,29,3
29208,19,2
29208,10,3
29208,36,2
29209,27,2
29209,5,3
29209,21,2
29210,4,3
29211,29,1
29211,19,1
29211,1,3
29212,13,3
29212,18,3
29212,31,1
29213,16,1
29213,38,3
29213,4,2
29213,28,3
29214,31,1
29214,23,1
29214,2,3
29215,31,1
29215,11,1
29216,22,1
29216,26,1
29216,9,3
29217,10,1
29217,30,3
29217,23,3
29218,23,1
29218,15,2
29218,24,3
29219,3,2
29220,19,3
29220,17,2
29220,35,2
29220,5,2
29221,4,1
29221,34,3
29221,21,2
29221,33,1
29222,27,3
29222,36,1
29222,19,3
29222,12,2
29223,22,3
29223,31,2
29223,12,1
29223,26,2
29224,10,3
29224,33,2
29224,24,3
29225,18,3
29225,34,3
29225,1,1
29225,9,3
29226,14,2
29227,34,3
29227,24,2
29227,20,1
29227,1,3
29228,7,2
29228,26,3
29229,19,1
29229,35,1
29229,21,1
29229,18,1
29230,8,2
29230,24,2
29230,5,3
29231,36,3
29232,34,2
29232,13,1
29233,8,2
29234,9,1
29234,30,3
29234,13,2
29235,36,2
29236,38,3
29236,6,3
29236,12,2
29236,10,3
29237,24,3
29237,36,3
29237,14,1
29238,23,3
29238,4,3
29238,18,3
29239,24,1
29239,8,1
29240,37,3
29240,2,2
29240,23,1
29240,8,2
29241,10,1
29241,27,3
29242,17,1
29242,33,3
29242,25,1
29242,32,1
29243,21,2
29243,4,3
29243,14,2
29243,15,1
29244,29,3
29244,37,3
29244,13,1
29245,22,3
29245,25,1
29245,20,1
29246,34,2
29246,8,3
29246,6,3
29246,25,3
29247,1,2
29248,2,3
29248,28,1
29248,1,2
29248,15,1
29249,11,1
29249,16,1
29249,26,1
29250,8,1
29251,36,2
29252,24,3
29253,12,3
29253,13,1
29253,24,1
29254,11,1
29254,8,2
29255,33,2
29255,35,1
29256,16,2
29256,6,1
29256,25,2
29257,19,2
29257,15,1
29257,25,3
29258,13,3
29258,11,1
29259,9,3
29259,38,1
29259,17,1
29260,33,3
29260,12,2
29260,4,1
29260,11,2
29261,1,1
29261,10,3
29261,5,3
29261,30,1
29262,22,2
29262,33,2
29262,8,1
29262,2,2
29263,9,2
29263,16,2
29264,32,3
29264,30,3
29265,16,1
29265,31,2
29265,37,3
29265,11,1
29266,22,3
29266,36,2
29267,34,1
29267,36,1
29267,27,3
29268,21,2
29268,19,2
29269,21,1
29270,9,3
29270,25,2
29270,24,1
29271,12,1
29271,11,1
29271,16,1
29271,20,3
29272,5,2
29272,10,1
29272,32,3
29272,11,2
29273,17,1
29274,26,3
29274,1,3
29275,9,3
29275,37,1
29275,25,3
29275,17,2
29276,18,3
29276,11,3
29277,35,2
29278,22,1
29278,2,3
29278,10,1
29279,16,3
29280,16,3
29280,30,1
29280,37,2
29280,26,3
29281,29,3
29281,5,3
29281,14,2
29281,19,1
29282,30,3
29282,4,3
29282,34,1
29283,24,1
29284,31,3
29284,30,1
29284,24,2
29285,34,1
29286,14,2
29286,19,3
29287,36,2
29287,35,3
29288,31,2
29288,8,1
29288,15,3
29288,38,2
29289,24,3
29289,13,2
29290,2,2
29290,32,1
29290,24,2
29291,7,3
29291,3,3
29292,28,1
29292,2,3
29292,3,3
29293,5,2
29293,3,3
29293,34,1
29294,17,1
29294,1,3
29294,22,1
29294,7,1
29295,34,1
29295,31,1
29295,4,3
29296,11,1
29296,15,2
29296,1,2
29296,9,1
29297,13,2
29297,4,3
29297,0,1
29298,0,3
29298,36,3
29299,5,3
29300,18,2
29300,27,3
29300,8,1
29301,33,1
29301,14,2
29302,15,1
29302,12,1
29302,36,1
29303,12,3
29303,35,2
29303,6,3
29303,3,1
29304,23,2
29304,32,2
29304,0,2
29305,25,1
29306,18,3
29306,0,3
29306,7,2
29307,32,2
29307,24,2
29307,30,3
29307,10,2
29308,10,2
29308,14,1
29309,20,3
29309,25,2
29310,8,2
29311,37,1
29311,26,2
29311,14,3
29311,6,3
29312,32,2
29313,0,3
29314,25,3
29314,38,1
29315,8,2
29316,10,3
29317,15,3
29317,10,1
29318,8,2
29318,25,3
29318,9,1
29318,34,1
29319,15,1
29319,34,3
29319,1,1
29320,24,3
29320,13,3
29320,33,3
29320,5,3
29321,17,1
29322,27,1
29322,0,1
29322,4,2
29323,4,3
29323,0,1
29323,26,1
29323,2,3
29324,23,2
29324,15,2
29324,29,2
29325,35,1
29326,0,2
29326,16,2
29326,33,3
29327,30,3
29328,28,2
29328,33,3
29329,5,2
29329,23,3
29329,28,3
29329,10,2
29330,16,3
29330,36,2
29330,19,3
29331,35,3
29332,26,1
29333,0,3
29333,26,1
29333,36,3
29333,24,1
29334,2,1
29334,8,2
29335,6,1
29335,13,3
29335,21,3
29336,7,2
29337,29,1
29338,23,2
29338,1,1
29338,27,1
29339,22,3
29339,9,2
29340,6,1
29341,24,2
29341,16,3
29341,26,2
29341,37,1
29342,26,2
29342,36,2
29342,22,2
29342,3,2
29343,27,1
29344,33,1
29344,21,3
29344,4,2
29344,2,2
29345,22,2
29345,8,3
29345,31,3
29346,32,1
29347,13,1
29348,35,3
29348,8,3
29348,24,2
29349,23,1
29349,20,2
29349,33,2
29350,17,2
29351,6,3
29352,32,2
29352,24,1
29352,1,1
29352,10,3
29353,28,2
29353,36,2
29353,38,3
29353,16,3
29354,12,1
29354,21,1
29355,13,3
29355,5,3
29355,35,3
29356,0,2
29356,35,2
29357,6,3
29357,33,2
29357,9,2
29358,26,2
29358,29,2
29358,23,3
29359,23,1
29359,27,1
29359,19,3
29360,28,1
29360,12,3
29361,15,1
29361,1,1
29362,0,2
29362,15,1
29362,31,2
29363,37,3
29363,24,3
29364,34,2
29364,1,3
29364,32,2
29365,13,1
29365,37,2
29365,19,2
29365,33,1
29366,13,2
29367,17,3
29368,34,2
29369,9,3
29369,5,1
29369,11,2
29369,4,1
29370,1,2
29371,16,3
29372,3,1
29372,24,2
29372,17,3
29373,14,2
29373,6,3
29374,25,3
29374,37,3
29374,11,1
29374,38,3
29375,17,2
29375,22,2
29375,20,3
29376,25,2
29377,34,2
29378,36,3
29378,38,3
29378,18,2
29378,11,1
29379,34,2
29379,28,3
29379,8,2
29379,13,3
29380,18,2
29381,17,1
29381,28,2
29381,32,3
29382,13,2
29383,32,1
29383,6,2
29383,4,1
29384,36,2
29384,8,1
29384,17,1
29385,18,1
29386,25,1
29387,31,2
29388,25,3
29388,3,2
29388,33,1
29388,18,2
29389,25,3
29390,8,2
29391,33,3
29391,18,2
29391,29,2
29392,4,3
29392,26,3
29393,19,2
29393,21,2
29393,11,2
29393,29,3
29394,13,3
29394,2,3
29394,8,2
29394,34,1
29395,16,1
29395,12,3
29395,4,1
29396,19,1
29397,20,3
29398,1,1
29398,22,2
29398,13,3
29398,36,2
29399,33,1
29399,11,2
29399,36,3
29399,30,1
29400,19,2
29400,10,1
29400,34,1
29400,28,3
29401,20,3
29401,21,3
29401,15,3
29402,3,1
29403,5,3
29403,27,2
29403,38,1
29404,38,1
29404,28,1
29404,27,3
29404,9,2
29405,32,1
29405,20,3
29406,27,1
29407,37,2
29407,24,3
29408,22,3
29409,5,2
29409,3,3
29410,15,3
29411,10,1
29411,35,3
29411,3,1
29411,33,1
29412,15,1
29412,31,1
29413,9,3
29413,4,2
29413,13,1
29414,10,1
29414,16,3
29414,25,3
29414,1,3
29415,5,2
29415,34,2
29415,24,3
29415,12,3
29416,26,3
29416,10,2
29416,0,3
29416,13,3
29417,37,3
29417,36,2
29418,34,2
29418,10,1
29418,31,1
29419,25,3
29420,7,2
29420,0,2
29421,1,3
29421,10,2
29421,33,3
29422,21,2
29422,33,2
29423,14,2
29423,36,1
29423,37,1
29423,10,1
29424,25,3
29424,10,2
29425,0,2
29425,25,2
29425,32,3
29425,20,3
29426,37,3
29426,32,3
29426,25,2
29427,36,1
29427,8,3
29427,25,2
29428,10,3
29428,16,3
29429,35,2
29429,37,3
29429,3,2
29429,27,2
29430,28,2
29430,35,3
29430,31,2
29431,17,1
29431,26,2
29432,14,1
29432,37,1
29432,2,1
29433,10,1
29433,28,1
29434,3,1
29434,1,3
29434,12,1
29434,23,1
29435,2,1
29436,26,1
29436,14,1
29437,9,1
29437,34,3
29437,26,2
29438,30,2
29438,19,3
29438,11,3
29438,12,2
29439,7,3
29440,0,2
29440,37,2
29440,29,3
29440,27,3
29441,3,1
29441,7,3
29441,0,2
29442,20,3
29442,27,1
29443,20,1
29443,17,1
29444,24,1
29444,34,1
29444,30,1
29444,2,3
29445,5,2
29445,8,1
29446,12,1
29446,32,3
29446,24,2
29446,13,2
29447,36,2
29447,2,1
29447,0,3
29447,15,2
29448,25,1
29448,29,2
29448,6,3
29449,13,2
29450,29,1
29450,6,3
29450,24,2
29451,13,3
29451,33,3
29452,0,2
29452,14,3
29453,34,3
29453,27,1
29453,21,1
29454,14,2
29454,34,3
29455,28,2
29455,32,3
29456,9,3
29456,28,2
29456,22,3
29457,14,2
29457,37,2
29457,11,3
29458,15,3
29459,12,1
29459,37,2
29460,24,1
29461,14,2
29462,23,2
29463,38,2
29463,5,1
29464,19,2
29464,13,1
29465,3,3
29465,33,2
29465,1,2
29466,27,1
29466,32,1
29467,35,3
29467,3,2
29467,18,3
29467,17,1
29468,4,1
29468,33,2
29468,30,1
29468,0,3
29469,2,2
29469,27,2
29469,18,1
29470,2,2
29470,0,2
29470,5,1
29470,24,2
29471,22,3
29471,34,2
29471,27,2
29471,28,1
29472,19,3
29473,13,1
29473,12,1
29473,37,3
29473,6,2
29474,34,2
29475,0,1
29475,15,1
29476,30,2
29476,15,3
29477,18,1
29477,28,1
29477,27,1
29478,29,2
29478,23,2
29478,27,1
29479,23,3
29479,22,3
29480,17,2
29481,30,1
29482,34,1
29482,7,1
29482,20,2
29483,22,3
29484,33,2
29485,29,3
29485,10,1
29486,34,1
29486,5,3
29486,21,3
29486,0,2
29487,25,1
29487,36,3
29488,0,2
29488,15,3
29488,18,1
29489,34,2
29489,7,1
29490,15,2
29490,16,2
29490,8,1
29490,19,2
29491,4,2
29491,19,3
29491,36,3
29491,33,1
29492,2,1
29492,21,3
29492,17,3
29493,15,3
29493,6,3
29494,7,3
29494,26,2
29494,36,2
29494,11,1
29495,34,2
29496,29,2
29496,28,1
29496,20,2
29497,38,3
29497,4,2
29498,13,1
29498,32,1
29498,11,1
29499,12,2
29499,13,1
29499,21,1
29499,15,1
29500,26,2
29500,18,2
29501,32,3
29501,22,3
29501,37,2
29502,21,3
29502,7,2
29502,31,1
29502,12,1
29503,35,3
29503,13,1
29503,20,1
29504,25,3
29504,11,3
29505,15,3
29506,2,3
29506,19,1
29506,31,3
29507,1,1
29507,11,2
29508,17,1
29508,21,1
29508,22,3
29509,21,2
29509,10,3
29509,31,3
29510,22,1
29510,26,1
29510,31,1
29511,5,2
29511,21,2
29512,4,3
29512,16,3
29512,10,2
29513,27,3
29513,36,2
29514,5,3
29514,20,1
29514,21,3
29514,4,1
29515,0,3
29515,17,2
29516,36,2
29516,20,2
29516,0,3
29517,9,1
29517,20,3
29517,11,3
29518,2,2
29519,2,3
29520,29,3
29520,32,3
29521,23,1
29521,15,2
29521,18,1
29522,37,3
29523,32,2
29523,6,3
29524,26,2
29525,4,1
29525,18,1
29526,2,3
29527,16,3
29527,35,2
29527,4,2
29527,9,2
29528,1,2
29528,25,2
29529,23,1
29529,10,2
29529,36,1
29530,9,3
29531,5,3
29531,31,3
29532,20,1
29532,11,2
29533,27,2
29533,14,2
29534,19,1
29534,24,1
29535,28,3
29535,37,1
29535,3,3
29535,1,3
29536,19,3
29537,24,1
29537,26,1
29537,38,1
29537,27,3
29538,5,3
29538,14,1
29538,9,2
29538,20,2
29539,37,1
29539,13,3
29540,27,1
29540,35,2
29540,34,2
29541,11,3
29541,2,2
29542,27,2
29542,21,2
29542,9,3
29543,20,3
29543,6,3
29543,26,2
29544,30,1
29544,34,1
29545,2,2
29546,35,1
29546,0,1
29547,25,2
29547,35,1
29547,4,3
29548,11,3
29548,32,2
29549,18,3
29549,29,1
29549,20,2
29549,3,1
29550,24,1
29550,4,1
29550,13,1
29551,26,2
29551,20,2
29551,31,3
29551,30,2
29552,17,3
29552,0,1
29553,8,3
29553,33,2
29554,8,2
29554,2,3
29554,16,2
29555,28,2
29555,31,3
29555,13,2
29555,3,3
29556,2,2
29556,0,2
29556,8,1
29556,3,1
29557,15,1
29557,1,3
29557,30,3
29557,10,1
29558,33,2
29558,8,3
29558,1,1
29559,16,3
29560,35,2
29560,20,1
29560,32,2
29560,16,3
29561,25,1
29561,37,1
29562,22,2
29562,34,1
29562,29,3
29562,30,1
29563,28,3
29563,18,3
29563,24,2
29563,23,3
29564,32,1
29564,13,1
29565,21,2
29566,18,1
29566,9,3
29566,28,2
29567,27,3
29567,3,2
29568,3,3
29568,15,2
29568,31,3
29568,34,3
29569,31,3
29569,11,3
29570,13,1
29571,32,1
29571,12,2
29571,18,2
29572,9,2
29572,6,3
29573,26,1
29574,23,1
29574,10,3
29574,27,1
29574,2,3
29575,38,1
29575,18,2
29576,18,2
29576,32,2
29576,1,1
29576,25,2
29577,12,2
29578,8,1
29578,15,2
29579,16,1
29579,31,2
29580,22,1
29581,37,1
29582,9,2
29582,25,3
29583,3,1
29584,23,3
29584,2,1
29585,32,3
29585,4,3
29585,14,2
29586,11,3
29586,28,1
29586,22,3
29587,23,2
29587,14,1
29587,30,1
29588,9,2
29588,16,3
29588,24,3
29589,27,2
29590,38,1
29590,25,3
29591,16,2
29591,9,2
29591,38,1
29592,4,2
29592,12,3
29593,24,3
29593,12,3
29594,18,1
29594,33,2
29594,11,2
29595,28,3
29595,22,1
29595,4,2
29596,9,1
29596,25,2
29597,35,3
29598,16,3
29598,24,2
29598,5,3
29599,13,3
29599,3,2
29600,9,3
29600,19,2
29600,16,1
29600,25,1
29601,17,1
29601,38,2
29602,14,3
29602,38,2
29603,36,1
29603,16,1
29603,21,2
29603,18,3
29604,12,3
29605,12,1
29605,19,3
29606,18,1
29607,38,3
29607,31,1
29608,28,2
29608,5,3
29608,29,2
29609,31,2
29609,7,2
29609,14,1
29609,0,2
29610,28,1
29610,22,2
29611,18,3
29611,36,2
29611,34,1
29611,7,2
29612,11,1
29612,36,3
29613,21,1
29614,11,2
29614,38,3
29615,5,2
29615,37,2
29616,31,3
29616,3,1
29616,23,3
29616,15,1
29617,36,3
29617,14,3
29618,4,2
29619,0,1
29619,35,3
29619,5,1
29620,3,1
29620,31,1
29620,30,3
29621,1,1
29621,3,1
29622,36,1
29623,33,2
29624,28,1
29624,33,1
29624,35,2
29624,10,3
29625,1,3
29625,26,2
29625,13,3
29626,18,2
29626,5,2
29626,2,1
29626,23,3
29627,38,1
29627,29,2
29627,36,2
29627,30,1
29628,12,2
29629,14,1
29630,16,3
29630,20,2
29630,1,2
29630,27,1
29631,1,2
29631,28,2
29631,18,2
29632,28,3
29632,26,1
29633,38,3
29634,20,3
29635,17,3
29636,31,2
29636,25,1
29636,28,3
29636,38,3
29637,37,3
29637,18,2
29637,19,2
29638,12,1
29638,15,3
29639,9,1
29639,17,2
29640,13,2
29640,18,1
29640,31,3
29641,18,2
29641,25,3
29641,9,2
29642,38,1
29642,8,3
29642,28,3
29643,34,3
29643,19,2
29644,2,3
29645,18,3
29646,17,1
29646,29,2
29647,26,2
29647,17,1
29648,10,1
29648,8,2
29648,24,1
29649,38,1
29650,30,2
29650,15,2
29651,12,1
29651,35,3
29651,16,1
29651,22,1
29652,14,3
29652,30,2
29652,15,1
29652,24,3
29653,25,1
29653,14,2
29653,1,3
29654,29,3
29655,32,1
29655,34,2
29655,0,2
29655,24,1
29656,28,1
29656,37,2
29656,24,1
29657,18,1
29658,15,1
29658,22,1
29658,20,3
29659,36,3
29660,18,2
29660,22,2
29660,16,1
29661,14,1
29661,11,1
29661,9,2
29661,30,3
29662,31,3
29662,12,2
29662,8,2
29663,9,2
29663,10,1
29664,29,2
29665,23,1
29665,36,3
29666,4,3
29666,17,3
29666,27,1
29667,0,1
29668,19,2
29668,38,3
29669,19,1
29669,30,3
29670,35,3
29671,0,1
29671,36,2
29672,5,3
29672,37,3
29672,14,1
29672,24,2
29673,17,1
29673,9,3
29674,37,3
29674,22,3
29674,28,3
29675,19,2
29675,8,3
29675,6,2
29675,12,1
29676,10,1
29676,19,3
29676,30,3
29677,27,2
29677,16,1
29677,6,3
29678,30,2
29678,23,3
29679,4,2
29679,34,2
29679,38,3
29680,11,3
29680,22,2
29680,34,2
29681,1,3
29681,14,1
29681,22,1
29681,5,3
29682,16,1
29682,38,1
29683,26,1
29683,22,1
29683,11,1
29684,27,1
29684,16,2
29684,14,2
29684,8,2
29685,14,1
29685,1,1
29685,37,3
29685,25,3
29686,18,2
29687,13,1
29687,23,3
29688,38,2
29688,6,2
29689,37,2
29689,13,3
29690,13,3
29691,4,2
29692,15,1
29692,7,1
29693,16,1
29693,22,2
29693,10,2
29693,34,3
29694,38,1
29695,0,1
29695,1,2
29695,20,2
29695,35,2
29696,12,3
29697,30,2
29697,31,3
29697,9,1
29697,11,2
29698,6,3
29699,11,3
29699,12,3
29699,33,1
29700,11,3
29700,13,1
29701,27,3
29702,9,1
29702,19,2
29702,25,1
29703,1,2
29704,13,3
29704,15,3
29704,20,1
29704,3,3
29705,1,1
29705,12,2
29706,1,1
29706,13,1
29707,34,1
29707,32,1
29707,28,1
29708,32,2
29708,16,1
29709,27,2
29710,11,3
29710,12,3
29710,3,3
29711,6,1
29712,30,1
29713,20,3
29714,29,2
29714,22,2
29715,22,2
29715,24,2
29715,13,2
29716,28,2
29716,16,3
29716,0,1
29716,27,2
29717,37,2
29717,22,1
29717,24,3
29718,36,3
29718,0,1
29719,6,1
29719,36,2
29720,26,1
29720,9,2
29721,5,2
29721,18,1
29721,19,3
29721,36,1
29722,37,2
29722,24,1
29722,9,1
29723,11,3
29723,1,3
29723,10,3
29723,38,3
29724,26,1
29724,20,3
29724,22,3
29725,19,3
29725,5,1
29725,23,2
29726,24,2
29726,17,2
29727,14,2
29727,4,3
29728,20,2
29728,36,1
29729,14,1
29729,31,1
29730,34,1
29730,31,2
29731,6,3
29732,15,1
29732,1,3
29732,32,3
29733,2,3
29733,28,3
29733,13,2
29733,35,3
29734,8,2
29734,16,1
29734,26,3
29734,3,2
29735,5,3
29735,19,1
29735,37,1
29735,7,1
29736,1,2
29736,20,2
29737,16,3
29737,5,3
29738,34,1
29739,19,2
29739,30,3
29739,22,3
29740,32,1
29740,38,2
29741,20,1
29741,3,1
29741,13,3
29742,12,1
29742,33,1
29743,8,2
29743,30,3
29743,38,2
29744,34,1
29744,38,2
29744,28,2
29744,23,3
29745,5,2
29745,28,1
29745,35,1
29745,34,3
29746,3,2
29746,22,2
29747,23,1
29747,26,1
29747,6,1
29747,28,2
29748,0,3
29748,35,1
29748,5,2
29749,13,3
29750,13,3
29750,1,2
29751,14,2
29751,35,3
29751,12,2
29752,20,3
29752,36,2
29753,1,3
29753,36,2
29753,30,1
29754,1,2
29755,24,2
29755,25,1
29755,19,2
29755,2,3
29756,36,3
29756,31,1
29756,26,1
29757,27,3
29757,0,1
29757,20,3
29758,8,2
29758,35,3
29758,20,3
29759,37,3
29759,15,3
29760,10,1
29760,31,3
29760,37,3
29760,5,1
29761,6,1
29762,31,2
29762,23,1
29762,26,1
29763,11,2
29763,23,2
29764,25,1
29765,24,3
29765,23,1
29766,37,1
29766,4,1
29767,25,3
29767,18,1
29767,17,1
29767,9,2
29768,30,1
29768,18,3
29769,2,3
29770,32,1
29770,20,2
29770,14,2
29771,10,2
29772,27,1
29772,5,2
29772,8,1
29773,16,3
29773,3,2
29774,3,2
29775,16,2
29775,20,1
29775,35,1
29776,2,1
29776,35,1
29777,8,1
29777,34,3
29777,10,1
29778,9,2
29778,17,2
29779,0,3
29779,5,1
29780,33,3
29780,2,3
29781,21,3
29781,35,1
29781,9,2
29781,4,1
29782,6,1
29782,31,2
29783,18,2
29784,5,3
29784,11,1
29784,17,3
29785,13,3
29785,27,1
29785,7,1
29786,14,2
29786,36,1
29787,28,1
29788,19,3
29789,16,2
29790,7,1
29790,16,3
29791,19,3
29791,28,2
29791,7,1
29792,29,2
29792,24,1
29792,25,3
29792,6,2
29793,7,1
29793,31,1
29793,21,2
29794,25,2
29794,20,3
29795,8,3
29796,34,2
29797,23,3
29797,8,2
29798,29,1
29798,5,2
29798,8,1
29799,6,3
29799,18,3
29799,33,2
29799,17,3
29800,33,1
29800,17,3
29800,16,2
29800,12,2
29801,18,2
29802,10,2
29802,6,1
29802,15,1
29802,30,3
29803,10,3
29804,25,1
29804,33,1
29804,15,2
29805,22,1
29805,37,1
29805,33,2
29805,29,1
29806,13,3
29806,28,3
29806,23,1
29806,5,3
29807,12,1
29807,22,3
29807,30,1
29808,7,1
29809,0,1
29809,38,3
29809,20,2
29810,22,1
29811,4,3
29811,16,3
29812,5,1
29812,27,2
29812,13,3
29812,10,3
29813,23,2
29813,10,1
29814,36,2
29814,37,1
29815,10,3
29816,16,3
29816,12,1
29816,17,3
29816,6,3
29817,15,2
29817,26,2
29817,13,1
29817,18,1
29818,7,2
29818,6,2
29818,15,2
29819,36,2
29820,13,2
29820,17,2
29821,19,2
29821,38,1
29821,31,1
29821,4,2
29822,14,3
29823,38,2
29823,4,3
29824,9,1
29824,14,2
29824,18,2
29824,22,1
29825,18,3
29825,23,1
29825,5,1
29825,27,2
29826,20,3
29827,36,1
29827,31,3
29828,9,3
29828,30,3
29828,11,3
29828,1,1
29829,26,3
29829,33,3
29830,12,1
29830,24,3
29830,6,3
29830,34,3
29831,23,3
29831,30,1
29832,27,2
29833,29,2
29833,21,2
29833,17,3
29833,9,2
29834,4,1
29834,6,1
29834,16,3
29835,10,2
29835,33,2
29835,2,3
29836,29,3
29836,6,3
29837,0,2
29837,5,1
29838,26,1
29838,29,2
29839,1,3
29840,2,1
29841,11,3
29841,21,3
29842,17,1
29842,30,2
29842,2,2
29842,24,2
29843,14,3
29843,23,3
29843,7,1
29844,4,2
29844,25,1
29845,29,1
29845,14,2
29845,5,3
29846,20,2
29847,16,1
29847,21,1
29848,23,2
29848,6,1
29848,27,3
29848,2,1
29849,30,2
29849,14,3
29849,11,1
29849,6,1
29850,36,3
29850,1,2
29850,34,2
29850,13,1
29851,35,2
29851,37,1
29852,24,1
29852,22,1
29852,38,3
29852,0,1
29853,15,3
29854,32,1
29855,3,3
29855,33,3
29856,4,1
29856,36,3
29857,32,1
29858,27,2
29858,7,1
29858,16,1
29859,4,3
29860,37,2
29860,32,3
29860,13,2
29860,7,2
29861,26,1
29861,38,2
29861,32,3
29862,6,3
29862,30,3
29862,10,3
29863,36,3
29863,25,1
29864,6,2
29865,2,3
29865,5,2
29866,19,1
29866,6,1
29867,18,3
29868,23,2
29868,10,1
29868,30,2
29869,5,1
29870,34,1
29870,22,3
29871,8,1
29872,18,3
29872,28,3
29872,38,2
29873,29,1
29874,6,1
29874,34,2
29874,1,2
29875,4,3
29875,32,2
29875,6,2
29876,35,3
29877,9,1
29877,20,3
29877,16,1
29877,24,2
29878,19,1
29878,9,2
29878,36,3
29879,36,3
29879,29,3
29879,23,1
29879,22,1
29880,32,2
29881,13,2
29882,17,1
29882,29,3
29882,27,2
29883,7,1
29883,14,2
29884,28,3
29884,24,2
29884,6,2
29884,18,1
29885,26,2
29885,25,1
29886,32,2
29886,29,1
29886,16,3
29886,34,1
29887,18,1
29887,33,2
29887,13,1
29887,6,3
29888,12,2
29888,16,1
29888,32,1
29888,38,3
29889,4,2
29889,15,2
29889,11,2
29889,7,1
29890,14,2
29890,15,1
29890,4,3
29891,29,3
29892,30,2
29893,22,3
29894,13,3
29895,4,3
29895,31,3
29895,37,3
29895,23,1
29896,23,3
29896,33,1
29897,17,2
29897,20,3
29897,4,3
29898,3,3
29898,35,3
29899,29,1
29900,38,1
29901,21,3
29901,17,1
29901,20,1
29901,18,1
29902,7,1
29902,9,2
29902,22,3
29902,2,2
29903,7,1
29903,9,1
29903,15,3
29903,35,2
29904,29,2
29904,33,2
29904,21,1
29905,38,1
29906,15,2
29906,4,1
29906,35,2
29907,3,3
29907,36,2
29907,22,3
29908,20,2
29908,10,2
29908,0,3
29909,16,1
29909,19,1
29909,9,1
29910,1,2
29910,15,1
29911,9,1
29911,22,2
29912,19,3
29912,38,2
29913,5,3
29914,22,3
29915,21,3
29915,37,2
29915,2,2
29916,17,3
29916,14,1
29917,34,2
29917,13,3
29917,31,2
29918,27,2
29919,10,3
29920,3,1
29920,21,1
29920,24,1
29920,19,3
29921,8,1
29921,20,3
29921,19,2
29921,33,2
29922,28,2
29923,36,2
29923,29,3
29923,22,1
29923,26,2
29924,30,1
29925,38,1
29925,21,2
29926,14,2
29927,38,2
29927,36,2
29927,18,2
29928,13,3
29929,23,3
29930,11,3
29930,31,2
29931,14,1
29931,11,1
29931,32,3
29931,38,2
29932,31,3
29933,9,2
29933,27,1
29933,24,3
29933,26,1
29934,17,3
29934,21,2
29934,19,1
29934,25,2
29935,5,3
29936,25,3
29936,29,2
29937,17,1
29937,28,3
29937,14,1
29938,23,2
29939,7,1
29939,5,3
29940,22,3
29940,19,3
29940,0,2
29940,31,3
29941,11,2
29942,6,2
29942,24,2
29942,17,2
29943,25,1
29944,3,3
29944,25,3
29944,10,1
29945,5,3
29945,7,1
29946,38,1
29946,28,1
29947,14,2
29948,4,2
29948,21,1
29949,25,2
29949,27,3
29950,16,3
29951,36,3
29951,24,3
29951,38,1
29951,16,2
29952,7,2
29952,29,3
29952,3,3
29952,28,3
29953,38,2
29953,34,2
29954,33,1
29954,34,2
29954,20,2
29954,14,1
29955,12,2
29955,16,2
29956,23,1
29957,26,1
29957,37,3
29957,10,2
29958,12,3
29959,2,1
29959,20,3
29959,38,1
29959,9,2
29960,10,2
29961,12,1
29961,25,2
29962,28,3
29962,25,3
29963,0,3
29963,38,1
29963,4,2
29963,9,3
29964,27,2
29965,27,2
29965,25,3
29965,3,1
29965,32,1
29966,27,3
29966,0,3
29966,20,2
29967,36,3
29967,26,1
29968,0,2
29968,12,2
29968,30,1
29968,1,3
29969,38,1
29969,30,2
29969,26,2
29969,2,3
29970,38,1
29970,25,1
29971,29,1
29971,34,1
29971,14,2
29971,30,2
29972,36,2
29972,29,1
29972,3,3
29973,0,2
29974,36,1
29974,23,2
29974,14,2
29975,30,2
29975,35,3
29976,25,1
29977,29,1
29978,28,3
29979,28,3
29980,27,3
29980,11,3
29980,9,2
29981,3,1
29982,15,3
29983,29,1
29983,36,3
29984,18,3
29984,24,3
29984,16,1
29985,33,3
29985,8,2
29985,9,2
29986,28,2
29986,16,3
29987,8,2
29987,27,2
29987,17,3
29987,20,2
29988,7,2
29988,11,3
29988,26,1
29989,26,2
29990,6,1
29991,15,3
29991,3,1
29991,1,1
29991,4,3
29992,10,2
29992,31,2
29992,0,1
29993,37,1
29993,29,2
29994,33,2
29994,37,2
29994,20,1
29995,8,3
29996,35,1
29996,1,3
29996,4,3
29996,20,2
29997,34,1
29997,12,3
29997,33,1
29998,29,3
29998,33,3
29999,31,3
30000,23,1
30000,36,1
30001,8,3
30001,10,2
30001,16,2
30002,7,1
30002,13,2
30003,38,2
30004,1,2
30004,2,1
30004,15,2
30005,9,3
30005,6,1
30006,5,2
30006,18,1
30007,7,3
30007,29,1
30007,38,1
30007,23,2
30008,36,3
30008,10,1
30008,22,1
30008,8,2
30009,4,3
30009,29,3
30010,11,3
30011,11,2
30011,31,3
30012,14,3
30012,22,2
30012,24,1
30012,21,3
30013,25,2
30014,12,2
30015,5,2
30015,14,1
30016,35,2
30016,19,3
30017,21,3
30017,19,1
30017,18,3
30018,37,2
30018,5,1
30018,3,1
30018,6,1
30019,22,2
30020,18,3
30020,21,1
30021,14,3
30021,20,1
30021,21,2
30021,23,1
30022,4,2
30022,0,1
30022,22,1
30023,10,3
30024,1,3
30024,11,1
30024,4,3
30024,34,1
30025,11,2
30025,0,1
30026,22,3
30026,30,3
30026,17,3
30027,32,1
30027,33,1
30027,31,2
30028,28,1
30028,0,1
30028,2,2
30029,5,2
30029,16,1
30030,7,1
30031,30,2
30031,1,2
30032,30,2
30032,34,1
30032,31,1
30033,23,2
30033,19,2
30034,18,2
30034,10,3
30035,29,2
30036,6,2
30036,13,3
30036,5,1
30037,5,2
30037,31,1
30038,33,2
30038,4,1
30038,30,3
30038,19,2
30039,20,2
30039,14,3
30039,15,2
30039,3,3
30040,9,3
30040,8,2
30041,37,2
30041,28,3
30042,20,3
30042,1,3
30042,18,3
30042,21,2
30043,16,3
30043,36,3
30043,19,2
30044,0,2
30044,31,2
30045,34,1
30045,30,3
30046,25,3
30046,34,3
30046,38,1
30046,14,3
30047,20,1
30048,32,1
30049,16,2
30050,30,2
30050,8,2
30050,1,2
30051,6,1
30052,12,2
30052,6,2
30053,24,1
30053,7,3
30053,33,1
30054,28,1
30054,19,3
30054,34,1
30054,20,1
30055,18,2
30056,19,3
30056,16,1
30056,33,1
30056,13,3
30057,15,3
30057,9,2
30057,38,2
30058,28,1
30058,34,2
30058,3,2
30058,0,2
30059,35,3
30060,11,1
30060,20,2
30061,18,2
30061,20,3
30061,12,3
30062,22,2
30062,20,1
30062,34,1
30062,24,1
30063,20,1
30063,38,1
30063,32,1
30064,18,1
30065,5,3
30065,28,2
30065,9,1
30065,13,2
30066,24,3
30066,35,2
30066,25,2
30066,12,3
30067,13,3
30067,36,1
30068,28,1
30068,26,3
30068,3,2
30068,32,2
30069,29,1
30069,8,3
30070,37,2
30071,30,2
30071,12,2
30071,28,1
30071,2,2
30072,7,3
30072,12,3
30072,9,1
30072,10,3
30073,3,1
30073,10,1
30074,16,3
30075,38,3
30075,2,1
30075,25,2
30076,36,3
30076,28,1
30077,1,2
30077,23,2
30077,19,1
30077,14,3
30078,30,3
30078,25,2
30079,19,2
30080,33,1
30081,25,1
30082,31,1
30082,29,3
30082,36,1
30082,23,2
30083,21,2
30083,10,2
30083,15,3
30084,10,3
30084,12,1
30084,29,3
30085,8,2
30085,9,2
30085,24,3
30086,29,1
30086,33,1
30087,8,3
30087,22,3
30087,17,2
30088,18,2
30089,6,1
30089,24,2
30090,13,3
30091,16,1
30091,18,1
30091,27,2
30092,0,3
30092,4,3
30093,29,2
30093,10,1
30093,33,3
30093,8,2
30094,2,1
30094,1,1
30094,13,2
30095,29,1
30095,8,1
30096,21,1
30097,1,1
30097,7,2
30097,8,3
30098,26,2
30099,15,3
30099,22,1
30100,37,2
30100,10,3
30100,7,1
30101,18,3
30102,18,1
30102,2,1
30102,29,2
30103,27,1
30103,18,3
30103,7,2
30104,8,2
30104,3,3
30105,19,1
30105,0,3
30105,11,2
30106,11,3
30106,26,1
30107,9,2
30108,19,1
30108,15,1
30108,23,3
30109,31,2
30109,8,2
30110,37,2
30111,12,1
30111,22,1
30111,36,2
30111,14,2
30112,5,1
30112,8,3
30113,26,1
30113,16,1
30113,29,3
30113,25,2
30114,33,1
30114,20,3
30114,32,3
30115,22,1
30116,7,2
30117,28,2
30117,20,3
30118,34,3
30119,15,2
30119,31,1
30119,9,1
30120,7,1
30120,23,2
30120,14,2
30121,4,3
30121,35,1
30122,24,3
30123,35,2
30124,38,2
30124,35,3
30124,25,3
30125,32,1
30125,37,3
30125,34,1
30125,7,3
30126,4,1
30126,8,1
30126,18,1
30127,11,1
30127,31,3
30128,5,2
30128,23,1
30128,19,3
30129,12,1
30129,37,1
30129,19,2
30129,0,2
30130,31,2
30130,32,2
30131,37,3
30132,10,2
30132,11,3
30132,14,3
30132,0,3
30133,31,1
30133,10,1
30134,20,2
30135,25,1
30135,32,2
30136,29,1
30137,32,2
30138,23,1
30138,29,2
30139,33,2
30139,8,3
30139,35,1
30139,6,1
30140,38,3
30141,1,1
30141,21,2
30141,35,1
30141,10,1
30142,35,1
30143,7,3
30143,13,3
30143,26,2
30143,11,3
30144,10,3
30144,35,3
30144,26,3
30144,9,3
30145,19,1
30146,9,2
30146,37,3
30146,30,3
30147,34,3
30147,21,1
30148,24,3
30148,10,3
30148,31,2
30148,38,3
30149,12,1
30149,33,3
30150,10,1
30151,35,3
30151,27,3
30151,6,1
30152,15,2
30152,25,2
30152,26,3
30153,5,3
30153,35,1
30153,21,3
30154,11,2
30154,31,2
30154,28,3
30155,4,3
30155,17,1
30155,27,2
30155,20,2
30156,33,1
30156,37,3
30156,23,1
30156,15,1
30157,21,1
30157,5,2
30157,17,2
30157,19,3
30158,10,2
30159,34,2
30159,29,1
30159,38,3
30159,19,1
30160,37,3
30160,8,3
30161,12,2
30161,19,2
30161,36,1
30161,2,2
30162,3,2
30162,13,2
30163,0,2
30163,38,1
30163,16,1
30163,24,3
30164,9,2
30164,21,2
30164,16,3
30164,30,3
30165,2,1
30165,27,1
30165,0,2
30165,33,2
30166,13,3
30166,3,1
30167,5,1
30167,34,1
30167,10,1
30167,36,2
30168,17,2
30168,16,3
30168,11,1
30169,38,2
30169,3,2
30170,34,1
30170,6,3
30170,13,1
30170,30,1
30171,21,3
30171,28,1
30172,27,1
30173,23,2
30174,16,1
30174,26,1
30174,2,1
30175,5,1
30176,33,2
30177,12,3
30177,6,3
30177,13,1
30177,30,2
30178,36,2
30179,26,2
30179,29,3
30180,23,2
30180,22,1
30180,18,1
30180,36,3
30181,32,2
30182,33,2
30183,9,2
30183,19,2
30183,32,2
30184,30,3
30185,13,1
30185,0,1
30186,19,1
30186,26,2
30187,2,1
30187,7,3
30188,21,2
30188,5,3
30188,0,2
30189,22,3
30189,26,3
30189,15,2
30190,27,2
30190,32,2
30190,30,3
30191,32,3
30191,29,3
30191,24,3
30192,38,2
30192,25,1
30192,33,3
30192,28,2
30193,25,1
30194,26,1
30194,2,3
30194,0,3
30195,24,1
30195,18,2
30195,34,1
30196,24,1
30196,37,3
30197,6,1
30197,23,2
30198,14,1
30198,19,3
30199,28,1
30200,18,1
30200,21,2
30200,29,2
30201,2,3
30201,23,2
30201,19,3
30202,9,1
30202,38,2
30202,18,2
30203,30,3
30204,11,2
30204,27,3
30204,7,2
30205,37,1
30205,19,1
30205,3,1
30206,35,1
30206,27,1
30207,7,1
30207,33,3
30207,36,1
30208,14,3
30208,25,1
30208,28,3
30208,6,1
30209,32,1
30209,25,2
30210,16,2
30210,7,3
30210,1,2
30211,28,3
30211,9,3
30211,0,2
30212,17,3
30213,35,2
30213,33,3
30214,26,1
30214,36,2
30214,8,3
30214,0,2
30215,11,3
30215,38,1
30216,18,1
30216,3,3
30217,6,2
30217,29,2
30217,30,2
30218,28,3
30218,14,2
30219,33,3
30219,20,2
30219,7,1
30219,4,1
30220,23,2
30220,25,2
30221,20,2
30221,5,3
30222,12,2
30223,2,3
30223,19,1
30223,14,1
30224,34,3
30224,33,1
30224,28,3
30225,3,1
30225,16,1
30225,20,1
30226,37,2
30227,4,2
30227,1,1
30227,18,3
30227,20,3
30228,25,1
30229,4,1
30229,12,3
30229,7,2
30230,27,2
30230,37,2
30231,19,3
30231,29,1
30231,8,3
30232,18,2
30232,33,2
30232,2,2
30233,15,1
30233,16,1
30233,23,1
30234,11,3
30234,12,3
30234,25,1
30235,35,2
30236,2,3
30236,30,1
30236,34,2
30237,36,2
30237,26,1
30238,21,1
30238,35,3
30239,29,2
30239,16,3
30240,6,2
30241,14,1
30241,26,2
30242,2,3
30243,25,2
30243,7,1
30243,23,2
30243,16,1
30244,33,2
30244,22,1
30244,20,2
30245,7,1
30245,30,2
30245,11,1
30245,1,1
30246,27,2
30246,36,2
30246,17,1
30246,8,3
30247,31,3
30247,16,1
30247,5,3
30248,35,3
30249,26,2
30249,24,1
30249,2,3
30250,32,2
30250,1,1
30251,14,1
30251,8,2
30251,38,3
30251,2,3
30252,8,2
30253,4,3
30253,27,1
30253,36,3
30253,14,1
30254,4,3
30254,28,1
30255,9,1
30256,17,2
30257,4,3
30258,16,2
30259,38,3
30259,21,3
30259,13,1
30259,9,2
30260,30,3
30260,3,3
30260,36,1
30260,1,3
30261,24,2
30261,6,3
30261,14,2
30261,9,3
30262,24,2
30263,17,1
30264,31,3
30264,16,1
30264,22,2
30264,1,3
30265,1,3
30265,3,2
30266,4,3
30266,9,2
30266,11,3
30266,26,1
30267,14,3
30268,19,1
30268,11,3
30268,4,3
30268,35,2
30269,9,2
30269,16,1
30269,22,3
30270,17,1
30270,34,1
30271,25,1
30272,17,3
30273,21,2
30273,35,1
30274,10,3
30274,23,2
30274,34,3
30274,21,1
30275,12,3
30275,10,3
30275,23,2
30275,18,1
30276,26,2
30276,6,3
30276,23,3
30276,20,2
30277,25,3
30278,23,1
30279,2,3
30279,35,2
30280,34,3
30280,25,1
30280,9,3
30280,15,1
30281,26,1
30281,2,2
30281,29,2
30282,7,2
30282,34,3
30282,25,3
30283,19,2
30283,29,1
30284,19,2
30284,7,2
30284,26,1
30284,14,3
30285,36,3
30285,34,1
30286,5,2
30286,9,3
30286,17,2
30286,4,3
30287,30,1
30287,36,3
30287,6,1
30287,34,2
30288,4,3
30288,18,2
30288,21,3
30289,37,1
30289,9,2
30290,1,2
30290,20,2
30291,38,2
30291,12,1
30291,17,2
30292,6,1
30292,27,3
30293,29,3
30293,28,2
30293,33,3
30294,15,2
30294,0,3
30294,35,2
30294,13,3
30295,6,3
30295,28,2
30295,33,2
30296,35,1
30297,38,1
30297,10,1
30298,15,2
30299,17,1
30299,8,2
30299,18,1
30300,31,3
30300,20,2
30300,1,3
30300,25,1
30301,15,1
30301,0,3
30301,9,2
30302,19,1
30302,37,2
30302,22,1
30303,1,3
30304,20,3
30304,24,2
30304,7,2
30305,35,3
30305,37,2
30305,19,1
30306,8,1
30306,6,2
30306,4,2
30306,21,3
30307,23,1
30307,37,1
30308,5,2
30309,25,3
30310,23,2
30310,2,2
30310,15,1
30311,38,1
30311,27,1
30311,24,3
30311,28,2
30312,0,3
30312,6,2
30312,18,2
30312,30,2
30313,31,3
30314,36,3
30314,0,3
30314,16,1
30314,34,2
30315,14,2
30315,20,3
30316,29,1
30316,30,3
30317,30,1
30317,19,3
30317,12,2
30317,37,2
30318,11,2
30318,5,2
30318,27,2
30318,35,1
30319,21,3
30320,36,3
30320,17,3
30320,33,1
30320,19,3
30321,27,1
30321,19,3
30321,36,3
30321,10,3
30322,16,1
30322,37,3
30323,25,3
30323,27,3
30323,11,3
30323,24,3
30324,9,3
30325,10,3
30325,22,1
30326,3,2
30327,5,3
30327,38,1
30328,27,1
30328,36,2
30328,18,1
30328,35,3
30329,30,3
30329,9,3
30330,11,1
30330,14,3
30330,33,3
30330,31,2
30331,20,3
30331,22,2
30331,10,3
30332,10,3
30332,26,3
30333,34,1
30333,8,2
30334,7,2
30334,6,3
30334,13,1
30334,35,3
30335,31,2
30336,38,1
30336,4,1
30336,12,1
30336,24,3
30337,7,2
30338,8,3
30338,11,1
30339,29,3
30339,27,3
30340,16,2
30340,0,2
30341,3,2
30341,25,1
30341,4,2
30341,36,1
30342,31,3
30342,12,1
30342,4,1
30342,18,1
30343,12,1
30344,6,2
30344,32,1
30345,35,1
30345,24,3
30345,33,3
30346,27,1
30346,29,3
30346,21,2
30347,0,2
30347,3,1
30348,4,2
30348,36,2
30348,8,2
30349,17,1
30349,3,3
30349,0,1
30350,34,2
30350,15,1
30351,23,2
30351,25,3
30352,19,3
30353,1,3
30353,31,1
30353,0,2
30354,5,1
30354,30,3
30355,23,1
30355,30,2
30355,10,3
30355,4,3
30356,3,3
30356,14,2
30357,13,1
30358,18,1
30358,12,3
30358,3,2
30358,14,2
30359,33,3
30359,36,3
30360,15,3
30361,17,2
30361,8,2
30361,13,1
30361,23,3
30362,24,2
30362,4,3
30363,15,2
30363,1,3
30363,17,1
30363,5,2
30364,32,2
30365,5,3
30365,8,1
30366,23,1
30366,7,3
30367,9,3
30368,4,3
30368,10,3
30369,8,3
30370,1,3
30370,15,1
30371,27,1
30371,32,3
30372,5,1
30372,24,3
30372,21,1
30373,0,3
30373,6,3
30373,20,2
30373,34,2
30374,4,3
30375,27,2
30375,32,1
30375,6,1
30375,34,1
30376,2,1
30376,17,1
30376,16,3
30376,15,3
30377,4,1
30378,23,3
30378,29,2
30379,12,1
30380,10,3
30381,31,3
30381,9,1
30381,15,3
30382,5,2
30382,16,3
30383,16,2
30383,12,2
30384,18,1
30385,11,3
30386,29,1
30386,28,3
30387,11,2
30387,15,1
30388,29,1
30388,32,3
30388,8,1
30389,1,3
30390,32,3
30390,8,2
30390,29,1
30390,25,2
30391,35,3
30392,20,1
30393,17,2
30394,4,1
30394,12,3
30394,24,2
30395,9,2
30395,11,1
30396,38,1
30396,13,1
30396,21,2
30396,17,2
30397,13,1
30398,3,2
30398,13,1
30399,21,1
30399,8,1
30400,29,2
30401,2,3
30401,8,1
30401,36,1
30401,4,1
30402,12,3
30402,28,2
30402,17,1
30402,19,1
30403,26,3
30403,31,2
30403,33,1
30404,32,3
30404,29,1
30404,9,2
30405,7,2
30405,32,2
30405,4,3
30405,31,1
30406,7,1
30406,25,3
30407,10,1
30408,32,3
30409,24,1
30409,3,3
30410,19,1
30411,20,3
30412,15,3
30412,22,2
30412,9,3
30413,18,2
30413,2,1
30413,6,1
30413,3,2
30414,32,3
30414,38,3
30414,7,3
30414,30,2
30415,18,2
30415,38,2
30416,1,3
30416,37,1
30416,9,2
30417,11,3
30417,19,1
30417,18,2
30418,14,2
30419,19,1
30419,26,2
30420,16,2
30420,6,2
30420,12,1
30420,35,3
30421,28,1
30421,19,3
30421,0,1
30421,24,3
30422,10,2
30422,30,2
30422,19,2
30423,5,1
30423,3,3
30423,19,1
30423,31,1
30424,8,1
30424,16,3
30425,31,3
30425,35,1
30425,4,1
30426,18,2
30427,25,3
30427,30,2
30428,23,1
30429,20,2
30430,36,2
30430,26,1
30431,13,2
30432,21,1
30433,13,1
30433,2,3
30434,14,3
30434,10,3
30434,11,3
30434,2,2
30435,4,3
30435,8,2
30436,36,1
30437,13,2
30438,8,3
30438,23,1
30438,20,1
30438,6,1
30439,23,2
30439,11,2
30440,2,2
30441,3,3
30442,27,1
30442,37,1
30442,16,1
30442,18,3
30443,1,3
30443,22,3
30443,8,3
30443,31,1
30444,21,3
30445,3,2
30446,9,3
30446,17,1
30446,36,2
30447,29,3
30447,2,2
30447,33,2
30448,29,1
30448,15,1
30448,1,3
30449,19,2
30449,14,2
30449,26,3
30450,26,1
30451,5,2
30451,35,2
30451,17,1
30452,5,2
30452,13,2
30453,10,2
30453,12,2
30453,31,1
30454,7,3
30454,24,3
30454,20,1
30455,12,1
30455,16,2
30455,37,3
30455,1,3
30456,11,2
30456,5,2
30456,36,1
30457,29,1
30457,27,2
30458,16,3
30458,22,2
30458,0,1
30458,21,3
30459,9,1
30460,14,3
30460,36,2
30460,28,1
30461,21,1
30461,30,2
30461,26,1
30462,14,1
30463,1,1
30464,8,1
30464,2,2
30464,38,1
30465,32,3
30465,10,3
30466,28,2
30466,6,1
30467,17,3
30468,3,1
30468,6,1
30469,3,1
30470,4,1
30471,15,1
30471,11,1
30472,13,1
30473,16,2
30473,2,3
30473,37,2
30473,3,3
30474,10,3
30474,1,2
30474,38,3
30474,24,1
30475,27,2
30475,17,2
30475,0,2
30475,34,3
30476,24,3
30476,12,3
30477,6,1
30477,32,3
30477,34,3
30477,1,1
30478,16,2
30478,26,2
30478,31,1
30478,5,3
30479,22,3
30479,28,3
30480,35,1
30481,18,2
30481,36,3
30482,30,1
30483,7,3
30483,10,1
30483,14,1
30483,37,1
30484,25,2
30484,10,1
30484,38,1
30485,35,3
30485,25,1
30485,23,1
30485,4,3
30486,3,2
30486,17,3
30486,13,2
30486,26,3
30487,10,3
30487,17,2
30487,12,3
30487,14,2
30488,24,2
30488,23,2
30489,5,1
30490,9,3
30490,33,1
30490,22,2
30491,7,1
30491,5,3
30492,2,3
30492,6,3
30493,6,1
30493,5,1
30494,25,3
30494,28,1
30495,7,1
30495,19,3
30495,20,1
30496,33,2
30496,18,3
30496,8,3
30497,2,1
30497,14,3
30497,34,3
30498,35,3
30498,16,2
30499,5,3
30499,14,3
30500,37,2
30501,1,3
30502,24,3
30503,8,1
30503,31,3
30504,21,3
30504,8,1
30504,19,2
30504,26,3
30505,4,2
30505,9,2
30505,22,2
30505,34,3
30506,33,1
30506,2,2
30506,4,3
30506,1,2
30507,23,1
30507,16,1
30507,26,2
30507,10,3
30508,1,1
30508,22,3
30509,26,3
30509,34,2
30509,10,2
30509,27,1
30510,26,1
30510,14,2
30510,22,2
30510,5,2
30511,25,3
30511,31,1
30511,0,2
30512,15,3
30513,14,1
30513,16,2
30513,32,2
30513,11,2
30514,4,1
30514,7,3
30515,1,3
30516,0,3
30517,17,2
30517,20,2
30517,27,2
30517,14,2
30518,21,1
30518,6,3
30518,35,1
30518,18,3
30519,34,1
30519,12,1
30519,28,2
30519,8,2
30520,29,2
30520,25,2
30520,7,2
30521,26,3
30521,29,3
30521,8,3
30522,38,1
30522,4,2
30523,35,3
30523,11,3
30523,4,3
30524,23,1
30524,36,1
30525,10,2
30525,14,3
30525,17,2
30526,38,2
30526,4,2
30527,26,2
30527,10,3
30527,19,3
30528,12,2
30528,35,1
30529,32,1
30529,7,3
30529,13,2
30529,33,2
30530,33,1
30531,0,1
30531,22,3
30531,10,1
30531,6,2
30532,21,3
30532,12,2
30532,17,3
30532,18,2
30533,11,1
30533,29,2
30533,9,3
30534,28,1
30535,15,1
30535,2,1
30536,17,2
30536,21,3
30536,23,1
30537,33,1
30538,12,3
30539,32,1
30540,6,3
30540,20,3
30541,19,3
30542,13,1
30543,29,2
30543,5,3
30544,1,1
30545,30,1
30545,14,3
30545,37,1
30545,28,1
30546,28,2
30546,18,2
30546,5,2
30546,6,2
30547,24,3
30547,20,2
30547,33,1
30548,9,3
30548,14,3
30548,1,1
30549,38,2
30549,1,3
30549,14,1
30549,34,1
30550,15,3
30550,33,3
30550,23,2
30550,11,1
30551,13,1
30551,24,2
30551,33,2
30551,17,1
30552,30,3
30552,8,2
30553,32,3
30553,4,3
30553,37,3
30553,5,1
30554,8,1
30555,36,3
30555,3,2
30555,37,1
30555,16,2
30556,30,1
30556,25,1
30556,28,1
30557,30,1
30558,11,2
30558,17,3
30558,26,1
30558,35,3
30559,15,1
30559,18,3
30559,32,3
30560,11,3
30561,4,1
30562,15,3
30562,11,2
30562,34,1
30562,1,3
30563,37,3
30564,4,3
30564,11,2
30564,16,3
30565,33,2
30565,10,3
30565,16,2
30566,3,1
30566,33,3
30566,28,1
30566,34,1
30567,13,1
30568,29,2
30569,15,1
30569,33,3
30569,3,3
30569,35,1
30570,19,1
30571,0,2
30571,6,2
30571,2,2
30571,22,3
30572,35,3
30573,0,2
30573,3,1
30573,9,1
30574,21,2
30574,38,3
30574,1,1
30575,10,3
30575,1,2
30575,24,2
30575,33,3
30576,35,2
30576,14,1
30576,33,3
30576,31,1
30577,36,2
30577,24,3
30578,8,2
30579,29,1
30579,30,2
30579,20,2
30579,22,3
30580,17,3
30580,36,1
30580,18,1
30580,19,3
30581,15,3
30582,0,3
30582,8,2
30582,7,2
30583,6,3
30583,3,1
30583,10,2
30584,1,1
30584,37,2
30585,23,3
30585,38,1
30585,5,3
30586,11,2
30586,22,1
30586,33,3
30586,18,2
30587,38,1
30587,22,1
30587,9,3
30587,26,2
30588,16,3
30588,19,1
30588,7,1
30588,18,1
30589,27,2
30589,28,3
30589,34,2
30590,25,1
30590,21,3
30590,16,2
30591,15,3
30591,11,2
30592,0,1
30592,4,2
30593,9,3
30594,25,2
30595,31,3
30596,15,2
30596,32,1
30597,7,1
30598,20,3
30598,28,3
30599,22,2
30599,15,3
30599,20,1
30600,12,2
30600,10,3
30601,10,3
30602,12,1
30603,35,3
30604,20,1
30605,20,1
30605,29,2
30605,21,1
30605,18,2
30606,2,3
30607,36,3
30607,2,3
30608,33,3
30608,16,3
30608,27,2
30608,7,3
30609,6,2
30609,24,1
30610,25,2
30610,21,1
30611,10,3
30611,36,1
30611,1,2
30611,11,3
30612,21,3
30612,26,2
30613,21,2
30613,3,2
30613,4,3
30614,30,2
30615,20,1
30615,15,3
30615,2,1
30616,13,2
30616,1,3
30616,7,1
30617,15,2
30617,1,2
30617,10,3
30617,36,1
30618,19,3
30618,27,3
30619,21,3
30620,12,2
30620,3,1
30620,29,2
30620,21,1
30621,30,3
30622,11,1
30623,0,2
30623,11,1
30624,34,2
30624,7,1
30624,23,1
30625,2,3
30625,6,3
30625,7,2
30626,21,1
30626,34,1
30627,23,1
30628,16,3
30628,0,2
30628,8,1
30629,9,3
30629,17,1
30629,13,2
30630,6,2
30630,3,1
30630,27,3
30631,28,1
30631,30,1
30631,3,3
30632,3,3
30632,29,1
30633,12,3
30633,3,1
30633,5,1
30633,1,2
30634,8,2
30634,30,1
30634,15,1
30635,3,2
30635,19,1
30635,27,2
30635,1,2
30636,8,3
30636,28,2
30637,31,2
30637,37,2
30637,2,1
30637,32,1
30638,27,3
30639,16,1
30639,31,2
30639,4,1
30639,5,2
30640,27,1
30640,34,1
30640,2,3
30640,12,2
30641,35,3
30641,8,3
30641,26,1
30642,21,1
30642,3,2
30642,35,3
30642,23,1
30643,28,1
30643,11,1
30643,22,1
30644,38,1
30644,4,3
30644,27,2
30645,0,1
30646,33,3
30647,4,3
30648,13,1
30648,38,2
30648,2,1
30649,26,1
30649,37,2
30649,1,1
30649,23,1
30650,16,1
30650,20,1
30651,29,2
30651,34,2
30652,10,1
30652,12,3
30652,30,2
30653,34,3
30653,28,1
30653,21,2
30653,15,2
30654,19,1
30654,25,2
30654,8,3
30655,6,1
30655,13,2
30656,1,3
30656,24,3
30656,9,1
30657,4,1
30658,8,3
30658,7,2
30658,34,1
30658,13,3
30659,2,1
30659,22,2
30660,37,3
30660,3,2
30660,4,3
30660,13,1
30661,9,1
30662,37,1
30663,5,1
30663,11,1
30663,13,1
30664,1,2
30664,15,1
30664,18,1
30665,19,3
30666,9,1
30666,25,2
30667,21,1
30668,0,3
30668,10,1
30668,34,3
30669,27,1
30670,15,3
30670,9,3
30670,31,1
30670,3,3
30671,5,3
30671,27,2
30671,26,3
30672,32,1
30673,34,3
30674,11,3
30674,1,3
30675,3,1
30675,33,3
30675,4,3
30676,7,2
30676,0,2
30676,14,2
30677,35,1
30678,36,3
30679,23,2
30679,0,1
30680,12,2
30681,3,1
30681,14,1
30681,6,2
30682,25,2
30682,10,1
30682,4,2
30683,4,1
30683,9,1
30683,19,3
30683,38,1
30684,33,1
30684,32,1
30685,9,3
30686,1,3
30686,13,1
30686,18,1
30687,23,2
30687,9,2
30687,34,1
30688,32,3
30688,27,1
30688,0,3
30688,11,2
30689,0,1
30689,27,3
30689,4,3
30690,10,1
30690,2,3
30690,28,2
30690,5,2
30691,15,1
30691,34,2
30691,24,2
30691,9,3
30692,4,2
30693,37,3
30693,23,2
30693,24,1
30693,11,3
30694,19,1
30695,8,2
30695,25,1
30696,28,1
30697,21,2
30697,6,2
30698,13,2
30698,16,2
30698,7,3
30699,34,1
30699,17,3
30699,9,3
30700,35,1
30700,10,1
30700,8,2
30700,6,3
30701,25,3
30701,23,2
30701,30,2
30702,27,3
30702,21,3
30702,8,1
30703,4,1
30703,35,1
30703,11,2
30703,8,3
30704,10,2
30705,33,1
30705,9,2
30706,21,2
30707,28,1
30708,13,3
30708,26,1
30708,28,1
30708,15,2
30709,8,1
30709,21,3
30709,29,1
30709,3,3
30710,32,3
30710,13,3
30711,26,3
30711,15,1
30711,38,1
30712,11,1
30712,24,2
30712,33,2
30713,33,1
30713,25,2
30713,7,2
30714,29,1
30715,10,1
30715,4,1
30715,5,1
30715,37,1
30716,10,2
30716,18,3
30717,5,1
30717,11,3
30717,26,1
30718,7,2
30718,2,1
30718,17,3
30718,8,2
30719,25,2
30719,15,1
30719,12,1
30720,12,1
30720,8,1
30721,15,3
30722,29,1
30722,11,2
30722,26,2
30723,38,1
30724,30,1
30725,25,3
30725,8,3
30726,25,3
30726,37,3
30726,34,3
30726,17,2
30727,3,3
30727,16,3
30727,15,2
30728,19,2
30728,7,2
30728,1,2
30729,3,3
30729,31,1
30729,25,3
30730,18,1
30730,6,3
30730,10,2
30731,18,3
30731,20,2
30731,22,1
30731,26,2
30732,6,1
30732,34,1
30733,20,2
30733,32,1
30734,27,2
30734,24,2
30735,37,2
30736,16,3
30737,9,3
30737,1,1
30738,25,1
30738,1,1
30738,27,2
30738,38,1
30739,22,1
30739,1,2
30739,29,1
30740,32,2
30740,23,2
30740,26,2
30740,8,1
30741,19,2
30741,18,1
30741,32,2
30741,28,2
30742,13,2
30742,2,2
30742,0,2
30743,30,3
30743,26,2
30744,2,3
30745,21,3
30745,38,1
30746,27,1
30746,1,3
30747,19,3
30747,13,2
30748,3,3
30748,30,1
30749,5,2
30750,16,1
30750,20,1
30751,12,2
30751,21,1
30751,28,1
30752,28,2
30753,31,2
30753,20,1
30753,33,1
30754,35,1
30754,28,1
30754,31,3
30754,19,1
30755,3,1
30756,31,2
30756,15,3
30756,32,2
30757,23,3
30757,11,3
30758,23,2
30758,30,1
30758,27,1
30758,36,1
30759,3,1
30759,14,3
30759,18,1
30760,2,1
30760,10,1
30760,22,2
30761,29,1
30761,33,1
30762,17,2
30762,0,3
30762,7,1
30763,35,2
30763,30,1
30763,18,1
30763,38,1
30764,2,3
30765,20,1
30766,26,1
30766,21,2
30766,18,1
30766,36,1
30767,33,2
30767,26,1
30767,11,3
30768,16,1
30769,20,1
30769,27,2
30769,19,3
30770,28,1
30770,35,2
30771,27,2
30771,18,1
30771,15,1
30772,35,3
30773,29,2
30773,8,2
30773,2,2
30773,33,1
30774,23,3
30775,27,3
30776,32,2
30776,21,2
30776,35,1
30776,0,3
30777,33,2
30777,31,1
30777,29,3
30777,21,1
30778,4,3
30778,12,3
30779,17,1
30779,8,3
30780,30,1
30780,23,3
30781,23,3
30781,19,2
30781,1,2
30781,5,2
30782,9,1
30782,33,3
30782,34,3
30783,32,3
30783,10,1
30783,1,1
30784,36,1
30784,14,3
30784,13,3
30784,2,1
30785,24,1
30786,3,1
30786,30,2
30786,14,2
30787,6,3
30787,7,2
30787,5,3
30788,16,1
30788,10,1
30789,7,3
30789,16,2
30789,32,2
30789,33,2
30790,37,3
30791,14,1
30792,32,3
30793,26,2
30794,6,3
30795,9,1
30795,17,1
30796,13,1
30796,11,2
30796,3,1
30796,35,3
30797,28,2
30798,38,3
30798,31,3
30798,13,1
30798,23,3
30799,0,3
30799,12,1
30799,9,2
30799,16,3
30800,2,3
30800,4,1
30800,19,3
30801,26,1
30801,7,3
30801,5,1
30802,9,2
30802,24,3
30803,6,1
30803,14,2
30803,24,1
30804,12,3
30805,0,1
30805,29,3
30806,3,1
30807,23,3
30807,8,3
30807,6,1
30808,29,2
30808,17,2
30808,8,2
30809,28,1
30809,22,2
30809,26,1
30810,36,1
30811,29,1
30812,15,1
30812,16,3
30812,7,1
30813,36,1
30813,6,2
30814,35,3
30814,6,2
30814,33,2
30815,15,1
30815,22,2
30815,28,1
30816,23,2
30816,13,2
30816,19,3
30816,29,3
30817,11,3
30817,26,1
30817,38,3
30818,4,2
30818,38,3
30819,28,3
30820,2,3
30820,16,1
30820,35,1
30821,9,1
30821,7,2
30821,4,3
30822,35,1
30823,27,3
30823,1,2
30824,0,2
30825,16,3
30826,4,2
30826,31,2
30827,2,3
30827,1,3
30828,17,3
30828,25,1
30829,2,2
30829,28,3
30829,26,2
30829,1,1
30830,3,2
30830,10,2
30830,22,1
30830,15,1
30831,10,3
30832,28,2
30832,35,1
30833,26,3
30833,10,1
30834,9,3
30834,38,1
30834,7,2
30835,7,1
30835,22,2
30835,12,3
30835,27,2
30836,27,3
30836,1,3
30837,33,1
30837,30,1
30837,35,3
30838,9,3
30839,11,3
30839,15,3
30839,28,2
30839,29,2
30840,9,1
30840,16,2
30840,5,1
30841,20,1
30841,23,2
30841,35,2
30842,1,2
30842,37,3
30842,36,3
30842,16,2
30843,21,1
30844,14,3
30844,10,2
30845,32,1
30845,13,2
30845,16,1
30846,35,3
30846,13,1
30846,21,1
30847,11,1
30848,7,1
30848,1,3
30848,16,2
30848,4,3
30849,31,2
30849,2,3
30850,36,3
30850,1,1
30850,25,3
30851,25,1
30851,6,2
30852,23,3
30852,15,2
30852,21,3
30853,25,3
30853,37,2
30853,20,3
30853,8,2
30854,35,1
30855,2,3
30856,19,3
30857,8,2
30857,23,1
30857,18,1
30858,26,1
30858,0,1
30858,8,3
30859,24,3
30859,35,3
30859,27,2
30860,18,2
30860,23,1
30860,37,3
30860,24,3
30861,36,1
30861,10,3
30861,3,2
30862,11,3
30862,23,1
30862,8,2
30862,32,3
30863,2,1
30863,24,3
30864,7,2
30864,34,1
30864,9,1
30865,14,3
30865,23,1
30865,10,2
30866,12,3
30866,22,2
30866,18,1
30866,20,2
30867,13,3
30867,10,2
30868,7,1
30868,27,2
30868,20,2
30869,37,1
30869,9,1
30870,23,2
30870,27,2
30871,32,3
30872,9,2
30872,21,2
30872,37,2
30873,34,2
30873,26,3
30873,38,1
30874,2,2
30874,14,1
30875,38,3
30875,4,1
30876,33,3
30877,2,1
30878,18,3
30878,14,1
30878,4,1
30878,17,3
30879,3,1
30879,28,3
30880,11,1
30880,32,3
30881,0,1
30881,29,2
30882,31,3
30882,16,1
30883,18,2
30883,28,1
30883,17,3
30883,24,1
30884,26,3
30884,18,2
30884,24,3
30885,32,3
30885,31,3
30885,30,3
30886,36,2
30887,21,3
30887,32,1
30887,16,3
30888,8,1
30888,9,2
30888,37,2
30888,24,1
30889,23,3
30890,0,2
30890,17,2
30890,36,2
30890,37,3
30891,14,3
30891,19,3
30891,24,3
30892,12,1
30892,34,3
30893,17,1
30893,24,1
30894,18,1
30895,34,1
30896,25,3
30897,35,3
30897,1,1
30897,21,1
30898,22,2
30899,37,3
30899,31,2
30899,35,3
30900,13,2
30900,12,1
30900,21,3
30900,9,1
30901,38,1
30902,32,2
30902,31,3
30902,34,2
30903,24,2
30903,10,2
30904,12,3
30905,0,3
30905,13,3
30905,18,3
30906,34,1
30907,23,2
30907,7,2
30908,5,1
30908,16,1
30909,8,1
30909,2,2
30910,19,1
30910,0,2
30910,37,2
30911,1,2
30911,23,1
30911,22,2
30911,8,1
30912,18,3
30912,26,3
30912,17,2
30912,33,1
30913,37,1
30914,18,2
30915,10,1
30915,27,1
30915,35,3
30916,26,2
30916,22,1
30916,10,1
30916,16,3
30917,32,1
30918,11,3
30918,27,2
30919,21,1
30919,23,2
30919,38,1
30920,9,2
30921,19,1
30921,11,2
30921,20,2
30921,6,1
30922,16,2
30922,21,3
30922,38,3
30922,3,1
30923,6,1
30923,27,2
30923,12,3
30923,18,3
30924,30,2
30924,8,3
30925,27,2
30925,31,1
30925,32,2
30925,33,1
30926,30,2
30926,24,1
30927,16,2
30927,22,3
30927,2,1
30928,24,2
30928,38,3
30928,36,1
30928,16,2
30929,29,2
30929,33,3
30929,32,1
30929,22,1
30930,4,1
30931,11,2
30931,23,2
30931,4,2
30932,19,1
30932,34,3
30933,20,1
30933,36,3
30933,38,1
30933,10,3
30934,22,3
30935,31,3
30936,20,1
30937,5,1
30937,35,2
30937,25,3
30937,21,2
30938,14,1
30938,7,2
30938,12,1
30938,2,1
30939,19,3
30939,17,3
30939,1,2
30940,10,3
30940,15,2
30941,7,1
30942,20,3
30942,28,1
30942,19,1
30943,29,1
30943,33,1
30943,32,1
30943,30,3
30944,14,2
30944,18,1
30944,5,2
30944,28,3
30945,15,3
30945,34,1
30945,9,2
30945,31,2
30946,37,3
30946,24,1
30946,20,2
30946,0,1
30947,22,1
30947,20,2
30947,6,2
30948,0,1
30949,29,3
30949,28,2
30950,11,3
30950,2,2
30950,32,3
30951,16,3
30951,20,2
30952,38,1
30952,23,1
30952,37,1
30952,5,1
30953,6,1
30953,35,2
30953,5,3
30954,7,2
30954,37,2
30954,6,1
30955,17,3
30956,26,2
30957,36,2
30957,12,1
30957,9,1
30958,28,2
30958,29,3
30958,10,1
30958,38,3
30959,29,3
30960,24,2
30960,7,2
30960,22,1
30961,10,1
30961,28,3
30962,4,2
30962,37,3
30962,16,2
30962,6,2
30963,14,1
30963,18,3
30963,26,3
30964,12,1
30965,34,3
30965,6,2
30966,7,2
30967,25,2
30967,9,3
30967,1,1
30967,29,1
30968,37,1
30968,38,3
30968,25,2
30968,22,2
30969,29,3
30969,24,2
30969,26,2
30969,22,2
30970,13,1
30970,3,2
30970,10,3
30971,27,3
30971,17,1
30972,33,3
30972,38,2
30972,20,1
30973,10,3
30973,12,1
30973,23,2
30973,14,1
30974,5,1
30974,32,1
30974,27,3
30974,11,1
30975,33,3
30975,9,1
30975,12,1
30976,4,1
30976,23,1
30977,35,2
30977,18,1
30978,10,1
30978,11,1
30978,18,1
30979,20,3
30979,15,3
30980,37,1
30980,7,2
30980,14,3
30981,31,3
30982,16,1
30982,21,3
30982,29,3
30982,27,2
30983,4,3
30984,16,2
30984,31,1
30984,25,1
30985,9,3
30985,4,2
30985,35,3
30986,13,3
30986,6,2
30986,32,1
30986,18,3
30987,24,2
30987,27,1
30987,6,1
30987,15,2
30988,28,2
30988,0,1
30988,29,3
30989,22,3
30989,18,3
30989,6,2
30989,14,3
30990,16,1
30990,27,3
30990,0,3
30990,15,2
30991,20,3
30991,5,1
30991,25,1
30991,34,3
30992,9,1
30992,10,2
30992,27,2
30993,7,2
30993,18,1
30994,3,3
30994,28,2
30994,2,2
30994,33,2
30995,33,3
30995,21,2
30995,14,1
30995,17,2
30996,14,1
30996,29,1
30996,15,1
30996,8,3
30997,20,3
30998,11,2
30998,36,3
30999,14,3
30999,0,2
31000,2,3
31000,35,2
31001,14,1
31002,28,1
31002,16,1
31002,5,2
31003,23,2
31004,25,1
31004,29,2
31005,7,3
31005,23,1
31005,4,1
31006,6,2
31006,32,2
31007,16,3
31007,18,1
31007,27,2
31008,25,1
31008,36,3
31008,9,1
31009,14,2
31009,16,1
31010,3,1
31011,9,1
31011,25,1
31011,38,1
31011,2,2
31012,20,1
31012,5,3
31013,29,2
31014,16,2
31014,17,2
31014,22,3
31015,3,2
31015,8,2
31016,28,2
31016,23,1
31016,21,3
31016,32,3
31017,19,1
31018,19,3
31019,10,2
31019,5,1
31019,3,2
31020,30,3
31020,8,3
31020,14,2
31020,4,2
31021,1,1
31021,8,1
31021,32,1
31021,19,1
31022,25,2
31022,5,2
31022,14,3
31023,17,2
31023,37,2
31023,31,2
31024,23,2
31024,25,2
31025,25,3
31026,25,3
31026,15,1
31026,5,3
31027,22,2
31028,24,1
31028,15,2
31028,27,1
31029,22,1
31030,27,2
31030,11,3
31030,30,2
31030,0,2
31031,4,2
31031,17,1
31031,32,2
31032,8,3
31032,12,2
31032,30,2
31033,12,1
31033,19,2
31033,0,2
31034,17,1
31034,32,2
31034,30,3
31034,4,2
31035,16,3
31035,28,3
31036,4,3
31036,31,1
31037,18,1
31037,11,3
31037,36,2
31037,38,3
31038,18,3
31038,38,3
31038,20,1
31038,3,2
31039,34,3
31039,1,3
31039,20,3
31039,22,1
31040,25,3
31040,10,1
31040,2,2
31040,14,2
31041,10,3
31042,25,3
31043,12,2
31043,5,1
31043,21,2
31043,24,1
31044,14,1
31045,31,3
31045,10,3
31046,37,3
31047,32,3
31047,15,3
31047,1,2
31047,17,3
31048,5,3
31048,3,3
31049,19,2
31049,29,3
31049,27,3
31050,35,2
31050,32,2
31050,34,1
31051,38,2
31052,26,3
31052,37,3
31052,14,3
31053,18,1
31053,8,3
31053,37,2
31053,24,2
31054,16,1
31054,11,3
31054,24,1
31054,5,2
31055,28,3
31056,24,2
31056,28,2
31057,3,1
31057,5,3
31058,5,2
31058,13,3
31058,6,2
31058,23,2
31059,30,1
31059,34,1
31060,14,3
31060,25,3
31060,6,2
31061,17,3
31062,19,2
31062,33,2
31062,24,3
31062,21,3
31063,12,2
31064,8,3
31065,23,3
31065,3,1
31066,7,3
31066,19,1
31066,33,2
31067,11,1
31067,37,3
31067,19,3
31067,33,2
31068,2,2
31068,3,2
31069,13,3
31069,27,3
31069,5,3
31070,15,2
31070,30,1
31071,36,2
31072,33,3
31072,29,1
31072,27,1
31073,15,3
31073,18,3
31073,0,3
31073,4,2
31074,12,1
31074,35,3
31074,36,1
31075,26,3
31076,7,3
31076,25,2
31076,29,2
31076,15,3
31077,10,2
31077,24,3
31077,38,1
31078,33,2
31078,3,1
31078,4,1
31079,35,2
31079,5,2
31079,13,1
31080,37,1
31080,38,3
31081,13,1
31082,31,2
31082,2,1
31082,0,2
31083,2,1
31083,9,3
31084,31,2
31085,7,2
31085,23,2
31085,12,1
31085,4,1
31086,37,1
31087,27,1
31088,38,2
31088,31,2
31089,30,2
31089,11,2
31089,35,3
31090,13,1
31090,34,3
31091,38,3
31091,25,1
31091,14,3
31092,38,1
31092,30,2
31092,33,3
31092,27,2
31093,2,2
31093,10,1
31093,33,3
31094,11,1
31094,38,1
31095,3,1
31095,23,3
31096,15,1
31096,26,2
31096,10,2
31096,30,2
31097,25,2
31097,32,3
31097,10,2
31097,3,2
31098,31,2
31098,5,1
31098,29,3
31098,22,2
31099,27,2
31099,14,1
31099,31,2
31100,18,3
31101,37,3
31102,33,2
31103,22,3
31104,14,1
31105,21,1
31106,10,3
31106,7,3
31106,32,1
31106,4,1
31107,8,3
31107,33,1
31107,25,3
31108,1,1
31108,17,2
31108,11,1
31108,29,3
31109,31,1
31109,0,2
31109,34,1
31109,22,3
31110,19,3
31110,27,3
31111,2,3
31111,0,3
31112,15,2
31112,4,2
31112,8,2
31112,17,3
31113,5,2
31113,10,2
31113,30,1
31114,25,2
31114,30,2
31114,38,3
31115,4,1
31115,23,3
31115,35,1
31115,1,3
31116,15,2
31117,33,3
31117,31,1
31117,26,2
31117,37,1
31118,7,2
31118,2,2
31119,1,2
31120,17,1
31121,20,1
31122,25,2
31122,24,1
31122,36,3
31122,34,1
31123,3,1
31124,29,2
31124,10,1
31125,26,3
31126,23,3
31127,5,1
31127,10,3
31127,14,3
31127,8,2
31128,16,2
31128,4,2
31128,2,1
31128,33,2
31129,27,2
31129,7,1
31129,21,3
31129,25,3
31130,35,1
31131,20,2
31131,22,1
31132,14,3
31132,4,2
31132,32,2
31132,9,3
31133,17,1
31133,13,3
31134,1,2
31134,19,3
31134,2,3
31135,9,2
31135,11,1
31135,36,3
31136,13,2
31136,30,2
31136,2,2
31136,10,1
31137,22,3
31137,33,1
31138,16,1
31138,35,2
31139,23,1
31140,7,1
31141,24,1
31142,11,2
31142,7,3
31142,18,3
31142,1,3
31143,7,1
31143,25,1
31144,14,2
31145,36,3
31145,33,1
31146,33,3
31146,8,1
31146,26,1
31146,18,1
31147,4,1
31147,25,3
31148,25,3
31148,15,1
31149,16,3
31149,1,2
31149,38,2
31149,15,1
31150,19,2
31151,23,2
31152,5,3
31152,10,1
31153,17,2
31154,26,1
31155,5,3
31156,5,2
31157,21,3
31157,38,2
31157,32,1
31158,32,2
31158,36,3
31158,38,1
31158,17,2
31159,1,3
31160,35,2
31160,0,2
31160,37,2
31161,11,1
31161,18,3
31161,37,2
31161,35,1
31162,9,3
31162,35,3
31162,23,3
31162,25,3
31163,19,2
31163,38,2
31163,11,1
31163,37,3
31164,19,3
31164,38,3
31165,11,3
31166,17,1
31166,0,2
31167,1,3
31167,27,1
31167,32,3
31167,24,1
31168,37,3
31168,20,1
31168,29,1
31168,18,1
31169,24,3
31169,34,2
31169,30,2
31169,3,3
31170,34,3
31170,10,1
31171,7,1
31171,30,3
31171,21,3
31171,17,3
31172,19,3
31172,25,2
31172,31,1
31172,5,3
31173,11,3
31174,30,3
31174,17,2
31174,38,1
31175,1,1
31175,24,1
31176,24,3
31177,0,1
31178,12,2
31178,30,2
31178,37,1
31179,34,1
31179,27,1
31179,2,2
31180,17,3
31180,28,3
31180,19,2
31180,12,1
31181,14,3
31182,36,2
31182,35,3
31182,13,1
31182,38,1
31183,10,3
31183,27,2
31183,3,1
31183,4,2
31184,7,3
31184,2,1
31184,31,3
31184,36,2
31185,0,1
31185,21,2
31186,19,1
31187,33,2
31187,3,1
31187,28,1
31188,21,1
31188,17,2
31188,27,1
31188,13,3
31189,12,3
31189,7,1
31189,22,3
31190,13,1
31190,11,1
31191,3,2
31191,33,3
31191,19,1
31192,35,1
31192,17,3
31192,15,3
31193,13,2
31193,16,2
31193,11,3
31193,21,2
31194,33,2
31195,21,2
31195,3,2
31195,34,3
31195,30,2
31196,1,1
31196,14,1
31196,4,3
31197,20,3
31197,37,1
31197,16,3
31198,26,2
31198,29,3
31199,9,2
31199,16,1
31200,0,2
31200,4,3
31201,24,2
31201,15,2
31202,30,2
31202,19,2
31202,31,1
31203,23,3
31203,1,3
31203,30,2
31203,20,1
31204,18,2
31204,0,3
31204,33,3
31204,4,2
31205,24,1
31205,19,2
31206,26,3
31206,18,3
31207,26,3
31207,34,3
31207,7,2
31207,33,1
31208,31,3
31209,22,2
31209,1,1
31209,16,1
31210,8,2
31210,14,1
31210,17,1
31211,13,1
31211,9,2
31211,21,2
31211,8,2
31212,30,3
31213,12,3
31213,16,1
31213,1,1
31213,8,2
31214,36,3
31214,13,1
31214,19,3
31214,8,1
31215,17,2
31215,13,1
31215,10,1
31215,0,2
31216,38,2
31217,12,2
31217,26,2
31217,35,3
31218,24,2
31218,16,1
31219,30,3
31220,22,3
31220,38,1
31220,1,1
31221,26,3
31222,37,2
31222,29,2
31222,2,1
31223,28,1
31223,21,2
31224,3,1
31224,38,3
31224,19,1
31225,26,1
31226,35,3
31226,15,2
31226,20,2
31227,21,1
31227,4,3
31228,16,3
31228,4,1
31228,38,2
31229,6,1
31229,9,1
31229,30,2
31230,13,1
31230,17,1
31231,35,2
31231,13,2
31231,16,1
31231,18,3
31232,21,1
31232,13,1
31233,6,3
31233,36,2
31233,21,2
31233,31,2
31234,3,1
31234,25,1
31234,17,2
31234,14,2
31235,4,2
31236,33,3
31236,19,2
31236,38,3
31237,1,1
31237,9,3
31237,16,2
31237,28,2
31238,19,1
31238,27,1
31239,2,3
31240,24,3
31240,26,2
31240,29,3
31240,19,1
31241,5,1
31241,29,3
31241,9,2
31241,18,2
31242,32,2
31242,18,3
31243,32,2
31243,28,3
31243,36,2
31243,23,1
31244,21,2
31244,26,3
31245,29,3
31245,38,3
31246,9,2
31246,7,1
31247,19,2
31247,17,3
31248,3,3
31248,19,2
31249,28,1
31250,11,3
31250,28,1
31250,23,3
31251,30,3
31251,0,1
31251,33,3
31252,32,1
31252,18,3
31252,4,1
31252,14,2
31253,35,2
31254,32,2
31254,14,3
31254,30,2
31254,9,1
31255,35,1
31256,19,3
31256,30,2
31257,36,1
31258,27,2
31258,24,1
31258,12,3
31259,13,1
31259,8,2
31259,11,3
31260,0,2
31260,5,1
31260,19,3
31261,3,2
31261,18,1
31262,6,3
31262,9,3
31263,12,3
31263,3,1
31264,18,1
31265,33,1
31266,25,1
31266,8,2
31266,20,2
31267,26,1
31267,4,2
31268,28,1
31268,12,3
31269,34,2
31269,33,1
31269,0,3
31269,5,3
31270,8,2
31271,2,1
31271,12,1
31272,29,1
31272,14,3
31273,37,2
31273,12,2
31273,24,2
31273,4,3
31274,25,2
31274,9,1
31275,25,3
31276,24,2
31276,27,1
31276,19,3
31276,17,3
31277,12,3
31277,34,3
31277,14,1
31278,22,2
31278,28,2
31279,21,2
31279,20,3
31279,26,3
31280,1,2
31280,17,2
31280,36,1
31281,2,3
31282,33,2
31283,2,2
31283,7,1
31284,32,2
31284,20,1
31284,9,2
31284,25,2
31285,11,3
31285,6,1
31286,23,2
31286,34,2
31287,24,3
31287,38,3
31287,2,3
31288,34,2
31288,36,2
31289,24,3
31289,2,1
31289,28,1
31289,7,2
31290,9,3
31290,6,2
31290,22,2
31291,2,1
31291,10,2
31292,29,2
31292,19,2
31292,17,2
31293,26,1
31293,17,2
31293,12,1
31294,33,1
31294,5,2
31295,2,3
31295,31,2
31295,28,3
31296,18,1
31296,1,1
31296,28,2
31297,25,1
31297,31,2
31297,14,2
31298,1,3
31298,7,2
31298,0,3
31299,1,3
31299,29,3
31300,32,2
31300,25,3
31300,4,2
31300,8,3
31301,28,2
31301,5,3
31302,4,2
31303,1,2
31303,13,1
31303,5,1
31303,36,1
31304,34,2
31304,16,2
31304,37,3
31304,33,3
31305,4,3
31305,6,3
31305,14,1
31306,25,2
31306,0,1
31306,10,2
31306,7,3
31307,38,1
31307,37,3
31307,7,3
31307,17,3
31308,38,3
31308,9,2
31308,14,3
31309,11,2
31309,38,1
31310,37,1
31311,29,3
31311,19,1
31311,1,2
31311,24,1
31312,30,3
31313,0,3
31314,33,3
31315,34,1
31315,10,3
31315,25,1
31315,5,2
31316,17,3
31316,19,1
31317,11,2
31318,27,2
31319,24,3
31319,15,1
31319,9,2
31320,5,1
31320,1,3
31320,21,3
31320,34,3
31321,28,3
31321,26,2
31321,19,2
31321,16,3
31322,27,2
31322,28,2
31323,25,3
31324,21,1
31324,19,1
31324,0,2
31325,32,2
31325,9,1
31325,18,3
31326,23,1
31327,16,3
31328,28,1
31328,8,3
31329,1,3
31329,11,1
31329,18,1
31329,33,3
31330,18,1
31331,6,3
31332,20,1
31333,35,1
31333,5,2
31333,12,2
31334,13,1
31334,10,2
31335,18,1
31335,32,1
31336,31,2
31336,4,2
31337,33,2
31337,7,1
31337,12,2
31337,2,3
31338,15,3
31339,28,2
31339,33,1
31339,19,3
31339,7,2
31340,29,1
31340,22,2
31340,26,2
31341,33,1
31341,31,1
31342,16,2
31343,36,3
31344,22,2
31344,2,2
31344,11,2
31344,6,2
31345,9,2
31345,24,2
31346,19,2
31347,28,3
31347,3,2
31347,7,3
31347,12,2
31348,17,1
31348,33,2
31348,26,3
31349,30,3
31349,7,3
31349,14,2
31349,15,3
31350,7,1
31350,15,2
31351,21,2
31351,10,3
31351,20,2
31352,15,2
31352,28,2
31353,31,1
31353,0,3
31354,14,2
31354,0,2
31355,4,3
31355,27,1
31355,18,2
31355,11,3
31356,26,1
31356,8,3
31356,22,2
31357,33,2
31357,6,3
31357,38,3
31358,16,3
31359,34,3
31360,15,2
31361,4,1
31362,16,3
31362,28,3
31363,35,2
31363,34,3
31363,31,1
31363,12,2
31364,0,1
31364,13,2
31364,9,2
31364,3,3
31365,17,1
31366,1,3
31366,2,1
31367,25,2
31368,21,2
31368,8,3
31369,32,3
31369,20,2
31369,38,1
31369,13,1
31370,27,3
31370,34,2
31371,27,3
31371,25,2
31371,8,3
31372,1,1
31372,11,2
31372,30,3
31373,29,3
31373,5,3
31374,8,2
31375,28,1
31376,29,2
31376,28,3
31377,0,1
31377,24,1
31378,35,2
31378,28,2
31378,27,2
31378,25,2
31379,6,2
31380,38,2
31380,16,2
31380,0,3
31380,14,3
31381,16,3
31381,9,2
31382,34,2
31382,37,1
31382,12,3
31382,28,3
31383,14,2
31384,26,2
31384,37,3
31384,7,1
31384,18,1
31385,30,2
31385,32,1
31385,18,1
31386,15,1
31386,20,1
31386,17,3
31387,25,1
31387,1,2
31387,31,1
31387,13,1
31388,31,2
31388,36,1
31389,10,3
31389,26,3
31389,6,3
31390,37,2
31391,22,1
31391,4,3
31391,7,3
31392,11,3
31392,21,1
31392,28,3
31392,12,2
31393,17,3
31393,29,1
31393,0,1
31393,20,1
31394,29,2
31394,20,2
31394,16,3
31394,12,2
31395,9,2
31395,3,2
31396,19,3
31396,31,3
31397,19,1
31397,28,3
31397,13,3
31397,26,2
31398,31,2
31399,0,3
31399,4,2
31399,26,2
31399,5,2
31400,7,2
31401,20,2
31401,13,2
31401,1,2
31401,15,2
31402,35,2
31402,33,2
31403,27,1
31404,21,2
31404,16,1
31405,16,3
31405,33,3
31405,21,1
31405,20,1
31406,28,3
31406,15,2
31407,35,2
31407,13,3
31408,23,1
31408,38,1
31409,16,2
31409,0,3
31409,11,3
31410,27,2
31411,35,1
31411,9,3
31411,3,1
31412,31,1
31413,6,2
31413,35,1
31414,8,1
31414,21,2
31414,32,1
31415,23,3
31415,7,3
31415,18,3
31416,8,3
31417,7,2
31417,32,2
31417,22,3
31417,10,1
31418,36,2
31418,16,2
31418,2,1
31419,19,3
31419,21,2
31419,16,2
31420,4,3
31420,30,3
31420,29,3
31420,12,2
31421,1,2
31421,36,2
31421,17,1
31421,22,1
31422,0,2
31423,8,2
31423,17,2
31423,22,1
31423,35,3
31424,38,2
31424,29,1
31424,14,1
31425,20,2
31426,13,1
31426,7,1
31426,30,3
31427,1,2
31427,27,2
31427,10,1
31427,28,2
31428,30,2
31428,28,3
31429,3,3
31429,4,1
31430,28,2
31431,24,2
31432,3,3
31432,11,1
31432,30,3
31432,38,2
31433,25,1
31433,35,3
31433,6,3
31433,33,1
31434,10,2
31434,31,1
31434,7,1
31435,29,3
31435,3,2
31436,1,1
31436,37,1
31436,27,3
31436,10,2
31437,19,3
31437,28,1
31438,17,1
31438,3,1
31438,13,2
31439,38,3
31439,24,2
31440,24,1
31440,4,3
31440,30,3
31441,14,2
31441,31,3
31441,21,1
31441,26,3
31442,22,1
31442,25,2
31442,17,3
31442,30,1
31443,33,3
31443,16,1
31444,6,3
31444,10,3
31444,12,1
31445,33,2
31446,35,3
31446,19,1
31446,10,3
31446,8,3
31447,19,1
31447,20,1
31447,38,3
31448,22,2
31448,5,3
31449,23,3
31450,32,3
31450,34,1
31450,36,3
31450,15,2
31451,28,2
31451,1,3
31451,5,1
31451,9,3
31452,33,3
31452,23,1
31453,15,1
31453,1,2
31453,0,2
31453,34,3
31454,22,2
31454,28,2
31454,32,3
31455,18,3
31456,9,3
31457,1,2
31458,15,2
31458,1,2
31458,27,3
31459,12,2
31459,22,2
31460,16,1
31460,26,2
31460,4,3
31460,31,1
31461,0,2
31462,37,3
31462,28,3
31463,14,2
31463,10,3
31464,35,1
31464,0,3
31464,21,2
31465,25,3
31465,32,3
31466,27,2
31466,36,1
31466,16,3
31467,2,2
31467,35,3
31467,9,3
31467,1,2
31468,0,3
31468,19,1
31468,28,1
31468,4,3
31469,36,1
31469,2,1
31470,28,1
31470,15,1
31471,27,2
31471,18,2
31471,13,2
31472,34,2
31472,29,3
31472,32,2
31472,22,2
31473,4,1
31473,5,2
31473,3,3
31474,16,1
31474,4,1
31475,13,1
31476,21,2
31476,15,1
31476,29,1
31476,5,1
31477,8,1
31478,32,1
31478,36,3
31479,0,3
31479,17,2
31480,21,2
31480,27,1
31480,1,1
31480,18,2
31481,32,2
31481,0,3
31481,30,1
31482,12,1
31483,16,2
31483,33,2
31483,5,3
31484,13,1
31485,31,1
31485,16,3
31485,11,3
31485,34,1
31486,6,2
31486,9,1
31486,24,3
31486,25,1
31487,38,1
31487,15,1
31487,32,2
31488,27,1
31488,6,3
31488,36,1
31488,31,2
31489,11,2
31489,34,3
31489,24,1
31490,19,1
31490,21,1
31490,30,2
31490,5,3
31491,37,2
31491,31,2
31491,10,2
31492,20,3
31492,24,2
31493,6,2
31493,4,3
31494,28,2
31494,10,2
31494,9,1
31495,28,2
31495,16,2
31495,30,2
31496,33,3
31496,16,1
31497,7,2
31497,0,2
31498,31,1
31498,0,1
31498,27,2
31498,9,1
31499,26,3
31499,22,3
31500,1,1
31500,22,2
31500,5,1
31500,3,1
31501,9,3
31501,14,1
31501,33,2
31502,29,2
31502,34,1
31503,24,3
31503,10,1
31504,32,1
31504,21,2
31504,35,2
31504,3,1
31505,31,1
31505,1,3
31505,37,1
31505,32,3
31506,35,3
31506,22,2
31507,33,1
31507,32,1
31508,20,3
31508,38,1
31508,22,3
31508,19,2
31509,36,2
31509,1,1
31510,10,3
31510,30,1
31511,4,1
31511,26,3
31512,20,2
31512,38,2
31513,4,1
31513,15,3
31514,10,1
31514,11,2
31514,23,2
31515,20,1
31515,26,2
31516,3,1
31516,6,2
31516,18,1
31516,0,2
31517,9,2
31517,33,1
31518,2,1
31518,16,2
31518,9,1
31518,12,2
31519,10,2
31520,29,1
31521,14,3
31521,13,2
31521,18,2
31521,9,3
31522,14,3
31523,31,3
31523,27,1
31524,20,2
31524,4,3
31525,20,3
31525,10,1
31525,27,3
31526,4,2
31526,0,1
31526,13,2
31527,34,3
31527,7,3
31528,4,2
31528,27,1
31528,23,2
31528,9,3
31529,6,2
31529,27,1
31529,38,2
31529,36,2
31530,8,2
31530,33,2
31530,26,1
31530,4,2
31531,4,2
31532,35,2
31532,11,3
31532,34,3
31532,2,2
31533,4,3
31533,33,1
31533,8,3
31533,16,2
31534,3,3
31534,18,3
31534,25,2
31535,30,1
31535,19,1
31535,3,1
31536,16,1
31536,35,1
31536,26,3
31537,25,3
31537,35,1
31537,4,2
31537,6,1
31538,21,3
31538,0,3
31538,29,2
31539,22,1
31539,1,2
31539,21,2
31539,11,1
31540,17,2
31540,25,1
31540,33,3
31541,21,1
31541,34,1
31541,13,2
31541,15,3
31542,26,3
31542,16,3
31542,7,3
31542,13,1
31543,17,2
31543,20,3
31543,32,3
31543,1,3
31544,7,2
31544,10,3
31544,3,1
31545,32,2
31546,37,3
31547,0,1
31548,26,2
31549,6,2
31549,32,1
31549,24,3
31549,10,2
31550,12,3
31550,0,2
31550,7,2
31550,8,2
31551,19,1
31551,25,1
31551,31,2
31551,16,3
31552,10,3
31552,27,1
31552,36,3
31552,15,3
31553,38,2
31553,1,1
31553,12,3
31554,29,1
31554,24,3
31555,14,3
31555,36,1
31555,21,3
31556,15,2
31556,7,2
31556,33,2
31556,16,1
31557,13,3
31558,12,2
31558,28,2
31558,10,3
31558,3,2
31559,17,2
31560,18,2
31560,24,1
31560,13,1
31561,21,2
31561,25,1
31561,35,2
31561,12,3
31562,14,1
31562,27,1
31562,20,1
31563,12,3
31563,16,1
31564,2,3
31564,13,3
31565,7,1
31565,12,1
31565,4,1
31566,17,2
31566,26,2
31566,38,3
31567,33,1
31568,14,1
31568,32,3
31569,17,1
31569,5,3
31569,15,2
31570,7,3
31571,4,1
31572,33,2
31572,5,2
31572,16,3
31572,29,2
31573,20,1
31574,20,2
31574,15,3
31574,22,1
31574,23,2
31575,11,1
31575,16,2
31576,27,1
31576,17,2
31576,0,3
31577,37,3
31578,5,3
31579,3,3
31580,2,1
31580,29,2
31581,23,2
31581,29,1
31581,17,2
31581,26,2
31582,27,2
31582,13,2
31582,8,2
31582,24,2
31583,30,2
31584,35,1
31584,8,2
31585,11,3
31585,13,1
31586,3,2
31586,24,2
31586,17,3
31587,28,1
31587,15,1
31587,29,1
31588,36,1
31589,18,3
31590,1,3
31590,20,2
31591,9,1
31591,8,2
31591,37,1
31591,31,2
31592,23,1
31593,27,1
31594,0,1
31595,25,3
31596,33,2
31596,18,1
31596,35,2
31597,16,2
31597,37,3
31598,26,1
31598,24,3
31598,9,3
31598,25,3
31599,34,2
31599,21,1
31599,14,3
31600,31,2
31600,15,1
31601,12,1
31601,15,2
31601,29,1
31601,6,1
31602,35,2
31602,23,3
31602,37,1
31602,33,3
31603,10,1
31603,9,3
31603,19,1
31603,23,1
31604,17,1
31604,25,2
31604,12,2
31604,32,3
31605,16,1
31605,36,1
31605,22,2
31606,4,2
31606,26,1
31606,29,3
31606,13,1
31607,38,2
31608,5,3
31608,16,1
31609,1,2
31610,33,2
31610,23,2
31611,23,2
31611,37,2
31612,30,3
31612,33,1
31612,28,1
31613,12,2
31613,26,2
31614,25,2
31614,30,2
31615,3,1
31616,36,1
31617,36,3
31617,0,3
31618,27,2
31618,16,1
31619,30,3
31619,29,3
31620,8,3
31620,22,1
31620,13,3
31620,38,2
31621,32,2
31621,2,1
31621,26,1
31621,3,2
31622,14,1
31622,8,3
31622,5,1
31623,18,1
31623,38,3
31624,27,1
31624,9,3
31624,15,3
31624,19,2
31625,24,3
31626,25,2
31627,29,1
31628,23,3
31628,24,2
31628,14,2
31629,13,3
31629,38,1
31629,35,3
31630,19,1
31631,6,2
31631,20,2
31631,2,2
31631,30,2
31632,28,3
31632,37,2
31633,24,2
31633,1,3
31634,32,3
31634,25,3
31634,28,1
31635,33,2
31635,0,1
31635,15,1
31635,38,2
31636,6,3
31636,32,2
31637,30,3
31638,27,2
31638,6,2
31638,1,3
31639,37,1
31640,30,1
31641,16,1
31641,12,3
31642,14,3
31642,27,2
31642,31,2
31642,17,1
31643,37,1
31643,0,1
31644,25,3
31645,34,1
31645,37,2
31645,25,1
31646,11,3
31646,27,1
31647,12,1
31648,19,2
31648,21,1
31649,19,3
31649,34,3
31650,22,1
31650,21,1
31650,19,3
31651,18,2
31651,21,1
31651,38,3
31651,35,3
31652,8,3
31652,32,2
31652,31,1
31652,24,1
31653,6,3
31653,33,1
31654,25,3
31654,12,3
31655,36,2
31656,14,1
31656,37,3
31656,9,1
31656,2,2
31657,31,3
31657,6,3
31657,15,3
31657,37,2
31658,31,3
31658,2,1
31658,25,3
31658,27,3
31659,24,3
31660,36,1
31660,24,1
31660,0,2
31661,19,3
31661,22,3
31661,0,3
31661,8,3
31662,9,3
31662,22,3
31662,5,1
31662,4,3
31663,32,3
31664,20,1
31664,24,1
31664,10,3
31665,1,2
31665,12,3
31666,19,3
31666,13,2
31666,25,2
31666,4,2
31667,14,2
31667,23,1
31667,6,1
31667,24,2
31668,0,2
31668,37,1
31669,18,1
31669,36,3
31669,5,3
31670,6,1
31670,32,2
31670,38,2
31670,19,2
31671,33,1
31671,13,1
31671,19,2
31672,3,1
31673,25,3
31674,29,2
31674,32,2
31675,25,2
31675,14,3
31675,29,3
31675,7,1
31676,11,2
31676,13,2
31676,34,1
31676,21,2
31677,18,3
31678,31,3
31678,38,1
31679,33,2
31679,16,3
31679,34,3
31679,31,1
31680,0,2
31680,11,3
31680,25,2
31681,0,1
31681,23,3
31681,15,1
31681,19,1
31682,23,2
31682,2,2
31682,6,2
31683,32,1
31684,22,2
31684,7,1
31684,24,3
31684,30,3
31685,16,3
31685,1,2
31685,32,3
31685,13,1
31686,9,1
31686,33,1
31686,25,2
31687,36,3
31688,38,3
31688,34,1
31689,29,3
31690,20,1
31690,22,2
31690,12,2
31691,14,3
31691,2,2
31691,5,2
31692,0,2
31693,38,1
31693,5,3
31693,24,3
31693,4,2
31694,30,2
31694,22,2
31694,28,1
31694,10,1
31695,5,1
31696,4,2
31696,19,2
31696,16,1
31696,14,1
31697,23,2
31697,4,2
31698,31,1
31698,19,1
31698,38,1
31698,2,1
31699,28,1
31700,14,1
31700,1,2
31701,10,3
31701,18,1
31702,14,2
31703,29,1
31703,33,1
31703,36,2
31703,32,3
31704,12,3
31705,38,3
31705,32,1
31705,18,3
31705,15,3
31706,28,3
31706,29,2
31706,22,3
31706,33,3
31707,14,1
31707,21,3
31707,1,2
31707,34,3
31708,37,3
31708,28,3
31708,1,2
31709,12,1
31709,9,1
31709,10,2
31709,33,1
31710,32,3
31710,12,1
31710,13,1
31710,21,2
31711,19,3
31711,0,2
31712,8,3
31712,1,2
31713,24,1
31714,10,1
31714,34,1
31714,27,2
31714,17,3
31715,21,3
31715,11,3
31715,1,2
31715,22,1
31716,29,1
31716,28,3
31717,23,2
31717,2,3
31718,20,3
31719,5,1
31719,16,2
31719,0,2
31720,38,3
31720,25,2
31721,26,2
31721,30,2
31721,0,2
31721,37,3
31722,15,1
31723,3,1
31723,18,1
31724,5,2
31724,21,1
31724,11,1
31724,17,2
31725,17,1
31725,6,1
31725,2,3
31726,22,2
31726,33,1
31726,24,2
31726,34,2
31727,22,3
31727,10,3
31727,23,1
31728,38,1
31728,0,3
31728,16,1
31728,6,2
31729,29,1
31729,18,2
31729,34,3
31730,18,2
31731,35,3
31731,5,2
31732,20,2
31733,35,3
31734,7,1
31734,2,3
31734,38,1
31735,17,1
31735,2,3
31736,26,2
31736,2,3
31736,23,2
31736,4,2
31737,11,3
31737,2,1
31737,29,2
31737,31,3
31738,2,1
31738,37,2
31739,3,2
31739,37,2
31740,20,2
31740,26,3
31740,12,2
31740,6,1
31741,29,2
31742,12,3
31742,9,2
31742,37,1
31743,15,2
31743,12,3
31743,20,3
31743,34,3
31744,28,1
31744,33,1
31744,12,1
31745,29,1
31745,37,2
31746,20,3
31746,19,3
31747,23,2
31747,5,1
31747,36,1
31748,36,2
31748,15,1
31748,30,2
31749,28,3
31750,12,1
31750,15,1
31750,10,3
31751,30,1
31751,20,2
31751,35,1
31752,28,2
31752,9,2
31752,22,2
31753,27,2
31753,13,2
31753,8,2
31753,14,1
31754,5,1
31754,21,1
31755,25,3
31755,11,3
31755,21,3
31755,4,1
31756,32,3
31757,3,2
31757,23,3
31757,15,1
31757,14,2
31758,22,2
31758,29,2
31759,30,3
31759,18,2
31760,30,3
31760,34,3
31760,19,2
31760,2,1
31761,31,3
31761,37,1
31762,17,1
31762,10,1
31762,36,2
31763,35,3
31763,11,2
31764,34,1
31765,1,1
31766,23,1
31767,16,1
31767,38,1
31768,33,3
31768,23,2
31768,7,3
31769,14,1
31769,7,1
31770,21,2
31771,37,2
31772,13,3
31772,0,1
31772,25,2
31773,30,1
31774,8,2
31774,22,1
31774,2,1
31774,21,3
31775,18,3
31775,35,2
31775,8,1
31775,34,1
31776,19,2
31776,9,2
31777,3,1
31777,2,1
31778,9,3
31778,17,2
31779,6,2
31779,30,2
31779,33,2
31780,2,3
31780,36,3
31780,14,3
31780,9,1
31781,38,2
31782,16,2
31782,26,3
31782,0,1
31783,35,3
31783,8,1
31783,1,3
31783,37,1
